0,1,2,3,4,5,6,7,8,9,10,11,12,13,14,15,16,17,18,19,20,21,22,23,24,25,26,27,28,29,30,31,32,33,34
2565,58,1,2058,4,5490,498,35,1466,17,2015,5491,40,53,1467,52,4,5492,1030,656,2566,0,0,0,0,0,0,0,0,0,0,0,0,0,0
2565,5493,419,5494,1054,1912,5495,341,5,5496,24,833,5497,2566,0,0,0,0,0,0,0,0,0,0,0,0,0,0,0,0,0,0,0,0,0
2565,49,1955,208,10,3,5498,5499,23,5500,5501,5502,9,10,11,367,5,2325,15,5,350,7,5503,2566,0,0,0,0,0,0,0,0,0,0,0
2565,5504,1746,141,5505,5506,253,103,1059,8,31,28,2566,0,0,0,0,0,0,0,0,0,0,0,0,0,0,0,0,0,0,0,0,0,0
2565,2338,41,2339,5,160,135,373,10,146,5507,2566,0,0,0,0,0,0,0,0,0,0,0,0,0,0,0,0,0,0,0,0,0,0,0
2565,1060,554,1468,5,2340,23,591,2141,1950,2566,0,0,0,0,0,0,0,0,0,0,0,0,0,0,0,0,0,0,0,0,0,0,0,0
2565,5508,2341,4,5509,414,33,506,7,1469,2566,0,0,0,0,0,0,0,0,0,0,0,0,0,0,0,0,0,0,0,0,0,0,0,0
2565,355,9,10,1,1470,4,186,5510,5511,2566,0,0,0,0,0,0,0,0,0,0,0,0,0,0,0,0,0,0,0,0,0,0,0,0
2565,5512,1784,11,1061,5513,9,10,1,886,125,4,111,2342,5514,548,2566,0,0,0,0,0,0,0,0,0,0,0,0,0,0,0,0,0,0
2565,68,5,671,5515,472,4,5516,278,3,5517,3,20,6,409,1062,7,1063,5518,1263,2566,0,0,0,0,0,0,0,0,0,0,0,0,0,0
2565,9,1064,6,1471,5,9,33,1787,342,23,963,4,5519,893,16,5520,7,1469,2566,0,0,0,0,0,0,0,0,0,0,0,0,0,0,0
2565,43,1,1446,313,7,5521,2566,0,0,0,0,0,0,0,0,0,0,0,0,0,0,0,0,0,0,0,0,0,0,0,0,0,0,0
2565,9,37,2343,5522,9,2344,63,5523,5524,5525,2566,0,0,0,0,0,0,0,0,0,0,0,0,0,0,0,0,0,0,0,0,0,0,0
2565,474,123,5526,1432,5527,41,5528,3,5529,5530,4,1065,24,5531,16,20,994,2566,0,0,0,0,0,0,0,0,0,0,0,0,0,0,0,0
2565,834,5,628,8,5532,835,5,95,13,10,11,222,4,5533,2566,0,0,0,0,0,0,0,0,0,0,0,0,0,0,0,0,0,0,0
2565,85,1,2345,1472,17,33,1066,2566,0,0,0,0,0,0,0,0,0,0,0,0,0,0,0,0,0,0,0,0,0,0,0,0,0,0
2565,2346,41,5534,5535,5536,337,5537,360,2566,0,0,0,0,0,0,0,0,0,0,0,0,0,0,0,0,0,0,0,0,0,0,0,0,0
2565,3,20,1,5538,4,2347,15,5,2348,48,2566,0,0,0,0,0,0,0,0,0,0,0,0,0,0,0,0,0,0,0,0,0,0,0
2565,5539,11,5540,41,5541,11,5542,5543,41,5544,5545,5,5546,241,5547,6,342,28,2566,0,0,0,0,0,0,0,0,0,0,0,0,0,0,0
2565,3,70,5548,1,5549,462,1,5550,92,28,2566,0,0,0,0,0,0,0,0,0,0,0,0,0,0,0,0,0,0,0,0,0,0,0
2565,58,11,2349,5,5551,5552,5553,24,5554,5555,253,2566,0,0,0,0,0,0,0,0,0,0,0,0,0,0,0,0,0,0,0,0,0,0
2565,9,1473,5556,1,5557,1067,5,5558,5559,5560,1067,10,11,206,1,55,5561,5562,2566,0,0,0,0,0,0,0,0,0,0,0,0,0,0,0
2565,9,150,629,100,63,1474,10,3,5563,2350,11,286,715,776,5564,14,5565,185,953,267,2566,0,0,0,0,0,0,0,0,0,0,0,0,0
2565,5566,5567,38,5568,5569,5570,176,7,704,5571,2566,0,0,0,0,0,0,0,0,0,0,0,0,0,0,0,0,0,0,0,0,0,0,0
2565,1068,11,823,4,2227,13,10,1,9,10,11,5572,4,5573,15,5,379,40,53,602,8,5574,5575,2566,0,0,0,0,0,0,0,0,0,0
2565,287,266,2351,2352,8,5576,4,5577,5578,4,1699,2566,0,0,0,0,0,0,0,0,0,0,0,0,0,0,0,0,0,0,0,0,0,0
2565,5579,83,1069,104,8,21,542,2566,0,0,0,0,0,0,0,0,0,0,0,0,0,0,0,0,0,0,0,0,0,0,0,0,0,0
2565,2353,316,1,815,184,716,5580,2276,6,5581,35,56,2566,0,0,0,0,0,0,0,0,0,0,0,0,0,0,0,0,0,0,0,0,0
2565,815,6,2354,66,13,10,1,1956,6,2353,316,4,823,16,29,2566,0,0,0,0,0,0,0,0,0,0,0,0,0,0,0,0,0,0
2565,5582,6,128,16,2355,205,2356,5,1067,351,23,5583,5584,6,31,3,5585,50,256,7,5586,349,5587,4,906,1191,2566,0,0,0,0,0,0,0
2565,5588,5589,554,753,2566,0,0,0,0,0,0,0,0,0,0,0,0,0,0,0,0,0,0,0,0,0,0,0,0,0,0,0,0,0
2565,43,1,89,828,995,48,2566,0,0,0,0,0,0,0,0,0,0,0,0,0,0,0,0,0,0,0,0,0,0,0,0,0,0,0
2565,601,5590,2052,2357,47,639,6,409,1062,7,2287,5591,160,5592,2566,0,0,0,0,0,0,0,0,0,0,0,0,0,0,0,0,0,0,0
2565,58,1,66,380,3,122,2358,5593,20,4,2359,2566,0,0,0,0,0,0,0,0,0,0,0,0,0,0,0,0,0,0,0,0,0,0
2565,5594,6,5595,287,185,1,769,90,10,5596,5597,1023,7,5598,201,35,216,2566,0,0,0,0,0,0,0,0,0,0,0,0,0,0,0,0
2565,9,10,1,5599,131,2360,555,4,5600,787,826,5601,5602,6,5603,787,56,2566,0,0,0,0,0,0,0,0,0,0,0,0,0,0,0,0
2565,427,836,11,373,10,23,2361,4,5604,259,10,4,5605,2566,0,0,0,0,0,0,0,0,0,0,0,0,0,0,0,0,0,0,0,0
2565,137,1878,161,2057,8,2362,2566,0,0,0,0,0,0,0,0,0,0,0,0,0,0,0,0,0,0,0,0,0,0,0,0,0,0,0
2565,350,11,5606,768,2363,91,5607,652,421,30,5608,5609,2364,267,2566,0,0,0,0,0,0,0,0,0,0,0,0,0,0,0,0,0,0,0
2565,5610,205,256,8,5611,722,310,83,64,211,8,1262,5612,4,2324,698,5613,928,2566,0,0,0,0,0,0,0,0,0,0,0,0,0,0,0
2565,9,5,341,6,13,10,3,229,5614,112,72,1184,166,3,20,1,9,5615,5616,29,289,333,5617,132,545,32,28,2566,0,0,0,0,0,0
2565,5618,2365,423,5,13,10,3,687,7,44,5619,1475,1315,2111,5620,7,2366,15,5,1000,304,4,1066,2566,0,0,0,0,0,0,0,0,0,0
2565,1407,109,5621,345,2218,5622,8,5623,2566,0,0,0,0,0,0,0,0,0,0,0,0,0,0,0,0,0,0,0,0,0,0,0,0,0
2565,2367,4,5624,50,157,3,5625,2566,0,0,0,0,0,0,0,0,0,0,0,0,0,0,0,0,0,0,0,0,0,0,0,0,0,0
2565,16,1008,1,5626,2368,109,821,133,2369,2370,4,32,28,2566,0,0,0,0,0,0,0,0,0,0,0,0,0,0,0,0,0,0,0,0
2565,3,134,1,783,545,1476,2566,0,0,0,0,0,0,0,0,0,0,0,0,0,0,0,0,0,0,0,0,0,0,0,0,0,0,0
2565,5627,2101,10,1,2105,1159,5628,169,2566,0,0,0,0,0,0,0,0,0,0,0,0,0,0,0,0,0,0,0,0,0,0,0,0,0
2565,5629,10,1,5630,6,149,1134,14,14,450,4,5631,2566,0,0,0,0,0,0,0,0,0,0,0,0,0,0,0,0,0,0,0,0,0
2565,5632,677,8,2163,798,219,790,2566,0,0,0,0,0,0,0,0,0,0,0,0,0,0,0,0,0,0,0,0,0,0,0,0,0,0
2565,9,1431,1,214,657,4,5633,5634,181,5635,244,2566,0,0,0,0,0,0,0,0,0,0,0,0,0,0,0,0,0,0,0,0,0,0
2565,308,1003,8,755,23,5636,2566,0,0,0,0,0,0,0,0,0,0,0,0,0,0,0,0,0,0,0,0,0,0,0,0,0,0,0
2565,3,70,5637,8,5638,4,2371,2566,0,0,0,0,0,0,0,0,0,0,0,0,0,0,0,0,0,0,0,0,0,0,0,0,0,0
2565,783,3,66,2372,5639,5,226,2566,0,0,0,0,0,0,0,0,0,0,0,0,0,0,0,0,0,0,0,0,0,0,0,0,0,0
2565,634,455,314,661,6,142,11,1477,3,56,2566,0,0,0,0,0,0,0,0,0,0,0,0,0,0,0,0,0,0,0,0,0,0,0
2565,1466,2373,10,1,5640,4,5641,5642,13,33,661,265,1396,7,2137,542,2566,0,0,0,0,0,0,0,0,0,0,0,0,0,0,0,0,0
2565,3,20,5643,24,5644,8,5645,1030,50,5646,5647,2160,11,5648,103,5649,391,2566,0,0,0,0,0,0,0,0,0,0,0,0,0,0,0,0
2565,540,1,5650,2374,48,2566,0,0,0,0,0,0,0,0,0,0,0,0,0,0,0,0,0,0,0,0,0,0,0,0,0,0,0,0
2565,9,5,1537,2272,6,637,2566,0,0,0,0,0,0,0,0,0,0,0,0,0,0,0,0,0,0,0,0,0,0,0,0,0,0,0
2565,60,5,991,5651,265,670,23,5652,5653,29,2566,0,0,0,0,0,0,0,0,0,0,0,0,0,0,0,0,0,0,0,0,0,0,0
2565,2375,6,76,2376,433,2566,0,0,0,0,0,0,0,0,0,0,0,0,0,0,0,0,0,0,0,0,0,0,0,0,0,0,0,0
2565,5654,6,1459,5655,949,13,3,1471,7,5656,5657,6,5658,28,2566,0,0,0,0,0,0,0,0,0,0,0,0,0,0,0,0,0,0,0
2565,1478,268,5659,140,2377,2378,5660,812,1479,8,1478,6,5661,132,5662,2566,0,0,0,0,0,0,0,0,0,0,0,0,0,0,0,0,0,0
2565,12,5,308,33,5663,1757,7,5664,651,28,2566,0,0,0,0,0,0,0,0,0,0,0,0,0,0,0,0,0,0,0,0,0,0,0
2565,3,303,1462,5665,98,5666,678,1,43,10,24,93,33,31,285,2566,0,0,0,0,0,0,0,0,0,0,0,0,0,0,0,0,0,0
2565,9,507,5,31,4,127,244,2566,0,0,0,0,0,0,0,0,0,0,0,0,0,0,0,0,0,0,0,0,0,0,0,0,0,0
2565,1462,7,1362,5667,231,110,824,43,4,31,15,5,13,4,3,664,5,20,4,5668,2566,0,0,0,0,0,0,0,0,0,0,0,0,0
2565,1384,6,206,11,822,10,1,376,5669,65,23,1480,2566,0,0,0,0,0,0,0,0,0,0,0,0,0,0,0,0,0,0,0,0,0
2565,9,5,470,2121,540,553,220,6,5670,2379,401,608,207,108,2330,4,5671,5672,2379,401,608,5673,978,7,713,2380,72,1200,28,2566,0,0,0,0
2565,9,154,5,666,146,1987,5674,1481,2566,0,0,0,0,0,0,0,0,0,0,0,0,0,0,0,0,0,0,0,0,0,0,0,0,0
2565,3,20,1,217,10,3,5675,5676,377,11,151,53,9,10,11,5677,4,380,15,5,1000,9,10,11,2381,4,1070,5678,217,10,3,229,1006,2566
2565,5679,12,5680,191,5681,4,83,5682,1482,1,5683,2566,0,0,0,0,0,0,0,0,0,0,0,0,0,0,0,0,0,0,0,0,0,0
2565,17,5,80,23,433,8,5684,50,265,845,5685,141,28,2566,0,0,0,0,0,0,0,0,0,0,0,0,0,0,0,0,0,0,0,0
2565,5686,11,281,10,1,2382,7,529,140,5687,2383,4,5688,2566,0,0,0,0,0,0,0,0,0,0,0,0,0,0,0,0,0,0,0,0
2565,60,5,90,5689,5690,5691,2566,0,0,0,0,0,0,0,0,0,0,0,0,0,0,0,0,0,0,0,0,0,0,0,0,0,0,0
2565,3,5692,1384,6,5693,5694,5695,1071,5,16,1943,16,5696,53,11,80,411,6,5697,2566,0,0,0,0,0,0,0,0,0,0,0,0,0,0
2565,9,5,5698,50,314,229,5699,4,1412,2566,0,0,0,0,0,0,0,0,0,0,0,0,0,0,0,0,0,0,0,0,0,0,0,0
2565,677,5,331,1483,234,63,430,15,49,195,2566,0,0,0,0,0,0,0,0,0,0,0,0,0,0,0,0,0,0,0,0,0,0,0
2565,12,11,2268,1,5700,4,5701,83,64,989,38,637,2566,0,0,0,0,0,0,0,0,0,0,0,0,0,0,0,0,0,0,0,0,0
2565,427,1,117,351,43,3,9,286,50,1422,44,983,2566,0,0,0,0,0,0,0,0,0,0,0,0,0,0,0,0,0,0,0,0,0
2565,765,5702,198,639,3,216,2566,0,0,0,0,0,0,0,0,0,0,0,0,0,0,0,0,0,0,0,0,0,0,0,0,0,0,0
2565,95,81,63,5703,40,53,5704,1008,3,128,2384,9,771,135,154,10,1,9,10,11,5705,4,5706,2566,0,0,0,0,0,0,0,0,0,0
2565,13,10,3,1484,641,7,55,111,2385,202,5707,2386,5708,312,360,2566,0,0,0,0,0,0,0,0,0,0,0,0,0,0,0,0,0,0
2565,3,70,2387,646,5,1485,1072,5709,2566,0,0,0,0,0,0,0,0,0,0,0,0,0,0,0,0,0,0,0,0,0,0,0,0,0
2565,286,79,1071,8,5710,5711,4,5712,50,9,309,3,9,914,38,5713,391,2566,0,0,0,0,0,0,0,0,0,0,0,0,0,0,0,0
2565,143,6,5714,554,5,9,11,5715,6,128,5716,4,5717,2388,1,473,7,5718,9,281,5719,1486,2566,0,0,0,0,0,0,0,0,0,0,0
2565,117,5720,2383,1,557,4,5721,83,331,303,131,140,181,2389,391,2566,0,0,0,0,0,0,0,0,0,0,0,0,0,0,0,0,0,0
2565,9,10,5722,4,187,72,2390,2566,0,0,0,0,0,0,0,0,0,0,0,0,0,0,0,0,0,0,0,0,0,0,0,0,0,0
2565,9,1424,24,3,564,10,1,1068,10,3,17,11,942,6,5723,596,2391,479,679,2310,7,5724,2566,0,0,0,0,0,0,0,0,0,0,0
2565,129,351,5725,2380,2566,0,0,0,0,0,0,0,0,0,0,0,0,0,0,0,0,0,0,0,0,0,0,0,0,0,0,0,0,0
2565,234,5726,16,235,524,5727,5728,5729,263,29,2566,0,0,0,0,0,0,0,0,0,0,0,0,0,0,0,0,0,0,0,0,0,0,0
2565,268,2392,5,13,10,11,1467,23,5730,41,565,4,5731,298,2566,0,0,0,0,0,0,0,0,0,0,0,0,0,0,0,0,0,0,0
2565,166,5732,9,198,8,133,126,146,1351,169,2566,0,0,0,0,0,0,0,0,0,0,0,0,0,0,0,0,0,0,0,0,0,0,0
2565,3,20,1,2373,10,3,1029,1217,3,5733,733,1,1530,1073,10,1,5734,5735,5736,5737,6,1333,2393,4,5738,5739,1487,2566,0,0,0,0,0,0
2565,17,11,125,242,1,1808,2566,0,0,0,0,0,0,0,0,0,0,0,0,0,0,0,0,0,0,0,0,0,0,0,0,0,0,0
2565,16,631,8,648,23,666,10,47,284,1480,2566,0,0,0,0,0,0,0,0,0,0,0,0,0,0,0,0,0,0,0,0,0,0,0
2565,1059,5,834,41,835,423,24,2320,4,28,2566,0,0,0,0,0,0,0,0,0,0,0,0,0,0,0,0,0,0,0,0,0,0,0
2565,166,17,8,242,5740,1488,5741,11,2394,8,2208,43,1,184,2395,48,2566,0,0,0,0,0,0,0,0,0,0,0,0,0,0,0,0,0
2565,89,825,63,93,10,3,5742,4,5743,5744,20,3,5745,410,1411,635,530,23,5746,2247,10,6,614,16,970,3,5747,216,2566,0,0,0,0,0
2565,680,120,5748,43,1,9,474,3,479,23,5749,109,5750,5751,5752,3,5753,20,48,2566,0,0,0,0,0,0,0,0,0,0,0,0,0,0
2565,965,147,283,480,23,145,235,266,13,10,3,1074,267,2566,0,0,0,0,0,0,0,0,0,0,0,0,0,0,0,0,0,0,0,0
2565,5754,5,70,296,6,9,13,1,295,8,5755,888,5756,241,5757,2566,0,0,0,0,0,0,0,0,0,0,0,0,0,0,0,0,0,0
2565,191,5758,180,29,483,5759,2566,0,0,0,0,0,0,0,0,0,0,0,0,0,0,0,0,0,0,0,0,0,0,0,0,0,0,0
2565,16,152,8,2396,11,5760,7,5761,50,1471,8,9,33,5762,363,35,1372,681,2566,0,0,0,0,0,0,0,0,0,0,0,0,0,0,0
2565,166,43,10,1,837,40,53,1021,7,5763,106,50,736,1064,5764,5765,5766,133,376,439,52,1487,2566,0,0,0,0,0,0,0,0,0,0,0
2565,68,5,1452,85,3,5767,68,5,43,10,4,1452,62,3,1056,2566,0,0,0,0,0,0,0,0,0,0,0,0,0,0,0,0,0,0
2565,279,11,2397,63,150,957,5768,40,53,198,2398,134,6,186,5769,8,307,2399,190,2566,0,0,0,0,0,0,0,0,0,0,0,0,0,0
2565,5770,648,205,160,66,13,10,3,669,23,181,5771,126,53,198,7,181,16,29,2566,0,0,0,0,0,0,0,0,0,0,0,0,0,0
2565,680,89,5772,2566,0,0,0,0,0,0,0,0,0,0,0,0,0,0,0,0,0,0,0,0,0,0,0,0,0,0,0,0,0,0
2565,286,79,552,60,5,1698,15,237,5773,105,33,5774,133,2207,7,5775,2566,0,0,0,0,0,0,0,0,0,0,0,0,0,0,0,0,0
2565,281,8,141,28,58,1,232,4,913,5776,586,2566,0,0,0,0,0,0,0,0,0,0,0,0,0,0,0,0,0,0,0,0,0,0
2565,17,8,479,716,11,2400,2401,679,1442,942,7,380,15,5,724,838,379,23,252,11,2117,818,3,566,2566,0,0,0,0,0,0,0,0,0
2565,2402,10,33,21,1075,1,5777,128,2403,73,289,44,1353,288,16,29,2566,0,0,0,0,0,0,0,0,0,0,0,0,0,0,0,0,0
2565,14,5778,2404,5779,5780,308,1,5781,5782,323,7,5783,28,2566,0,0,0,0,0,0,0,0,0,0,0,0,0,0,0,0,0,0,0,0
2565,2405,6,17,10,11,2406,47,692,2407,11,2406,2408,2409,285,2566,0,0,0,0,0,0,0,0,0,0,0,0,0,0,0,0,0,0,0
2565,43,838,352,5784,185,16,543,550,480,4,5785,15,5,20,91,11,252,8,267,2566,0,0,0,0,0,0,0,0,0,0,0,0,0,0
2565,316,10,1,1632,2566,0,0,0,0,0,0,0,0,0,0,0,0,0,0,0,0,0,0,0,0,0,0,0,0,0,0,0,0,0
2565,9,5,1489,11,418,47,104,10,4,1921,2566,0,0,0,0,0,0,0,0,0,0,0,0,0,0,0,0,0,0,0,0,0,0,0
2565,3,70,2410,11,5786,48,2566,0,0,0,0,0,0,0,0,0,0,0,0,0,0,0,0,0,0,0,0,0,0,0,0,0,0,0
2565,43,10,1,93,11,5787,4,5788,35,5789,4,2411,83,2412,150,10,4,583,5790,164,15,5,20,48,2566,0,0,0,0,0,0,0,0,0
2565,14,8,625,7,277,16,29,237,958,8,2413,3,5791,2566,0,0,0,0,0,0,0,0,0,0,0,0,0,0,0,0,0,0,0,0
2565,1887,1323,5,9,32,3,5792,11,1399,265,124,5793,5794,20,48,2566,0,0,0,0,0,0,0,0,0,0,0,0,0,0,0,0,0,0
2565,1490,1,5795,28,370,224,2566,0,0,0,0,0,0,0,0,0,0,0,0,0,0,0,0,0,0,0,0,0,0,0,0,0,0,0
2565,3,471,1,9,5796,33,2381,4,5797,13,11,2393,4,5798,2566,0,0,0,0,0,0,0,0,0,0,0,0,0,0,0,0,0,0,0
2565,3,20,1,1491,6,799,120,8,5799,5800,2566,0,0,0,0,0,0,0,0,0,0,0,0,0,0,0,0,0,0,0,0,0,0,0
2565,427,66,377,11,1492,40,1173,10,3,350,5801,23,5802,2566,0,0,0,0,0,0,0,0,0,0,0,0,0,0,0,0,0,0,0,0
2565,5803,106,50,5,1193,11,806,7,1234,787,56,2566,0,0,0,0,0,0,0,0,0,0,0,0,0,0,0,0,0,0,0,0,0,0
2565,1493,11,1016,623,5,839,8,1494,2414,5804,20,4,288,15,5,20,550,43,1,1812,2415,839,1495,7,288,15,51,190,2566,0,0,0,0,0
2565,5805,5,5806,2416,480,11,564,360,2566,0,0,0,0,0,0,0,0,0,0,0,0,0,0,0,0,0,0,0,0,0,0,0,0,0
2565,1861,1334,2417,5807,5808,2417,6,262,1463,6,5809,30,5810,4,769,72,355,170,4,662,24,5811,277,535,3,5812,132,48,2566,0,0,0,0,0
2565,2418,1076,1,17,10,206,3,820,50,2336,553,808,5813,2566,0,0,0,0,0,0,0,0,0,0,0,0,0,0,0,0,0,0,0,0
2565,43,1,1714,556,48,2566,0,0,0,0,0,0,0,0,0,0,0,0,0,0,0,0,0,0,0,0,0,0,0,0,0,0,0,0
2565,206,11,1074,276,13,10,1,612,4,50,5814,420,4,5815,2566,0,0,0,0,0,0,0,0,0,0,0,0,0,0,0,0,0,0,0
2565,1625,6,2419,665,539,5816,9,5,157,2030,1933,1337,2566,0,0,0,0,0,0,0,0,0,0,0,0,0,0,0,0,0,0,0,0,0
2565,60,5,43,4,405,1749,2566,0,0,0,0,0,0,0,0,0,0,0,0,0,0,0,0,0,0,0,0,0,0,0,0,0,0,0
2565,95,435,10,5817,72,426,326,4,1914,5,1496,95,326,10,1,133,1600,29,2566,0,0,0,0,0,0,0,0,0,0,0,0,0,0,0
2565,43,10,1,765,6,5818,9,240,11,5819,3,5820,5821,103,31,28,2566,0,0,0,0,0,0,0,0,0,0,0,0,0,0,0,0,0
2565,326,3,5822,291,5,321,707,38,5823,2566,0,0,0,0,0,0,0,0,0,0,0,0,0,0,0,0,0,0,0,0,0,0,0,0
2565,3,20,1,1485,5824,337,5825,4,5826,15,5,837,40,5827,7,5828,7,331,1006,1077,2566,0,0,0,0,0,0,0,0,0,0,0,0,0
2565,17,558,1,44,66,62,4,5829,23,5830,2566,0,0,0,0,0,0,0,0,0,0,0,0,0,0,0,0,0,0,0,0,0,0,0
2565,16,2420,3,2421,52,4,1449,1111,5831,2566,0,0,0,0,0,0,0,0,0,0,0,0,0,0,0,0,0,0,0,0,0,0,0,0
2565,3,248,6,1027,5,1497,11,196,38,5832,290,2566,0,0,0,0,0,0,0,0,0,0,0,0,0,0,0,0,0,0,0,0,0,0
2565,9,5,820,50,5833,425,3,216,2566,0,0,0,0,0,0,0,0,0,0,0,0,0,0,0,0,0,0,0,0,0,0,0,0,0
2565,470,5,1461,658,11,31,4,5834,401,10,2387,5835,2391,154,10,4,855,1101,1052,28,2566,0,0,0,0,0,0,0,0,0,0,0,0,0
2565,166,43,1,5836,2566,0,0,0,0,0,0,0,0,0,0,0,0,0,0,0,0,0,0,0,0,0,0,0,0,0,0,0,0,0
2565,13,10,11,530,47,5837,6,115,1633,310,92,16,29,2566,0,0,0,0,0,0,0,0,0,0,0,0,0,0,0,0,0,0,0,0
2565,66,13,10,393,11,1478,1,5838,79,550,995,11,2422,37,5839,5840,5841,747,5842,5,1466,2377,32,16,29,2566,0,0,0,0,0,0,0,0
2565,1050,308,1,12,36,323,1614,5843,72,5844,141,28,2566,0,0,0,0,0,0,0,0,0,0,0,0,0,0,0,0,0,0,0,0,0
2565,12,5,170,4,810,50,492,7,5845,1148,7,92,28,2566,0,0,0,0,0,0,0,0,0,0,0,0,0,0,0,0,0,0,0,0
2565,562,1498,10,1,1078,5846,6,989,23,698,5847,2566,0,0,0,0,0,0,0,0,0,0,0,0,0,0,0,0,0,0,0,0,0,0
2565,60,5,1467,23,52,28,2566,0,0,0,0,0,0,0,0,0,0,0,0,0,0,0,0,0,0,0,0,0,0,0,0,0,0,0
2565,1079,79,306,5848,8,5849,9,217,4,5850,2566,0,0,0,0,0,0,0,0,0,0,0,0,0,0,0,0,0,0,0,0,0,0,0
2565,9,8,93,1,1407,109,669,622,2423,1444,141,810,50,5851,1,160,1184,2566,0,0,0,0,0,0,0,0,0,0,0,0,0,0,0,0
2565,191,837,2299,10,1,9,1437,728,5852,2283,290,2566,0,0,0,0,0,0,0,0,0,0,0,0,0,0,0,0,0,0,0,0,0,0
2565,5853,5854,658,6,5855,5856,7,5857,1499,476,7,127,244,2566,0,0,0,0,0,0,0,0,0,0,0,0,0,0,0,0,0,0,0,0
2565,1457,11,453,560,205,5858,5859,8,1080,2277,1128,109,5860,2566,0,0,0,0,0,0,0,0,0,0,0,0,0,0,0,0,0,0,0,0
2565,1033,561,10,1,5861,3,328,5862,132,6,3,20,4,784,16,29,2566,0,0,0,0,0,0,0,0,0,0,0,0,0,0,0,0,0
2565,1081,1,2260,65,6,5863,2566,0,0,0,0,0,0,0,0,0,0,0,0,0,0,0,0,0,0,0,0,0,0,0,0,0,0,0
2565,1290,1484,641,7,5864,714,214,460,3,267,2566,0,0,0,0,0,0,0,0,0,0,0,0,0,0,0,0,0,0,0,0,0,0,0
2565,286,79,5865,5,453,5866,10,3,17,5,2424,5867,6,5868,5869,1082,1202,2566,0,0,0,0,0,0,0,0,0,0,0,0,0,0,0,0
2565,9,5,347,5870,5871,374,402,10,4,1319,196,16,29,2566,0,0,0,0,0,0,0,0,0,0,0,0,0,0,0,0,0,0,0,0
2565,68,5,58,10,51,70,8,118,5872,7,5873,1253,5874,959,5875,5876,156,2566,0,0,0,0,0,0,0,0,0,0,0,0,0,0,0,0
2565,1050,58,1,2425,762,47,2426,135,5877,5878,7,277,5879,190,2566,0,0,0,0,0,0,0,0,0,0,0,0,0,0,0,0,0,0,0
2565,60,5,332,6,2343,267,2566,0,0,0,0,0,0,0,0,0,0,0,0,0,0,0,0,0,0,0,0,0,0,0,0,0,0,0
2565,974,549,24,5880,2256,676,7,5881,5882,308,47,12,5,255,5883,5,291,5884,7,5885,2566,0,0,0,0,0,0,0,0,0,0,0,0,0
2565,135,247,7,10,2042,98,2566,0,0,0,0,0,0,0,0,0,0,0,0,0,0,0,0,0,0,0,0,0,0,0,0,0,0,0
2565,9,10,1,338,147,2232,5886,2566,0,0,0,0,0,0,0,0,0,0,0,0,0,0,0,0,0,0,0,0,0,0,0,0,0,0
2565,3,70,662,7,5887,9,3,5888,832,50,11,93,11,299,10,6,115,5889,2411,92,16,29,2566,0,0,0,0,0,0,0,0,0,0,0
2565,9,5,1083,306,333,5890,2313,541,2566,0,0,0,0,0,0,0,0,0,0,0,0,0,0,0,0,0,0,0,0,0,0,0,0,0
2565,835,5,338,144,12,5,5891,50,5892,132,5893,31,1190,2566,0,0,0,0,0,0,0,0,0,0,0,0,0,0,0,0,0,0,0,0
2565,534,234,16,5894,5895,8,137,266,454,10,33,9,10,11,122,3,157,5896,72,681,2566,0,0,0,0,0,0,0,0,0,0,0,0,0
2565,9,10,1,3,150,10,3,307,1212,280,10,313,7,5897,5898,132,6,9,150,10,4,5899,5900,901,7,5901,2566,0,0,0,0,0,0,0
2565,292,2427,10,1,2072,2428,1491,4,5902,2429,2414,337,4,5903,2566,0,0,0,0,0,0,0,0,0,0,0,0,0,0,0,0,0,0,0
2565,1500,6,2249,13,10,1,176,7,181,1026,1417,517,2318,5904,29,2566,0,0,0,0,0,0,0,0,0,0,0,0,0,0,0,0,0,0
2565,355,198,8,66,13,10,421,30,181,5905,2566,0,0,0,0,0,0,0,0,0,0,0,0,0,0,0,0,0,0,0,0,0,0,0
2565,464,2430,1161,5906,2261,4,5907,366,611,7,5908,14,758,6,2262,5909,5910,31,28,2566,0,0,0,0,0,0,0,0,0,0,0,0,0,0
2565,9,5,9,287,142,11,641,988,840,106,50,1046,5911,32,28,2566,0,0,0,0,0,0,0,0,0,0,0,0,0,0,0,0,0,0
2565,13,10,11,1365,7,2286,2431,83,1423,5,66,5912,5913,7,229,29,578,1343,2566,0,0,0,0,0,0,0,0,0,0,0,0,0,0,0
2565,294,559,2412,2432,10,1,2433,7,5914,925,5915,2566,0,0,0,0,0,0,0,0,0,0,0,0,0,0,0,0,0,0,0,0,0,0
2565,3,20,3,834,7,5916,5917,2566,0,0,0,0,0,0,0,0,0,0,0,0,0,0,0,0,0,0,0,0,0,0,0,0,0,0
2565,217,10,3,476,7,5918,2312,159,60,5,60,8,601,5919,5920,1289,183,2566,0,0,0,0,0,0,0,0,0,0,0,0,0,0,0,0
2565,568,2566,0,0,0,0,0,0,0,0,0,0,0,0,0,0,0,0,0,0,0,0,0,0,0,0,0,0,0,0,0,0,0,0
2565,5921,5,1501,507,360,2566,0,0,0,0,0,0,0,0,0,0,0,0,0,0,0,0,0,0,0,0,0,0,0,0,0,0,0,0
2565,1079,63,157,4,5922,2566,0,0,0,0,0,0,0,0,0,0,0,0,0,0,0,0,0,0,0,0,0,0,0,0,0,0,0,0
2565,58,1,456,11,350,24,443,56,2566,0,0,0,0,0,0,0,0,0,0,0,0,0,0,0,0,0,0,0,0,0,0,0,0,0
2565,9,10,1,5923,1117,11,316,123,245,199,2566,0,0,0,0,0,0,0,0,0,0,0,0,0,0,0,0,0,0,0,0,0,0,0
2565,9,5924,404,5925,8,5926,401,11,32,3,255,6,5927,2434,2566,0,0,0,0,0,0,0,0,0,0,0,0,0,0,0,0,0,0,0
2565,5928,1054,1674,5929,2566,0,0,0,0,0,0,0,0,0,0,0,0,0,0,0,0,0,0,0,0,0,0,0,0,0,0,0,0,0
2565,57,141,5930,2566,0,0,0,0,0,0,0,0,0,0,0,0,0,0,0,0,0,0,0,0,0,0,0,0,0,0,0,0,0,0
2565,13,10,1,621,23,5931,1881,4,5932,5933,6,186,5934,33,473,7,5935,2566,0,0,0,0,0,0,0,0,0,0,0,0,0,0,0,0
2565,13,10,1,5936,62,6,35,5937,285,2566,0,0,0,0,0,0,0,0,0,0,0,0,0,0,0,0,0,0,0,0,0,0,0,0
2565,1020,48,2566,0,0,0,0,0,0,0,0,0,0,0,0,0,0,0,0,0,0,0,0,0,0,0,0,0,0,0,0,0,0,0
2565,166,5938,518,615,13,10,3,328,5939,5940,16,5941,766,471,4,1454,92,28,2566,0,0,0,0,0,0,0,0,0,0,0,0,0,0,0
2565,1053,6,217,10,3,211,1104,1160,715,7,1064,15,51,2291,9,10,1,2435,4,5942,2566,0,0,0,0,0,0,0,0,0,0,0,0,0
2565,9,1470,1,13,11,696,146,5943,9,65,63,5944,2371,2566,0,0,0,0,0,0,0,0,0,0,0,0,0,0,0,0,0,0,0,0
2565,2436,41,2437,5,2184,48,2566,0,0,0,0,0,0,0,0,0,0,0,0,0,0,0,0,0,0,0,0,0,0,0,0,0,0,0
2565,5945,678,70,227,1,5946,156,2566,0,0,0,0,0,0,0,0,0,0,0,0,0,0,0,0,0,0,0,0,0,0,0,0,0,0
2565,5947,2089,205,5948,5949,7,1084,372,156,2566,0,0,0,0,0,0,0,0,0,0,0,0,0,0,0,0,0,0,0,0,0,0,0,0
2565,137,5950,181,15,5951,6,2367,4,5952,58,11,1136,3,255,6,5953,656,58,1,122,4,5954,5955,656,2566,0,0,0,0,0,0,0,0,0
2565,3,134,4,181,15,5956,10,1,1498,10,33,557,4,2342,2438,255,2439,1078,285,2566,0,0,0,0,0,0,0,0,0,0,0,0,0,0
2565,5957,10,5958,1448,65,38,5959,2566,0,0,0,0,0,0,0,0,0,0,0,0,0,0,0,0,0,0,0,0,0,0,0,0,0,0
2565,367,5,154,10,33,775,1085,208,490,51,201,15,1245,5960,459,5961,2566,0,0,0,0,0,0,0,0,0,0,0,0,0,0,0,0,0
2565,17,8,2440,5962,4,2441,127,348,739,226,5,2440,532,5963,132,5964,1073,5,5965,29,2566,0,0,0,0,0,0,0,0,0,0,0,0,0
2565,234,5966,11,108,368,41,329,6,66,125,4,187,72,749,2566,0,0,0,0,0,0,0,0,0,0,0,0,0,0,0,0,0,0,0
2565,507,252,8,659,551,5967,23,56,2566,0,0,0,0,0,0,0,0,0,0,0,0,0,0,0,0,0,0,0,0,0,0,0,0,0
2565,280,10,3,2442,5968,23,204,51,559,5969,5970,530,4,349,20,3,1086,6,409,5971,23,2362,2566,0,0,0,0,0,0,0,0,0,0,0
2565,78,88,2443,5972,13,1,69,37,1439,2239,1441,795,10,1,111,56,2566,0,0,0,0,0,0,0,0,0,0,0,0,0,0,0,0,0
2565,9,10,1,268,13,11,696,671,1654,4,1052,830,831,13,11,31,4,3,664,5,20,4,1481,2566,0,0,0,0,0,0,0,0,0,0
2565,9,8,499,7,5973,140,9,5,359,16,194,5974,5975,841,2566,0,0,0,0,0,0,0,0,0,0,0,0,0,0,0,0,0,0,0
2565,78,5976,2566,0,0,0,0,0,0,0,0,0,0,0,0,0,0,0,0,0,0,0,0,0,0,0,0,0,0,0,0,0,0,0
2565,5977,167,5978,357,2566,0,0,0,0,0,0,0,0,0,0,0,0,0,0,0,0,0,0,0,0,0,0,0,0,0,0,0,0,0
2565,247,7,10,237,2392,5,658,4,5979,2368,4,5980,5981,7,5982,2566,0,0,0,0,0,0,0,0,0,0,0,0,0,0,0,0,0,0
2565,9,1399,63,247,331,1479,7,1063,202,266,13,3,5983,5984,8,553,5985,5986,53,20,38,32,267,2566,0,0,0,0,0,0,0,0,0,0
2565,767,2437,650,7,2444,397,22,2566,0,0,0,0,0,0,0,0,0,0,0,0,0,0,0,0,0,0,0,0,0,0,0,0,0,0
2565,5987,79,63,160,5988,1054,5989,1326,79,63,1291,3,190,2566,0,0,0,0,0,0,0,0,0,0,0,0,0,0,0,0,0,0,0,0
2565,2445,78,66,1502,10,3,96,33,5990,2446,7,5991,7,974,1503,10,3,31,35,527,4,1348,201,15,5,1014,4,2254,24,334,310,132,3,2566
2565,2433,150,8,5992,9,10,1,5993,40,38,9,10,947,5,207,659,551,11,214,2447,7,5994,2566,0,0,0,0,0,0,0,0,0,0,0
2565,191,563,9,10,1,674,7,310,83,715,6,5995,5996,1504,1160,227,38,103,31,15,5997,5998,900,674,7,92,16,29,2566,0,0,0,0,0
2565,1297,52,1041,5999,2566,0,0,0,0,0,0,0,0,0,0,0,0,0,0,0,0,0,0,0,0,0,0,0,0,0,0,0,0,0
2565,30,1400,47,474,4,6000,190,2566,0,0,0,0,0,0,0,0,0,0,0,0,0,0,0,0,0,0,0,0,0,0,0,0,0,0
2565,3,1505,10,1,677,103,1476,2566,0,0,0,0,0,0,0,0,0,0,0,0,0,0,0,0,0,0,0,0,0,0,0,0,0,0
2565,3,20,1,307,2011,73,289,737,40,48,2566,0,0,0,0,0,0,0,0,0,0,0,0,0,0,0,0,0,0,0,0,0,0,0
2565,166,9,6001,63,6002,37,56,2566,0,0,0,0,0,0,0,0,0,0,0,0,0,0,0,0,0,0,0,0,0,0,0,0,0,0
2565,9,10,1,6003,7,6004,588,8,6005,7,2444,6006,4,1506,2566,0,0,0,0,0,0,0,0,0,0,0,0,0,0,0,0,0,0,0
2565,11,2108,8,208,11,842,4,6007,2431,313,16,6008,6009,4,187,72,56,2566,0,0,0,0,0,0,0,0,0,0,0,0,0,0,0,0
2565,31,10,268,796,10,73,289,44,6010,2378,6011,108,6012,7,592,2566,0,0,0,0,0,0,0,0,0,0,0,0,0,0,0,0,0,0
2565,2448,1,1068,6,186,16,2399,7,106,50,6013,2405,6,673,205,95,377,11,2331,182,444,7,6014,290,2566,0,0,0,0,0,0,0,0,0
2565,680,426,821,4,32,424,13,10,4,44,6015,6016,6017,263,29,2566,0,0,0,0,0,0,0,0,0,0,0,0,0,0,0,0,0,0
2565,62,6018,9,5,11,6019,4,6020,1338,7,330,1507,61,6021,2566,0,0,0,0,0,0,0,0,0,0,0,0,0,0,0,0,0,0,0
2565,309,3,1099,224,103,31,28,2566,0,0,0,0,0,0,0,0,0,0,0,0,0,0,0,0,0,0,0,0,0,0,0,0,0,0
2565,31,529,140,299,2209,115,6022,2566,0,0,0,0,0,0,0,0,0,0,0,0,0,0,0,0,0,0,0,0,0,0,0,0,0,0
2565,88,6023,6024,4,6025,13,10,1,184,98,2449,11,2056,4,754,6,6026,2566,0,0,0,0,0,0,0,0,0,0,0,0,0,0,0,0
2565,825,6,2450,10,1,3,120,7,1508,35,9,2032,6027,11,62,140,2451,1238,6,1477,4,6028,1079,38,659,2566,0,0,0,0,0,0,0,0
2565,956,591,11,52,4,769,72,58,47,558,10,3,6029,2566,0,0,0,0,0,0,0,0,0,0,0,0,0,0,0,0,0,0,0,0
2565,374,6030,6,115,2452,15,5,278,2566,0,0,0,0,0,0,0,0,0,0,0,0,0,0,0,0,0,0,0,0,0,0,0,0,0
2565,89,6031,11,567,3,6032,40,53,2453,7,6033,2566,0,0,0,0,0,0,0,0,0,0,0,0,0,0,0,0,0,0,0,0,0,0
2565,2454,52,6034,11,350,6035,6036,995,3,6037,10,11,846,4,6038,50,836,5,6039,28,2566,0,0,0,0,0,0,0,0,0,0,0,0,0
2565,6040,11,6041,10,1,55,6042,86,13,10,1,43,10,550,6043,472,622,6044,1068,10,421,30,1509,1961,651,16,29,2566,0,0,0,0,0,0
2565,256,6045,131,6,66,13,10,1,43,4,6046,32,15,49,195,2566,0,0,0,0,0,0,0,0,0,0,0,0,0,0,0,0,0,0
2565,135,840,10,1,2455,6,1510,1511,10,4,1077,2566,0,0,0,0,0,0,0,0,0,0,0,0,0,0,0,0,0,0,0,0,0,0
2565,208,10,33,93,10,4,6047,6048,52,547,8,6049,6050,132,6,118,66,6051,3,1005,6052,228,6053,112,72,6054,2566,0,0,0,0,0,0,0
2565,279,843,1488,460,63,6055,6056,241,1242,6057,6058,3,1063,190,2566,0,0,0,0,0,0,0,0,0,0,0,0,0,0,0,0,0,0,0
2565,663,5,6059,41,284,1148,7,2224,2566,0,0,0,0,0,0,0,0,0,0,0,0,0,0,0,0,0,0,0,0,0,0,0,0,0
2565,6060,6061,6062,6,2456,6063,20,4,2359,2566,0,0,0,0,0,0,0,0,0,0,0,0,0,0,0,0,0,0,0,0,0,0,0,0
2565,309,3,141,28,6064,1681,22,2566,0,0,0,0,0,0,0,0,0,0,0,0,0,0,0,0,0,0,0,0,0,0,0,0,0,0
2565,6065,63,1081,3,833,6066,43,1,55,6067,2302,345,2457,183,2566,0,0,0,0,0,0,0,0,0,0,0,0,0,0,0,0,0,0,0
2565,1512,567,1,6068,1385,109,6069,411,23,6070,435,342,38,1486,2566,0,0,0,0,0,0,0,0,0,0,0,0,0,0,0,0,0,0,0
2565,147,2458,23,6071,6072,6073,23,6074,41,6075,8,6076,421,30,2396,24,181,267,2566,0,0,0,0,0,0,0,0,0,0,0,0,0,0,0
2565,2459,6077,9,543,7,2460,15,5,134,13,10,33,1513,6078,47,509,6079,4,6080,6081,409,506,8,6082,2566,0,0,0,0,0,0,0,0,0
2565,6083,11,2461,4,2258,15,6084,1394,652,11,207,6085,899,91,11,252,5,13,6086,6087,6088,768,2363,11,2461,48,2566,0,0,0,0,0,0,0
2565,427,63,13,10,11,6089,6,677,7,313,16,1482,3,183,2566,0,0,0,0,0,0,0,0,0,0,0,0,0,0,0,0,0,0,0
2565,1087,223,2566,0,0,0,0,0,0,0,0,0,0,0,0,0,0,0,0,0,0,0,0,0,0,0,0,0,0,0,0,0,0,0
2565,12,5,519,29,2566,0,0,0,0,0,0,0,0,0,0,0,0,0,0,0,0,0,0,0,0,0,0,0,0,0,0,0,0,0
2565,2384,6,565,4,6090,13,10,1,837,40,53,1061,73,6091,62,3,788,44,2293,2566,0,0,0,0,0,0,0,0,0,0,0,0,0,0
2565,2462,308,6092,237,242,15,49,6093,2566,0,0,0,0,0,0,0,0,0,0,0,0,0,0,0,0,0,0,0,0,0,0,0,0,0
2565,58,3,6094,2230,50,16,535,11,85,1,6095,842,4,313,16,547,7,6096,2566,0,0,0,0,0,0,0,0,0,0,0,0,0,0,0
2565,454,10,11,701,63,6097,29,44,66,1062,8,6098,44,66,1062,8,6099,9,10,33,108,20,940,2566,0,0,0,0,0,0,0,0,0,0
2565,6100,5,92,2195,219,2360,661,3,979,2566,0,0,0,0,0,0,0,0,0,0,0,0,0,0,0,0,0,0,0,0,0,0,0,0
2565,1514,9,150,7,6101,150,6102,6,6103,2566,0,0,0,0,0,0,0,0,0,0,0,0,0,0,0,0,0,0,0,0,0,0,0,0
2565,133,1014,38,6104,6105,31,596,2463,2566,0,0,0,0,0,0,0,0,0,0,0,0,0,0,0,0,0,0,0,0,0,0,0,0,0
2565,16,454,8,70,122,1,89,108,81,6,6106,6107,141,28,2566,0,0,0,0,0,0,0,0,0,0,0,0,0,0,0,0,0,0,0
2565,480,11,6108,335,122,6,6109,566,2566,0,0,0,0,0,0,0,0,0,0,0,0,0,0,0,0,0,0,0,0,0,0,0,0,0
2565,648,1423,5,176,181,6,1028,561,10,4,1364,6110,6111,377,11,2464,4,1515,35,56,2566,0,0,0,0,0,0,0,0,0,0,0,0,0
2565,307,471,1355,5,161,1975,38,6112,6113,5,6114,6115,38,6116,2566,0,0,0,0,0,0,0,0,0,0,0,0,0,0,0,0,0,0,0
2565,9,10,91,11,16,13,3,6117,6118,7,6119,60,11,594,23,6120,6121,646,16,2297,7,6122,92,28,2566,0,0,0,0,0,0,0,0,0
2565,9,5,90,227,37,6123,2438,1273,2566,0,0,0,0,0,0,0,0,0,0,0,0,0,0,0,0,0,0,0,0,0,0,0,0,0
2565,6124,1361,6,129,37,176,7,745,2465,40,3,348,13,3,1500,6,2466,925,2467,2566,0,0,0,0,0,0,0,0,0,0,0,0,0,0
2565,14,1003,1468,5,6125,4,136,199,2566,0,0,0,0,0,0,0,0,0,0,0,0,0,0,0,0,0,0,0,0,0,0,0,0,0
2565,2468,5,408,6126,6127,2365,463,9,2469,5,983,2566,0,0,0,0,0,0,0,0,0,0,0,0,0,0,0,0,0,0,0,0,0,0
2565,9,10,11,675,5,119,6,187,730,2566,0,0,0,0,0,0,0,0,0,0,0,0,0,0,0,0,0,0,0,0,0,0,0,0
2565,9,5,9,712,6128,6129,6130,1283,4,6131,6132,6133,103,722,1506,2566,0,0,0,0,0,0,0,0,0,0,0,0,0,0,0,0,0,0
2565,331,6134,140,6135,5,9,6136,832,477,729,415,7,6137,6138,6139,6140,252,11,6141,1257,4,6142,2566,0,0,0,0,0,0,0,0,0,0,0
2565,19,1312,74,23,6143,4,76,6144,6145,38,32,28,2566,0,0,0,0,0,0,0,0,0,0,0,0,0,0,0,0,0,0,0,0,0
2565,673,840,5,268,13,10,3,6146,1510,1511,10,37,1077,2566,0,0,0,0,0,0,0,0,0,0,0,0,0,0,0,0,0,0,0,0
2565,166,418,1647,1167,6147,6148,6149,355,68,5,9,6150,753,70,32,4,579,6151,6152,2566,0,0,0,0,0,0,0,0,0,0,0,0,0,0
2565,1516,5,17,8,135,373,2470,10,4,168,35,350,11,881,7,809,106,50,304,4,1066,2566,0,0,0,0,0,0,0,0,0,0,0,0
2565,376,503,6153,7,1420,259,8,6154,341,7,160,924,2471,2566,0,0,0,0,0,0,0,0,0,0,0,0,0,0,0,0,0,0,0,0
2565,292,377,11,346,1,2472,48,2566,0,0,0,0,0,0,0,0,0,0,0,0,0,0,0,0,0,0,0,0,0,0,0,0,0,0
2565,268,6155,47,674,191,575,533,6,115,6156,6157,2566,0,0,0,0,0,0,0,0,0,0,0,0,0,0,0,0,0,0,0,0,0,0
2565,6158,5,1076,4,2473,6,6159,6160,2474,147,6,2418,1076,4,2456,28,2566,0,0,0,0,0,0,0,0,0,0,0,0,0,0,0,0,0
2565,1489,11,104,2,1,14,52,480,23,279,38,6161,2566,0,0,0,0,0,0,0,0,0,0,0,0,0,0,0,0,0,0,0,0,0
2565,3,20,838,11,135,560,843,842,3,6162,6163,626,134,48,2566,0,0,0,0,0,0,0,0,0,0,0,0,0,0,0,0,0,0,0
2565,1075,1,6164,11,6165,551,1318,29,2566,0,0,0,0,0,0,0,0,0,0,0,0,0,0,0,0,0,0,0,0,0,0,0,0,0
2565,43,10,1,142,11,108,2475,360,2566,0,0,0,0,0,0,0,0,0,0,0,0,0,0,0,0,0,0,0,0,0,0,0,0,0
2565,13,10,6166,6167,2566,0,0,0,0,0,0,0,0,0,0,0,0,0,0,0,0,0,0,0,0,0,0,0,0,0,0,0,0,0
2565,6168,202,96,11,1477,3,2451,1238,313,6,2476,2566,0,0,0,0,0,0,0,0,0,0,0,0,0,0,0,0,0,0,0,0,0,0
2565,6169,4,2073,6170,1,6171,2477,3,781,92,28,2566,0,0,0,0,0,0,0,0,0,0,0,0,0,0,0,0,0,0,0,0,0,0
2565,147,6172,676,6,6173,6174,1,1301,205,229,6175,743,205,6176,41,6177,205,2566,0,0,0,0,0,0,0,0,0,0,0,0,0,0,0,0
2565,355,2478,10,3,561,11,2179,2194,4,2366,106,50,1083,6178,7,1170,16,29,2566,0,0,0,0,0,0,0,0,0,0,0,0,0,0,0
2565,531,6179,24,6180,31,6181,103,31,28,2566,0,0,0,0,0,0,0,0,0,0,0,0,0,0,0,0,0,0,0,0,0,0,0,0
2565,17,8,292,134,38,280,4,1070,106,6182,8,2476,2566,0,0,0,0,0,0,0,0,0,0,0,0,0,0,0,0,0,0,0,0,0
2565,268,9,10,1,6183,13,345,735,4,750,1497,1763,7,6184,199,2566,0,0,0,0,0,0,0,0,0,0,0,0,0,0,0,0,0,0
2565,86,6185,8,1059,33,681,78,13,10,1,14,8,6186,95,20,4,6187,6,6188,20,4,6189,362,811,6190,2566,0,0,0,0,0,0,0,0
2565,6191,6192,1085,834,8,292,435,10,4,1517,43,10,37,2314,4,6193,2566,0,0,0,0,0,0,0,0,0,0,0,0,0,0,0,0,0
2565,1409,627,6194,224,2566,0,0,0,0,0,0,0,0,0,0,0,0,0,0,0,0,0,0,0,0,0,0,0,0,0,0,0,0,0
2565,147,882,6,86,13,3,9,507,7,380,28,2566,0,0,0,0,0,0,0,0,0,0,0,0,0,0,0,0,0,0,0,0,0,0
2565,9,10,1,125,6195,6196,2473,47,133,6197,20,10,6,6198,2449,4,6199,6200,292,20,10,4,9,10,33,6201,1988,10,4,277,16,29,2566,0
2565,166,2479,2128,2046,11,154,10,1,652,6202,23,6203,17,5,9,6204,6205,1056,2566,0,0,0,0,0,0,0,0,0,0,0,0,0,0,0
2565,350,11,86,560,205,2480,2403,47,6206,3,1001,6207,35,826,208,10,1,1001,2229,6208,739,29,2566,0,0,0,0,0,0,0,0,0,0,0
2565,43,1,6209,6210,2566,0,0,0,0,0,0,0,0,0,0,0,0,0,0,0,0,0,0,0,0,0,0,0,0,0,0,0,0,0
2565,6211,11,1446,1143,3,1230,73,44,6212,759,1809,72,6213,132,6,2432,10,3,754,6,827,2481,2566,0,0,0,0,0,0,0,0,0,0,0
2565,235,337,838,1447,11,2482,4,2483,15,6214,878,6215,6216,11,4,208,393,35,56,2566,0,0,0,0,0,0,0,0,0,0,0,0,0,0
2565,410,6,2479,1,670,23,828,1939,7,6217,28,2566,0,0,0,0,0,0,0,0,0,0,0,0,0,0,0,0,0,0,0,0,0,0
2565,9,10,1,6218,6219,7,6220,831,6221,1082,358,16,29,2566,0,0,0,0,0,0,0,0,0,0,0,0,0,0,0,0,0,0,0,0
2565,95,150,629,460,4,6222,1064,6,13,10,1,9,10,93,11,278,47,1403,6,6223,277,15,5,100,4,618,6224,2566,0,0,0,0,0,0
2565,43,1,1389,8,111,1783,226,48,2566,0,0,0,0,0,0,0,0,0,0,0,0,0,0,0,0,0,0,0,0,0,0,0,0,0
2565,660,38,2484,2485,1330,843,2211,547,8,648,11,2486,1232,41,2269,95,13,33,6225,2566,0,0,0,0,0,0,0,0,0,0,0,0,0,0
2565,9,10,91,6226,6,6227,16,13,3,31,28,2566,0,0,0,0,0,0,0,0,0,0,0,0,0,0,0,0,0,0,0,0,0,0
2565,2487,6,2457,6228,600,47,135,474,10,48,2566,0,0,0,0,0,0,0,0,0,0,0,0,0,0,0,0,0,0,0,0,0,0,0
2565,2375,6,88,2376,2566,0,0,0,0,0,0,0,0,0,0,0,0,0,0,0,0,0,0,0,0,0,0,0,0,0,0,0,0,0
2565,6229,2477,1,9,2488,4,380,16,662,6230,6231,2566,0,0,0,0,0,0,0,0,0,0,0,0,0,0,0,0,0,0,0,0,0,0
2565,214,2489,6232,4,1420,16,152,8,6233,341,7,866,160,579,2471,2566,0,0,0,0,0,0,0,0,0,0,0,0,0,0,0,0,0,0
2565,774,10,1,256,8,55,1366,6234,35,6235,32,28,2566,0,0,0,0,0,0,0,0,0,0,0,0,0,0,0,0,0,0,0,0,0
2565,6236,1033,13,10,1,6237,11,2245,4,6238,6239,2566,0,0,0,0,0,0,0,0,0,0,0,0,0,0,0,0,0,0,0,0,0,0
2565,9,507,5,335,666,146,6240,1487,2566,0,0,0,0,0,0,0,0,0,0,0,0,0,0,0,0,0,0,0,0,0,0,0,0,0
2565,3,173,1,6241,48,2566,0,0,0,0,0,0,0,0,0,0,0,0,0,0,0,0,0,0,0,0,0,0,0,0,0,0,0,0
2565,9,10,1,52,4,6242,1176,109,6243,2566,0,0,0,0,0,0,0,0,0,0,0,0,0,0,0,0,0,0,0,0,0,0,0,0
2565,844,673,6244,1,6245,206,11,13,10,3,93,3,605,4,6246,20,4,403,6247,66,691,23,94,6248,44,2566,0,0,0,0,0,0,0,0
2565,6249,200,152,10,11,513,1,1745,40,53,2275,24,6250,208,10,1,94,2361,4,6251,2566,0,0,0,0,0,0,0,0,0,0,0,0,0
2565,9,10,1,291,7,874,23,184,2490,6252,4,187,72,6253,1175,43,4,6254,803,1073,10,11,6255,6256,414,10,4,2491,6257,2566,0,0,0,0
2565,97,68,131,577,6,128,13,10,3,1874,951,1767,146,246,2566,0,0,0,0,0,0,0,0,0,0,0,0,0,0,0,0,0,0,0
2565,137,461,410,63,13,10,3,44,165,848,1351,730,2566,0,0,0,0,0,0,0,0,0,0,0,0,0,0,0,0,0,0,0,0,0
2565,2492,11,152,8,316,6258,6,2493,2566,0,0,0,0,0,0,0,0,0,0,0,0,0,0,0,0,0,0,0,0,0,0,0,0,0
2565,1379,11,86,281,10,1,1344,52,788,1128,11,6259,8,654,6,108,145,3,6260,31,16,29,2566,0,0,0,0,0,0,0,0,0,0,0
2565,362,83,64,1013,8,6261,2566,0,0,0,0,0,0,0,0,0,0,0,0,0,0,0,0,0,0,0,0,0,0,0,0,0,0,0
2565,14,52,12,5,1023,7,1919,1369,27,2566,0,0,0,0,0,0,0,0,0,0,0,0,0,0,0,0,0,0,0,0,0,0,0,0
2565,9,10,1,177,6262,2566,0,0,0,0,0,0,0,0,0,0,0,0,0,0,0,0,0,0,0,0,0,0,0,0,0,0,0,0
2565,9,316,1,6263,1117,6,56,2566,0,0,0,0,0,0,0,0,0,0,0,0,0,0,0,0,0,0,0,0,0,0,0,0,0,0
2565,81,8,6264,810,50,2494,6265,33,9,41,284,617,7,6266,72,28,2566,0,0,0,0,0,0,0,0,0,0,0,0,0,0,0,0,0
2565,774,10,1,6267,1291,1085,2489,2495,7,6268,56,2566,0,0,0,0,0,0,0,0,0,0,0,0,0,0,0,0,0,0,0,0,0,0
2565,9,5,886,2496,40,53,120,7,6269,1069,58,109,73,100,4,44,6270,6271,9,415,11,472,3,2235,6272,8,2566,0,0,0,0,0,0,0
2565,641,9,52,1,6273,98,7,6274,2566,0,0,0,0,0,0,0,0,0,0,0,0,0,0,0,0,0,0,0,0,0,0,0,0,0
2565,9,259,8,929,6275,570,6276,291,7,6277,35,141,28,2566,0,0,0,0,0,0,0,0,0,0,0,0,0,0,0,0,0,0,0,0
2565,101,87,276,6278,6279,232,181,191,6280,3,350,11,232,2497,4,2102,35,56,2566,0,0,0,0,0,0,0,0,0,0,0,0,0,0,0
2565,43,10,1,6281,6282,940,2566,0,0,0,0,0,0,0,0,0,0,0,0,0,0,0,0,0,0,0,0,0,0,0,0,0,0,0
2565,14,8,242,6283,814,26,73,212,6284,2566,0,0,0,0,0,0,0,0,0,0,0,0,0,0,0,0,0,0,0,0,0,0,0,0
2565,6285,342,11,135,402,6286,6287,7,6288,402,2426,11,439,6289,439,2566,0,0,0,0,0,0,0,0,0,0,0,0,0,0,0,0,0,0
2565,17,558,1,316,6,56,2566,0,0,0,0,0,0,0,0,0,0,0,0,0,0,0,0,0,0,0,0,0,0,0,0,0,0,0
2565,534,6290,9,6291,5,13,10,4,274,1046,2333,543,24,6292,141,28,2566,0,0,0,0,0,0,0,0,0,0,0,0,0,0,0,0,0
2565,66,13,10,1274,23,1020,552,7,6293,2566,0,0,0,0,0,0,0,0,0,0,0,0,0,0,0,0,0,0,0,0,0,0,0,0
2565,13,10,1,25,8,347,9,10,33,1034,41,6294,4,461,253,6295,15,29,786,1035,49,2566,0,0,0,0,0,0,0,0,0,0,0,0
2565,60,5,241,313,6,642,4,6296,2566,0,0,0,0,0,0,0,0,0,0,0,0,0,0,0,0,0,0,0,0,0,0,0,0,0
2565,1071,5,60,11,311,4,6297,6298,9,309,608,311,4,6299,1518,24,69,20,6300,40,3,244,2566,0,0,0,0,0,0,0,0,0,0,0
2565,687,774,10,1126,24,135,141,4,372,156,2566,0,0,0,0,0,0,0,0,0,0,0,0,0,0,0,0,0,0,0,0,0,0,0
2565,9,10,1,225,6,756,40,53,6301,9,6,6302,832,342,423,16,29,2566,0,0,0,0,0,0,0,0,0,0,0,0,0,0,0,0
2565,6303,4,32,35,6304,254,135,2351,2352,8,141,28,2566,0,0,0,0,0,0,0,0,0,0,0,0,0,0,0,0,0,0,0,0,0
2565,953,695,63,25,2374,8,56,2566,0,0,0,0,0,0,0,0,0,0,0,0,0,0,0,0,0,0,0,0,0,0,0,0,0,0
2565,166,207,628,128,6305,4,1803,6306,5,6307,11,651,6308,6309,672,2566,0,0,0,0,0,0,0,0,0,0,0,0,0,0,0,0,0,0
2565,6310,10,1,1823,24,441,4,2498,822,10,1,6311,41,6312,6313,4,298,2566,0,0,0,0,0,0,0,0,0,0,0,0,0,0,0,0
2565,1519,41,1088,6314,10,47,6315,736,154,10,1,88,2273,195,2445,1519,41,1088,1,736,2566,0,0,0,0,0,0,0,0,0,0,0,0,0
2565,247,6316,103,141,35,9,5,6317,6318,7,68,6319,131,92,28,2566,0,0,0,0,0,0,0,0,0,0,0,0,0,0,0,0,0,0
2565,2499,5,66,1173,23,9,2500,3,6320,304,4,1066,2566,0,0,0,0,0,0,0,0,0,0,0,0,0,0,0,0,0,0,0,0,0
2565,736,5,329,4,6321,31,28,2566,0,0,0,0,0,0,0,0,0,0,0,0,0,0,0,0,0,0,0,0,0,0,0,0,0,0
2565,247,7,149,152,5,13,38,6322,1402,10,1,6323,10,3,566,2566,0,0,0,0,0,0,0,0,0,0,0,0,0,0,0,0,0,0
2565,292,226,24,6324,6325,205,93,10,11,2501,4,1507,131,83,108,429,7,181,16,29,2566,0,0,0,0,0,0,0,0,0,0,0,0,0
2565,6326,6327,804,11,13,10,1,287,6328,11,1505,7,1063,202,142,11,6329,7,6330,2566,0,0,0,0,0,0,0,0,0,0,0,0,0,0
2565,2341,1,86,126,6331,2423,1496,95,3,10,3,9,288,7,168,16,29,2566,0,0,0,0,0,0,0,0,0,0,0,0,0,0,0,0
2565,6332,1,671,6333,532,345,2354,1317,1447,33,531,252,11,799,120,48,2566,0,0,0,0,0,0,0,0,0,0,0,0,0,0,0,0,0
2565,166,2502,6334,387,7,168,15,49,87,1499,6335,3,1082,112,401,4,331,244,2566,0,0,0,0,0,0,0,0,0,0,0,0,0,0,0
2565,2499,5,9,2500,23,1575,11,6336,29,2566,0,0,0,0,0,0,0,0,0,0,0,0,0,0,0,0,0,0,0,0,0,0,0,0
2565,6337,724,1,279,11,214,6338,27,2566,0,0,0,0,0,0,0,0,0,0,0,0,0,0,0,0,0,0,0,0,0,0,0,0,0
2565,680,967,63,6339,2503,634,6340,98,11,1403,6,1058,6341,6342,4,2503,1026,160,6343,566,176,7,1070,15,237,58,1,2566,0,0,0,0,0,0
2565,6344,6345,5,1427,476,7,529,397,22,175,55,396,75,682,2566,0,0,0,0,0,0,0,0,0,0,0,0,0,0,0,0,0,0,0
2565,557,4,6346,83,58,11,336,6,1042,4,6347,808,2504,2566,0,0,0,0,0,0,0,0,0,0,0,0,0,0,0,0,0,0,0,0
2565,268,9,10,1,674,91,63,1691,2468,6,115,64,110,423,35,862,1719,793,4,463,24,6348,6349,1069,6350,6351,2566,0,0,0,0,0,0,0
2565,12,5,9,6352,6353,4,6354,2566,0,0,0,0,0,0,0,0,0,0,0,0,0,0,0,0,0,0,0,0,0,0,0,0,0,0
2565,248,1,801,44,1130,40,38,6355,1053,6,944,41,6356,186,11,454,10,414,10,11,6357,4,2505,15,49,1011,17,11,248,6358,2566,0,0,0
2565,177,6359,556,6,1430,13,3,681,2566,0,0,0,0,0,0,0,0,0,0,0,0,0,0,0,0,0,0,0,0,0,0,0,0,0
2565,575,9,739,2506,1,561,10,3,670,24,347,6360,106,236,8,6361,62,47,2372,4,6362,6363,20,48,2566,0,0,0,0,0,0,0,0,0
2565,1089,2507,415,6,6364,15,5,536,2436,5,80,6,1089,477,4,6365,349,20,4,816,2566,0,0,0,0,0,0,0,0,0,0,0,0,0
2565,286,79,2430,41,6366,3,6367,6,6368,6369,10,1,6370,8,2201,19,20,4,816,2566,0,0,0,0,0,0,0,0,0,0,0,0,0,0
2565,2497,3,2452,15,5,6371,7,6372,1056,103,6373,595,53,6374,6375,199,2566,0,0,0,0,0,0,0,0,0,0,0,0,0,0,0,0,0
2565,78,6376,2566,0,0,0,0,0,0,0,0,0,0,0,0,0,0,0,0,0,0,0,0,0,0,0,0,0,0,0,0,0,0,0
2565,378,50,806,7,6377,132,6,9,11,1646,2240,2566,0,0,0,0,0,0,0,0,0,0,0,0,0,0,0,0,0,0,0,0,0,0
2565,677,8,6378,13,10,1,619,4,229,6379,169,2566,0,0,0,0,0,0,0,0,0,0,0,0,0,0,0,0,0,0,0,0,0,0
2565,461,68,830,3,345,6380,5,6381,141,28,2566,0,0,0,0,0,0,0,0,0,0,0,0,0,0,0,0,0,0,0,0,0,0,0
2565,17,5,444,7,6382,443,37,826,2508,319,443,37,56,2566,0,0,0,0,0,0,0,0,0,0,0,0,0,0,0,0,0,0,0,0
2565,147,286,6383,6,9,5,798,122,4,6384,2566,0,0,0,0,0,0,0,0,0,0,0,0,0,0,0,0,0,0,0,0,0,0,0
2565,142,71,835,31,2086,1090,41,133,6385,8,6386,140,9,10,6387,2150,1052,830,831,564,10,1,9,10,57,1806,2509,942,2566,0,0,0,0,0
2565,17,5,268,6388,2510,1072,969,10,4,6389,2566,0,0,0,0,0,0,0,0,0,0,0,0,0,0,0,0,0,0,0,0,0,0,0
2565,6390,16,185,3,875,6391,28,1091,148,258,887,148,4,6392,6393,1433,2566,0,0,0,0,0,0,0,0,0,0,0,0,0,0,0,0,0
2565,3,20,3,184,61,6394,565,1461,6395,6396,8,470,10,33,6397,10,11,2506,4,6398,6399,6400,6401,6402,72,2511,15,5,226,48,2566,0,0,0
2565,1755,173,47,95,674,7,1515,372,156,2566,0,0,0,0,0,0,0,0,0,0,0,0,0,0,0,0,0,0,0,0,0,0,0,0
2565,6403,1059,5,9,1043,140,221,2357,28,2566,0,0,0,0,0,0,0,0,0,0,0,0,0,0,0,0,0,0,0,0,0,0,0,0
2565,19,154,10,4,6404,586,103,31,28,2566,0,0,0,0,0,0,0,0,0,0,0,0,0,0,0,0,0,0,0,0,0,0,0,0
2565,9,10,1,1312,281,41,564,10,414,10,11,6405,4,2512,6406,134,4,1460,7,2513,16,29,2566,0,0,0,0,0,0,0,0,0,0,0
2565,191,563,9,5,565,2410,834,1090,11,358,7,6407,874,6,43,4,6408,2514,2566,0,0,0,0,0,0,0,0,0,0,0,0,0,0,0
2565,2515,11,2400,2401,8,380,559,668,832,5,1346,6,6409,6410,49,548,2566,0,0,0,0,0,0,0,0,0,0,0,0,0,0,0,0,0
2565,52,6411,205,441,6412,6413,15,131,83,839,2516,109,6414,2516,4,3,2465,29,2566,0,0,0,0,0,0,0,0,0,0,0,0,0,0,0
2565,1181,14,1668,3,1286,235,6415,1122,2566,0,0,0,0,0,0,0,0,0,0,0,0,0,0,0,0,0,0,0,0,0,0,0,0,0
2565,1409,6416,2566,0,0,0,0,0,0,0,0,0,0,0,0,0,0,0,0,0,0,0,0,0,0,0,0,0,0,0,0,0,0,0
2565,844,950,1,6417,6418,66,154,10,3,6419,2517,8,6420,6421,32,16,29,2566,0,0,0,0,0,0,0,0,0,0,0,0,0,0,0,0
2565,6422,1085,9,1424,6423,551,6424,11,1505,8,6425,92,16,29,2566,0,0,0,0,0,0,0,0,0,0,0,0,0,0,0,0,0,0,0
2565,6426,1,31,10,6427,313,6428,672,2566,0,0,0,0,0,0,0,0,0,0,0,0,0,0,0,0,0,0,0,0,0,0,0,0,0
2565,427,66,13,10,3,669,6,6429,6430,285,355,9,10,1,1083,9,10,3,2425,86,367,40,2518,6431,40,970,6432,6433,2566,0,0,0,0,0
2565,231,110,824,1464,58,3,825,6,6434,7,6435,2265,7,976,1203,2305,50,73,420,6,2466,925,2467,2566,0,0,0,0,0,0,0,0,0,0
2565,191,563,1091,148,1,6436,24,1667,217,10,33,6437,31,28,2566,0,0,0,0,0,0,0,0,0,0,0,0,0,0,0,0,0,0,0
2565,450,23,6438,50,58,1,6439,184,9,807,85,4,6440,548,2566,0,0,0,0,0,0,0,0,0,0,0,0,0,0,0,0,0,0,0
2565,567,1,268,2519,11,6441,201,15,5,1014,4,439,6442,56,2566,0,0,0,0,0,0,0,0,0,0,0,0,0,0,0,0,0,0,0
2565,191,151,10,3,3,280,10,4,1517,567,1,151,11,336,38,6443,2566,0,0,0,0,0,0,0,0,0,0,0,0,0,0,0,0,0
2565,1520,5,6444,6445,6446,8,6447,2566,0,0,0,0,0,0,0,0,0,0,0,0,0,0,0,0,0,0,0,0,0,0,0,0,0,0
2565,2520,5,143,240,6,306,4,6448,6449,240,6,81,7,1970,6450,6451,1073,5,143,240,6,81,419,1092,2566,0,0,0,0,0,0,0,0,0
2565,6452,5,1754,333,6453,132,6,476,7,127,244,2566,0,0,0,0,0,0,0,0,0,0,0,0,0,0,0,0,0,0,0,0,0,0
2565,2521,1,440,6,6454,476,7,1762,28,2566,0,0,0,0,0,0,0,0,0,0,0,0,0,0,0,0,0,0,0,0,0,0,0,0
2565,673,11,86,6455,7,6456,6457,334,424,836,11,286,691,763,2421,2522,48,2566,0,0,0,0,0,0,0,0,0,0,0,0,0,0,0,0
2565,6458,9,10,1,198,7,212,6459,100,4,1515,15,5,844,6460,10,4,6461,29,2566,0,0,0,0,0,0,0,0,0,0,0,0,0,0
2565,12,5,9,150,8,6462,6463,2566,0,0,0,0,0,0,0,0,0,0,0,0,0,0,0,0,0,0,0,0,0,0,0,0,0,0
2565,350,974,560,6464,2307,1078,91,6,783,3,181,6465,6466,83,1457,38,637,2566,0,0,0,0,0,0,0,0,0,0,0,0,0,0,0,0
2565,370,2395,5,3,248,6,6467,9,86,377,11,2394,73,6468,44,6469,2566,0,0,0,0,0,0,0,0,0,0,0,0,0,0,0,0,0
2565,247,7,149,80,23,6470,38,670,47,2327,276,176,1373,6,6471,3,95,13,33,6472,790,2566,0,0,0,0,0,0,0,0,0,0,0,0
2565,9,5,456,11,6473,6,115,64,1578,11,6474,169,2566,0,0,0,0,0,0,0,0,0,0,0,0,0,0,0,0,0,0,0,0,0
2565,9,10,1,1134,14,14,450,4,1675,5,169,2566,0,0,0,0,0,0,0,0,0,0,0,0,0,0,0,0,0,0,0,0,0,0
2565,557,3,6475,226,5,427,151,11,241,1810,1483,6476,2409,810,50,2334,6477,132,48,2566,0,0,0,0,0,0,0,0,0,0,0,0,0,0
2565,68,20,3,6478,1463,48,103,1060,554,8,795,1450,2566,0,0,0,0,0,0,0,0,0,0,0,0,0,0,0,0,0,0,0,0,0
2565,9,5,374,1378,341,10,4,6479,6480,1472,1319,196,16,29,2566,0,0,0,0,0,0,0,0,0,0,0,0,0,0,0,0,0,0,0
2565,6481,567,3,6482,6,6483,6484,2159,187,169,2566,0,0,0,0,0,0,0,0,0,0,0,0,0,0,0,0,0,0,0,0,0,0,0
2565,355,9,11,663,5,9,33,6485,123,64,137,535,11,85,4,6486,103,1450,2566,0,0,0,0,0,0,0,0,0,0,0,0,0,0,0
2565,135,1235,15,237,678,1,985,1426,198,7,31,15,5,2407,10,4,6487,285,2566,0,0,0,0,0,0,0,0,0,0,0,0,0,0,0
2565,2523,40,38,208,10,1,44,6488,4,15,481,889,4,6489,6490,267,2566,0,0,0,0,0,0,0,0,0,0,0,0,0,0,0,0,0
2565,9,1473,13,10,1,6491,9,460,6,186,16,1453,7,6492,2566,0,0,0,0,0,0,0,0,0,0,0,0,0,0,0,0,0,0,0
2565,287,373,57,207,828,668,5,6493,48,2566,0,0,0,0,0,0,0,0,0,0,0,0,0,0,0,0,0,0,0,0,0,0,0,0
2565,634,1503,10,1,93,10,11,1521,595,10,11,2511,6,866,1502,10,33,93,3,9,6494,123,105,6495,13,6496,4,653,6497,196,16,29,2566,0
2565,781,6,17,5,66,1385,10,4,841,2566,0,0,0,0,0,0,0,0,0,0,0,0,0,0,0,0,0,0,0,0,0,0,0,0
2565,2524,10,1,1479,8,6498,6499,64,2512,16,20,4,590,16,29,2566,0,0,0,0,0,0,0,0,0,0,0,0,0,0,0,0,0,0
2565,9,1473,9,10,6500,6501,802,4,6502,1510,2525,11,565,3,44,2526,2566,0,0,0,0,0,0,0,0,0,0,0,0,0,0,0,0,0
2565,344,937,24,6503,7,6504,2566,0,0,0,0,0,0,0,0,0,0,0,0,0,0,0,0,0,0,0,0,0,0,0,0,0,0,0
2565,9,173,1,815,23,1199,240,341,48,2566,0,0,0,0,0,0,0,0,0,0,0,0,0,0,0,0,0,0,0,0,0,0,0,0
2565,9,474,1,160,6505,6506,335,16,6507,3,145,6508,312,12,541,2566,0,0,0,0,0,0,0,0,0,0,0,0,0,0,0,0,0,0
2565,540,518,157,4,6509,1433,2566,0,0,0,0,0,0,0,0,0,0,0,0,0,0,0,0,0,0,0,0,0,0,0,0,0,0,0
2565,135,3,10,1378,73,654,4,1494,2023,2566,0,0,0,0,0,0,0,0,0,0,0,0,0,0,0,0,0,0,0,0,0,0,0,0
2565,286,79,1474,53,24,745,6510,2527,3,135,2492,11,1474,10,47,284,2350,6,935,2566,0,0,0,0,0,0,0,0,0,0,0,0,0,0
2565,17,5,316,38,954,4,6511,6512,552,63,1189,2250,4,6513,2566,0,0,0,0,0,0,0,0,0,0,0,0,0,0,0,0,0,0,0
2565,228,1492,1485,1,607,6514,4,6515,131,83,6516,566,2566,0,0,0,0,0,0,0,0,0,0,0,0,0,0,0,0,0,0,0,0,0
2565,44,214,120,5,13,10,3,55,66,232,4,6517,20,48,2566,0,0,0,0,0,0,0,0,0,0,0,0,0,0,0,0,0,0,0
2565,613,24,2528,2529,6518,4,1080,2419,6519,6,6520,285,2566,0,0,0,0,0,0,0,0,0,0,0,0,0,0,0,0,0,0,0,0,0
2565,6521,457,143,2530,143,240,6,1084,1051,156,2566,0,0,0,0,0,0,0,0,0,0,0,0,0,0,0,0,0,0,0,0,0,0,0
2565,480,205,839,1495,218,105,628,128,6522,543,91,252,48,2566,0,0,0,0,0,0,0,0,0,0,0,0,0,0,0,0,0,0,0,0
2565,308,47,12,5,307,6523,6,120,8,216,2566,0,0,0,0,0,0,0,0,0,0,0,0,0,0,0,0,0,0,0,0,0,0,0
2565,58,1,86,1018,4,6524,2531,374,1018,4,277,106,6525,7,6526,2566,0,0,0,0,0,0,0,0,0,0,0,0,0,0,0,0,0,0
2565,125,3,6527,2566,0,0,0,0,0,0,0,0,0,0,0,0,0,0,0,0,0,0,0,0,0,0,0,0,0,0,0,0,0,0
2565,1163,718,4,6528,2566,0,0,0,0,0,0,0,0,0,0,0,0,0,0,0,0,0,0,0,0,0,0,0,0,0,0,0,0,0
2565,9,5,1298,7,181,15,235,1514,2502,3,2510,763,6529,6530,1191,2566,0,0,0,0,0,0,0,0,0,0,0,0,0,0,0,0,0,0
2565,1917,6531,5,6532,4,6533,6534,1220,6535,1343,2566,0,0,0,0,0,0,0,0,0,0,0,0,0,0,0,0,0,0,0,0,0,0,0
2565,1408,9,5,2532,47,1086,7,2533,72,43,10,47,284,1044,4,6536,2532,4,119,6537,6538,191,1086,7,2533,72,6539,1086,7,6540,6541,565,919,2566
2565,1084,62,1,6542,5,143,2530,143,156,2566,0,0,0,0,0,0,0,0,0,0,0,0,0,0,0,0,0,0,0,0,0,0,0,0
2565,9,5,373,7,83,6543,4,6544,2566,0,0,0,0,0,0,0,0,0,0,0,0,0,0,0,0,0,0,0,0,0,0,0,0,0
2565,9,10,1,2525,2397,6,840,15,131,92,2474,1513,6545,4,14,2028,2566,0,0,0,0,0,0,0,0,0,0,0,0,0,0,0,0,0
2565,228,6546,5,6547,240,753,9,173,11,802,6548,6549,6,138,6550,8,413,6551,83,473,7,6552,2566,0,0,0,0,0,0,0,0,0,0,0
2565,9,6553,5,94,202,6554,2566,0,0,0,0,0,0,0,0,0,0,0,0,0,0,0,0,0,0,0,0,0,0,0,0,0,0,0
2565,9,5,6555,6556,6,335,7,252,2439,43,4,1522,6557,24,833,1390,2566,0,0,0,0,0,0,0,0,0,0,0,0,0,0,0,0,0
2565,1523,367,63,6558,4,313,16,1009,8,183,2566,0,0,0,0,0,0,0,0,0,0,0,0,0,0,0,0,0,0,0,0,0,0,0
2565,166,1083,1671,542,2566,0,0,0,0,0,0,0,0,0,0,0,0,0,0,0,0,0,0,0,0,0,0,0,0,0,0,0,0,0
2565,1524,5,9,7,101,6559,134,4,1287,2566,0,0,0,0,0,0,0,0,0,0,0,0,0,0,0,0,0,0,0,0,0,0,0,0
2565,625,5,665,550,958,5,665,48,2566,0,0,0,0,0,0,0,0,0,0,0,0,0,0,0,0,0,0,0,0,0,0,0,0,0
2565,675,5,9,10,4,6560,35,56,2566,0,0,0,0,0,0,0,0,0,0,0,0,0,0,0,0,0,0,0,0,0,0,0,0,0
2565,812,2534,712,8,6561,2566,0,0,0,0,0,0,0,0,0,0,0,0,0,0,0,0,0,0,0,0,0,0,0,0,0,0,0,0
2565,6562,11,2442,6563,422,23,1326,1792,967,6,186,16,1049,6564,6565,530,843,2304,439,8,1451,7,2301,16,29,2566,0,0,0,0,0,0,0,0
2565,6566,98,6567,5,294,31,16,29,6568,170,15,51,1475,6569,2078,81,889,4,1603,422,4,6570,382,7,2326,6571,2566,0,0,0,0,0,0,0
2565,96,37,460,4,6572,6573,789,183,2566,0,0,0,0,0,0,0,0,0,0,0,0,0,0,0,0,0,0,0,0,0,0,0,0,0
2565,661,38,6574,276,2501,3,58,11,80,265,756,6575,566,2566,0,0,0,0,0,0,0,0,0,0,0,0,0,0,0,0,0,0,0,0
2565,1088,1,6576,1454,7,890,2566,0,0,0,0,0,0,0,0,0,0,0,0,0,0,0,0,0,0,0,0,0,0,0,0,0,0,0
2565,575,58,1,58,11,6577,7,6578,6579,6580,442,2566,0,0,0,0,0,0,0,0,0,0,0,0,0,0,0,0,0,0,0,0,0,0
2565,9,5,9,11,626,513,24,13,10,33,6581,267,2566,0,0,0,0,0,0,0,0,0,0,0,0,0,0,0,0,0,0,0,0,0
2565,2329,823,16,13,6582,95,20,10,3,150,957,1804,1866,2566,0,0,0,0,0,0,0,0,0,0,0,0,0,0,0,0,0,0,0,0
2565,6583,838,8,321,6584,288,16,29,2566,0,0,0,0,0,0,0,0,0,0,0,0,0,0,0,0,0,0,0,0,0,0,0,0,0
2565,43,1,2480,6585,4,6586,2429,9,10,3,427,11,81,7,1381,3,664,1245,2535,2566,0,0,0,0,0,0,0,0,0,0,0,0,0,0
2565,9,5,177,6587,1285,2566,0,0,0,0,0,0,0,0,0,0,0,0,0,0,0,0,0,0,0,0,0,0,0,0,0,0,0,0
2565,1280,7,2213,6588,35,1195,5,6589,1365,7,2536,190,2566,0,0,0,0,0,0,0,0,0,0,0,0,0,0,0,0,0,0,0,0,0
2565,127,6590,6591,2566,0,0,0,0,0,0,0,0,0,0,0,0,0,0,0,0,0,0,0,0,0,0,0,0,0,0,0,0,0,0
2565,58,3,2063,2537,40,53,1018,4,6592,43,4,6593,6594,2566,0,0,0,0,0,0,0,0,0,0,0,0,0,0,0,0,0,0,0,0
2565,1520,7,1936,1090,11,6595,8,1448,23,6596,2566,0,0,0,0,0,0,0,0,0,0,0,0,0,0,0,0,0,0,0,0,0,0,0
2565,9,5,347,221,52,28,2566,0,0,0,0,0,0,0,0,0,0,0,0,0,0,0,0,0,0,0,0,0,0,0,0,0,0,0
2565,454,10,1,3,70,44,165,6597,798,2519,10,24,833,6598,6599,173,6,115,1069,6600,6601,2566,0,0,0,0,0,0,0,0,0,0,0,0
2565,6602,1756,6603,46,6604,2566,0,0,0,0,0,0,0,0,0,0,0,0,0,0,0,0,0,0,0,0,0,0,0,0,0,0,0,0
2565,9,10,1,2,2242,626,796,103,31,28,2566,0,0,0,0,0,0,0,0,0,0,0,0,0,0,0,0,0,0,0,0,0,0,0
2565,117,918,218,105,6605,2566,0,0,0,0,0,0,0,0,0,0,0,0,0,0,0,0,0,0,0,0,0,0,0,0,0,0,0,0
2565,14,6606,1406,6,865,15,5,739,226,5,100,3,299,7,2386,160,6607,132,48,2566,0,0,0,0,0,0,0,0,0,0,0,0,0,0
2565,66,953,23,13,10,1,6608,6,6609,4,2498,822,10,1,101,6610,1260,4,298,2566,0,0,0,0,0,0,0,0,0,0,0,0,0,0
2565,166,1523,122,10,1,2538,1958,6611,2566,0,0,0,0,0,0,0,0,0,0,0,0,0,0,0,0,0,0,0,0,0,0,0,0,0
2565,247,7,149,86,13,10,1,6612,6613,803,13,4,6614,6615,32,16,29,2566,0,0,0,0,0,0,0,0,0,0,0,0,0,0,0,0
2565,6616,1008,1,565,4,6617,28,2566,0,0,0,0,0,0,0,0,0,0,0,0,0,0,0,0,0,0,0,0,0,0,0,0,0,0
2565,256,41,133,374,1431,109,4,50,5,6618,43,6,614,16,2496,4,906,1055,1413,236,8,56,2566,0,0,0,0,0,0,0,0,0,0,0
2565,9,5,104,6619,11,1858,23,9,150,629,543,7,6620,6,6621,533,38,2460,28,2566,0,0,0,0,0,0,0,0,0,0,0,0,0,0
2565,1081,3,1034,6,2539,1034,8,6622,3,19,29,2566,0,0,0,0,0,0,0,0,0,0,0,0,0,0,0,0,0,0,0,0,0,0
2565,86,435,10,1,6623,429,7,6624,830,831,6625,10,679,93,4,829,16,29,2566,0,0,0,0,0,0,0,0,0,0,0,0,0,0,0
2565,166,2196,37,6626,1484,641,6,614,6627,629,1449,8,1310,267,2566,0,0,0,0,0,0,0,0,0,0,0,0,0,0,0,0,0,0,0
2565,556,6,1430,16,13,3,1525,963,4,866,6628,291,2045,6,6629,2540,7,841,2566,0,0,0,0,0,0,0,0,0,0,0,0,0,0,0
2565,96,1311,93,3,6630,422,4,6631,13,1,89,752,3,6632,32,30,224,2566,0,0,0,0,0,0,0,0,0,0,0,0,0,0,0,0
2565,1489,5,9,7,815,6,128,555,948,6633,2566,0,0,0,0,0,0,0,0,0,0,0,0,0,0,0,0,0,0,0,0,0,0,0
2565,6634,763,5,1851,429,5,17,33,6635,11,821,38,339,405,6636,199,2566,0,0,0,0,0,0,0,0,0,0,0,0,0,0,0,0,0
2565,60,5,225,6637,2488,6638,7,298,2566,0,0,0,0,0,0,0,0,0,0,0,0,0,0,0,0,0,0,0,0,0,0,0,0,0
2565,247,7,149,444,6639,6640,6641,47,6642,6643,6644,6645,7,6646,181,276,2236,6647,472,3,6648,1072,1925,10,33,2566,0,0,0,0,0,0,0,0
2565,814,178,4,6649,178,4,2463,2566,0,0,0,0,0,0,0,0,0,0,0,0,0,0,0,0,0,0,0,0,0,0,0,0,0,0
2565,3,70,2541,5,1825,298,2566,0,0,0,0,0,0,0,0,0,0,0,0,0,0,0,0,0,0,0,0,0,0,0,0,0,0,0
2565,678,3,198,985,1426,7,370,6650,6651,2566,0,0,0,0,0,0,0,0,0,0,0,0,0,0,0,0,0,0,0,0,0,0,0,0
2565,3,10,595,10,1,6652,11,1502,10,3,6653,1521,7,1386,6654,2566,0,0,0,0,0,0,0,0,0,0,0,0,0,0,0,0,0,0
2565,6655,5,675,8,6656,140,6,60,11,2170,4,6657,6658,132,6,476,7,127,244,2566,0,0,0,0,0,0,0,0,0,0,0,0,0,0
2565,1524,5,929,81,6,6659,1501,401,3,56,2566,0,0,0,0,0,0,0,0,0,0,0,0,0,0,0,0,0,0,0,0,0,0,0
2565,43,1,671,463,7,92,106,50,687,8,2319,6660,2535,2566,0,0,0,0,0,0,0,0,0,0,0,0,0,0,0,0,0,0,0,0
2565,12,5,17,8,277,16,291,7,2531,6661,60,6662,6663,9,291,7,6664,2566,0,0,0,0,0,0,0,0,0,0,0,0,0,0,0,0
2565,66,62,3,6665,1514,9,10,1,2422,419,1092,2566,0,0,0,0,0,0,0,0,0,0,0,0,0,0,0,0,0,0,0,0,0,0
2565,93,3,328,6666,20,4,380,290,2566,0,0,0,0,0,0,0,0,0,0,0,0,0,0,0,0,0,0,0,0,0,0,0,0,0
2565,6667,23,6668,6669,12,120,1060,554,6,186,16,6670,970,4,2219,290,2566,0,0,0,0,0,0,0,0,0,0,0,0,0,0,0,0,0
2565,88,6671,2566,0,0,0,0,0,0,0,0,0,0,0,0,0,0,0,0,0,0,0,0,0,0,0,0,0,0,0,0,0,0,0
2565,6672,142,2494,1,6673,2566,0,0,0,0,0,0,0,0,0,0,0,0,0,0,0,0,0,0,0,0,0,0,0,0,0,0,0,0
2565,43,37,1542,243,224,2566,0,0,0,0,0,0,0,0,0,0,0,0,0,0,0,0,0,0,0,0,0,0,0,0,0,0,0,0
2565,12,11,1501,767,6674,5,519,29,2566,0,0,0,0,0,0,0,0,0,0,0,0,0,0,0,0,0,0,0,0,0,0,0,0,0
2565,191,6675,411,11,16,235,988,10,72,128,291,7,6676,6677,43,1,6678,1631,291,360,2566,0,0,0,0,0,0,0,0,0,0,0,0,0
2565,3,20,3,6679,6680,6681,6682,6683,10,91,16,185,3,31,28,2566,0,0,0,0,0,0,0,0,0,0,0,0,0,0,0,0,0,0
2565,355,17,5,6684,1516,37,1492,40,126,103,31,285,2566,0,0,0,0,0,0,0,0,0,0,0,0,0,0,0,0,0,0,0,0,0
2565,6685,58,33,2542,6686,7,6687,2566,0,0,0,0,0,0,0,0,0,0,0,0,0,0,0,0,0,0,0,0,0,0,0,0,0,0
2565,1361,63,308,3,673,7,6688,323,7,26,2173,51,2543,132,776,5,241,8,6689,2566,0,0,0,0,0,0,0,0,0,0,0,0,0,0
2565,12,5,80,6,6690,123,64,180,64,85,4,6691,6692,7,380,28,2566,0,0,0,0,0,0,0,0,0,0,0,0,0,0,0,0,0
2565,451,228,6693,145,379,6,278,3,785,379,6,409,85,4,6694,2566,0,0,0,0,0,0,0,0,0,0,0,0,0,0,0,0,0,0
2565,6695,248,843,2544,1,86,818,205,6696,108,20,6697,398,181,559,160,846,40,3,6698,2566,0,0,0,0,0,0,0,0,0,0,0,0,0
2565,6699,6700,6701,1997,6,1084,1051,156,2566,0,0,0,0,0,0,0,0,0,0,0,0,0,0,0,0,0,0,0,0,0,0,0,0,0
2565,2339,41,2338,57,23,379,5,13,10,33,160,983,2566,0,0,0,0,0,0,0,0,0,0,0,0,0,0,0,0,0,0,0,0,0
2565,929,326,4,399,2566,0,0,0,0,0,0,0,0,0,0,0,0,0,0,0,0,0,0,0,0,0,0,0,0,0,0,0,0,0
2565,16,2109,6,3,1498,10,11,1033,5,961,2382,267,2566,0,0,0,0,0,0,0,0,0,0,0,0,0,0,0,0,0,0,0,0,0
2565,247,7,149,1323,134,1,217,10,33,288,7,168,106,50,265,6702,252,7,1395,202,6703,2285,16,29,2566,0,0,0,0,0,0,0,0,0
2565,525,4,6704,9,11,422,48,2566,0,0,0,0,0,0,0,0,0,0,0,0,0,0,0,0,0,0,0,0,0,0,0,0,0,0
2565,9,10,1,14,52,306,333,6705,2566,0,0,0,0,0,0,0,0,0,0,0,0,0,0,0,0,0,0,0,0,0,0,0,0,0
2565,191,563,470,5,2346,914,38,6706,9,8,1538,6707,6708,841,2300,84,6709,2309,38,6710,1900,2566,0,0,0,0,0,0,0,0,0,0,0,0
2565,2523,6711,23,13,10,414,11,513,4,6712,6713,2566,0,0,0,0,0,0,0,0,0,0,0,0,0,0,0,0,0,0,0,0,0,0
2565,247,7,149,206,11,2524,10,1,247,6714,3,10,135,6715,1072,6716,6717,242,290,2566,0,0,0,0,0,0,0,0,0,0,0,0,0,0
2565,160,66,435,10,3,93,4,829,15,5,6718,12,1042,6719,6720,56,2566,0,0,0,0,0,0,0,0,0,0,0,0,0,0,0,0,0
2565,268,2413,1,724,140,277,15,49,1418,2427,52,1990,56,2566,0,0,0,0,0,0,0,0,0,0,0,0,0,0,0,0,0,0,0,0
2565,2521,5,14,767,48,2566,0,0,0,0,0,0,0,0,0,0,0,0,0,0,0,0,0,0,0,0,0,0,0,0,0,0,0,0
2565,1464,6721,58,1,9,10,33,486,3,173,4,6722,6723,6724,9,2420,3,722,28,2566,0,0,0,0,0,0,0,0,0,0,0,0,0,0
2565,6725,49,46,13,10,1,1065,6726,7,6727,6728,4,9,474,6,2118,290,2566,0,0,0,0,0,0,0,0,0,0,0,0,0,0,0,0
2565,3,6729,6730,8,45,2566,0,0,0,0,0,0,0,0,0,0,0,0,0,0,0,0,0,0,0,0,0,0,0,0,0,0,0,0
2565,3,70,17,5,2545,7,83,221,52,35,56,2566,0,0,0,0,0,0,0,0,0,0,0,0,0,0,0,0,0,0,0,0,0,0
2565,2450,10,421,744,43,1,2546,6731,47,1516,2464,676,23,334,2251,289,44,1838,288,7,6732,2566,0,0,0,0,0,0,0,0,0,0,0,0
2565,9,898,387,6733,733,4,3,664,5,1000,425,4,2241,2566,0,0,0,0,0,0,0,0,0,0,0,0,0,0,0,0,0,0,0,0
2565,781,63,335,6734,6735,610,7,6736,418,753,6737,2566,0,0,0,0,0,0,0,0,0,0,0,0,0,0,0,0,0,0,0,0,0,0
2565,12,5,60,33,258,433,8,6738,681,2566,0,0,0,0,0,0,0,0,0,0,0,0,0,0,0,0,0,0,0,0,0,0,0,0
2565,1091,148,1,44,165,1980,45,6739,4,6740,6741,6742,2566,0,0,0,0,0,0,0,0,0,0,0,0,0,0,0,0,0,0,0,0,0
2565,6743,53,154,10,1,307,6744,3,6745,2537,40,53,6746,351,4,2536,190,2566,0,0,0,0,0,0,0,0,0,0,0,0,0,0,0,0
2565,191,268,135,2345,1472,1526,2566,0,0,0,0,0,0,0,0,0,0,0,0,0,0,0,0,0,0,0,0,0,0,0,0,0,0,0
2565,12,11,6747,5,339,6748,2566,0,0,0,0,0,0,0,0,0,0,0,0,0,0,0,0,0,0,0,0,0,0,0,0,0,0,0
2565,9,5,6749,201,11,6750,6,186,6751,140,210,28,2566,0,0,0,0,0,0,0,0,0,0,0,0,0,0,0,0,0,0,0,0,0
2565,191,562,86,13,10,1,1945,2495,7,2175,2566,0,0,0,0,0,0,0,0,0,0,0,0,0,0,0,0,0,0,0,0,0,0,0
2565,104,172,23,43,4,6752,2566,0,0,0,0,0,0,0,0,0,0,0,0,0,0,0,0,0,0,0,0,0,0,0,0,0,0,0
2565,58,1,556,23,2547,2548,1525,23,2547,2548,2566,0,0,0,0,0,0,0,0,0,0,0,0,0,0,0,0,0,0,0,0,0,0,0
2565,104,10,47,12,5,802,140,6,6753,6,339,290,2566,0,0,0,0,0,0,0,0,0,0,0,0,0,0,0,0,0,0,0,0,0
2565,43,2408,1016,2549,48,2566,0,0,0,0,0,0,0,0,0,0,0,0,0,0,0,0,0,0,0,0,0,0,0,0,0,0,0,0
2565,6754,336,4,6755,95,13,10,1,346,4,101,483,1413,236,8,56,2566,0,0,0,0,0,0,0,0,0,0,0,0,0,0,0,0,0
2565,287,13,3,2278,6756,6,2493,2566,0,0,0,0,0,0,0,0,0,0,0,0,0,0,0,0,0,0,0,0,0,0,0,0,0,0
2565,86,840,10,1,335,620,4,6757,649,1511,10,4,1077,2566,0,0,0,0,0,0,0,0,0,0,0,0,0,0,0,0,0,0,0,0
2565,43,1,6758,672,2566,0,0,0,0,0,0,0,0,0,0,0,0,0,0,0,0,0,0,0,0,0,0,0,0,0,0,0,0,0
2565,6759,11,663,14,8,6760,50,6761,37,152,10,1,862,755,411,6,187,6762,2566,0,0,0,0,0,0,0,0,0,0,0,0,0,0,0
2565,677,5,307,403,1928,498,16,29,2566,0,0,0,0,0,0,0,0,0,0,0,0,0,0,0,0,0,0,0,0,0,0,0,0,0
2565,9,10,1,9,6763,6,1396,7,6764,499,7,6765,195,2566,0,0,0,0,0,0,0,0,0,0,0,0,0,0,0,0,0,0,0,0
2565,1089,477,3,306,6,68,2344,419,6766,1416,6767,2566,0,0,0,0,0,0,0,0,0,0,0,0,0,0,0,0,0,0,0,0,0,0
2565,247,7,10,237,9,10,1,6768,8,6769,560,4,6770,15,51,787,826,658,6771,6772,6773,6774,56,2566,0,0,0,0,0,0,0,0,0,0
2565,1081,3,17,6775,6,2539,59,420,3,6776,190,2566,0,0,0,0,0,0,0,0,0,0,0,0,0,0,0,0,0,0,0,0,0,0
2565,752,3,6777,6778,2566,0,0,0,0,0,0,0,0,0,0,0,0,0,0,0,0,0,0,0,0,0,0,0,0,0,0,0,0,0
2565,12,5,150,7,6779,6780,2566,0,0,0,0,0,0,0,0,0,0,0,0,0,0,0,0,0,0,0,0,0,0,0,0,0,0,0
2565,43,1,66,2416,13,10,33,737,8,216,2566,0,0,0,0,0,0,0,0,0,0,0,0,0,0,0,0,0,0,0,0,0,0,0
2565,307,6781,120,7,807,15,5,515,11,807,85,3,2228,1061,8,56,2566,0,0,0,0,0,0,0,0,0,0,0,0,0,0,0,0,0
2565,31,405,6782,178,4,6783,994,2566,0,0,0,0,0,0,0,0,0,0,0,0,0,0,0,0,0,0,0,0,0,0,0,0,0,0
2565,137,266,154,10,3,17,10,868,6,56,2566,0,0,0,0,0,0,0,0,0,0,0,0,0,0,0,0,0,0,0,0,0,0,0
2565,110,52,9,8,378,50,806,7,6784,1455,338,9,5,796,8,517,6785,2566,0,0,0,0,0,0,0,0,0,0,0,0,0,0,0,0
2565,90,1497,1508,1026,207,66,2472,4,6786,2566,0,0,0,0,0,0,0,0,0,0,0,0,0,0,0,0,0,0,0,0,0,0,0,0
2565,70,8,6787,6788,4,6789,6790,3,6791,2566,0,0,0,0,0,0,0,0,0,0,0,0,0,0,0,0,0,0,0,0,0,0,0,0
2565,680,469,5,88,6792,2434,2566,0,0,0,0,0,0,0,0,0,0,0,0,0,0,0,0,0,0,0,0,0,0,0,0,0,0,0
2565,16,259,8,62,4,6793,509,7,6794,195,2566,0,0,0,0,0,0,0,0,0,0,0,0,0,0,0,0,0,0,0,0,0,0,0
2565,17,5,6795,6796,2566,0,0,0,0,0,0,0,0,0,0,0,0,0,0,0,0,0,0,0,0,0,0,0,0,0,0,0,0,0
2565,9,2527,1,562,16,309,4,1055,1071,33,311,4,6797,28,2566,0,0,0,0,0,0,0,0,0,0,0,0,0,0,0,0,0,0,0
2565,1493,11,2298,6798,6799,2470,3,43,6,115,64,112,51,190,2566,0,0,0,0,0,0,0,0,0,0,0,0,0,0,0,0,0,0,0
2565,2550,10,3,164,7,111,667,43,1,2550,10,3,901,7,6800,66,62,4,6801,236,8,1006,288,16,29,2566,0,0,0,0,0,0,0,0
2565,43,1,669,171,1429,1500,3,103,1476,2566,0,0,0,0,0,0,0,0,0,0,0,0,0,0,0,0,0,0,0,0,0,0,0,0
2565,2,1,378,50,806,7,6802,6803,4,6804,28,2566,0,0,0,0,0,0,0,0,0,0,0,0,0,0,0,0,0,0,0,0,0,0
2565,6805,1,426,6806,7,6807,427,1513,2459,109,420,23,6808,136,9,227,4,2204,2566,0,0,0,0,0,0,0,0,0,0,0,0,0,0,0
2565,17,57,8,60,7,6809,60,8,607,81,24,6810,6811,60,33,585,6812,2566,0,0,0,0,0,0,0,0,0,0,0,0,0,0,0,0
2565,286,79,1519,41,1088,3,316,6,637,2566,0,0,0,0,0,0,0,0,0,0,0,0,0,0,0,0,0,0,0,0,0,0,0,0
2565,9,6813,63,530,3,160,1201,40,6814,132,6,13,10,1,369,43,6,1247,235,597,1506,2566,0,0,0,0,0,0,0,0,0,0,0,0
2565,6815,2428,1491,4,809,310,83,64,2478,10,1,1240,1416,15,481,774,10,4,966,6816,133,201,4,1417,1289,183,2566,0,0,0,0,0,0,0
2565,1937,7,6817,15,481,6818,6,115,2090,7,2446,15,49,6819,6820,48,2566,0,0,0,0,0,0,0,0,0,0,0,0,0,0,0,0,0
2565,26,11,950,109,6821,7,6822,106,50,5,6823,30,357,2566,0,0,0,0,0,0,0,0,0,0,0,0,0,0,0,0,0,0,0,0
2565,14,1169,351,6,6824,50,6825,6826,194,8,621,4,6827,6828,391,2566,0,0,0,0,0,0,0,0,0,0,0,0,0,0,0,0,0,0
2565,2487,62,140,2402,6829,10,1,6830,6831,492,7,6832,183,2566,0,0,0,0,0,0,0,0,0,0,0,0,0,0,0,0,0,0,0,0
2565,166,143,1518,6833,68,6834,263,29,2566,0,0,0,0,0,0,0,0,0,0,0,0,0,0,0,0,0,0,0,0,0,0,0,0,0
2565,2059,6835,2566,0,0,0,0,0,0,0,0,0,0,0,0,0,0,0,0,0,0,0,0,0,0,0,0,0,0,0,0,0,0,0
2565,86,154,10,33,503,3,6836,6837,117,771,63,398,6838,183,2566,0,0,0,0,0,0,0,0,0,0,0,0,0,0,0,0,0,0,0
2565,675,5,307,6839,26,5,67,1251,309,6840,103,932,6841,2566,0,0,0,0,0,0,0,0,0,0,0,0,0,0,0,0,0,0,0,0
2565,60,5,433,8,16,143,6842,6,2508,6843,2566,0,0,0,0,0,0,0,0,0,0,0,0,0,0,0,0,0,0,0,0,0,0,0
2565,14,8,6844,123,64,161,6845,625,7,1237,2566,0,0,0,0,0,0,0,0,0,0,0,0,0,0,0,0,0,0,0,0,0,0,0
2565,13,10,1,43,4,6846,6847,6848,6849,43,3,370,6850,103,6851,2566,0,0,0,0,0,0,0,0,0,0,0,0,0,0,0,0,0,0
2565,74,6,248,11,66,804,4,6852,6853,9,11,6854,6855,1,1525,2355,4,277,16,16,152,11,423,8,749,2566,0,0,0,0,0,0,0,0
2565,43,1,562,762,3,2192,2566,0,0,0,0,0,0,0,0,0,0,0,0,0,0,0,0,0,0,0,0,0,0,0,0,0,0,0
2565,6856,801,6857,20,4,816,1504,14,6858,524,7,1368,6859,12,5,44,212,6860,2566,0,0,0,0,0,0,0,0,0,0,0,0,0,0,0
2565,464,17,5,337,146,64,128,2551,6861,6862,6863,4,6864,2566,0,0,0,0,0,0,0,0,0,0,0,0,0,0,0,0,0,0,0,0
2565,2288,11,460,4,6865,803,13,10,1,96,1394,6866,38,2552,190,2566,0,0,0,0,0,0,0,0,0,0,0,0,0,0,0,0,0,0
2565,1520,5,268,2507,15,131,6867,72,125,6868,51,6869,2566,0,0,0,0,0,0,0,0,0,0,0,0,0,0,0,0,0,0,0,0,0
2565,58,1,812,3,20,3,613,6870,66,557,4,2347,2099,32,290,2566,0,0,0,0,0,0,0,0,0,0,0,0,0,0,0,0,0,0
2565,247,7,149,6871,6872,10,1,2415,6873,228,4,6874,809,310,83,291,24,276,1432,6875,4,6876,28,2566,0,0,0,0,0,0,0,0,0,0
2565,9,444,5,159,2358,147,6877,842,3,6878,6879,2566,0,0,0,0,0,0,0,0,0,0,0,0,0,0,0,0,0,0,0,0,0,0
2565,479,5,754,6,827,2481,2566,0,0,0,0,0,0,0,0,0,0,0,0,0,0,0,0,0,0,0,0,0,0,0,0,0,0,0
2565,6880,8,2454,6,6881,50,9,11,558,1,6882,6,6883,415,6,125,4,852,15,235,9,6884,4,1074,1055,2542,1074,1354,6,6885,15,51,2566,0
2565,9,154,5,666,146,1480,2566,0,0,0,0,0,0,0,0,0,0,0,0,0,0,0,0,0,0,0,0,0,0,0,0,0,0,0
2565,639,6886,6887,217,10,1,160,6888,2566,0,0,0,0,0,0,0,0,0,0,0,0,0,0,0,0,0,0,0,0,0,0,0,0,0
2565,365,5,368,7,251,35,12,5,1041,314,2455,16,29,2566,0,0,0,0,0,0,0,0,0,0,0,0,0,0,0,0,0,0,0,0
2565,2534,4,6889,6890,5,6891,2279,7,353,28,2566,0,0,0,0,0,0,0,0,0,0,0,0,0,0,0,0,0,0,0,0,0,0,0
2565,1075,1,268,6892,4,1508,35,1334,13,10,4,6893,133,1998,201,4,529,6894,6895,980,2566,0,0,0,0,0,0,0,0,0,0,0,0,0
2565,2541,5,309,6896,6897,4,101,6898,28,2566,0,0,0,0,0,0,0,0,0,0,0,0,0,0,0,0,0,0,0,0,0,0,0,0
2565,422,3,157,389,253,103,9,5,681,2566,0,0,0,0,0,0,0,0,0,0,0,0,0,0,0,0,0,0,0,0,0,0,0,0
2565,759,6899,684,6900,2566,0,0,0,0,0,0,0,0,0,0,0,0,0,0,0,0,0,0,0,0,0,0,0,0,0,0,0,0,0
2565,292,6901,3,6902,464,63,9,10,1,331,2545,140,9,10,4,2491,6903,6904,679,6905,6906,2566,0,0,0,0,0,0,0,0,0,0,0,0
2565,6907,143,2553,530,3,6908,11,6909,48,6910,11,6911,1067,132,6,2356,10,1,6912,6913,1587,878,4,6914,190,2566,0,0,0,0,0,0,0,0
2565,2554,41,2555,5,9,11,220,282,6,938,592,2566,0,0,0,0,0,0,0,0,0,0,0,0,0,0,0,0,0,0,0,0,0,0
2565,6915,709,7,6916,818,2404,6917,103,323,7,6918,2566,0,0,0,0,0,0,0,0,0,0,0,0,0,0,0,0,0,0,0,0,0,0
2565,9,10,1,1527,7,1694,24,6919,1527,6920,199,2566,0,0,0,0,0,0,0,0,0,0,0,0,0,0,0,0,0,0,0,0,0,0
2565,836,11,556,10,23,2210,266,13,10,3,1458,24,6921,6922,2566,0,0,0,0,0,0,0,0,0,0,0,0,0,0,0,0,0,0,0
2565,6923,6924,170,893,11,147,283,6925,6926,37,2526,170,893,11,3,147,2113,24,206,11,6927,41,6928,3,6929,15,5,1043,3,2566,0,0,0,0
2565,206,11,373,23,470,10,6930,6931,73,647,7,44,6932,20,1,6933,2566,0,0,0,0,0,0,0,0,0,0,0,0,0,0,0,0,0
2565,6934,917,6935,378,11,217,10,1,2435,4,6936,6937,134,3,56,2566,0,0,0,0,0,0,0,0,0,0,0,0,0,0,0,0,0,0
2565,1080,2540,10,47,6938,6939,6940,2528,11,2529,560,4,6941,6942,6943,261,2364,16,29,2566,0,0,0,0,0,0,0,0,0,0,0,0,0,0
2565,678,1,1225,284,605,4,1526,2566,0,0,0,0,0,0,0,0,0,0,0,0,0,0,0,0,0,0,0,0,0,0,0,0,0,0
2565,3,70,9,10,1,9,543,6944,150,957,1453,128,227,4,6945,928,2566,0,0,0,0,0,0,0,0,0,0,0,0,0,0,0,0,0
2565,74,63,2135,226,8,56,2566,0,0,0,0,0,0,0,0,0,0,0,0,0,0,0,0,0,0,0,0,0,0,0,0,0,0,0
2565,68,5,234,599,616,712,8,6946,2566,0,0,0,0,0,0,0,0,0,0,0,0,0,0,0,0,0,0,0,0,0,0,0,0,0
2565,6947,6,1060,554,1468,5,2340,419,1092,2566,0,0,0,0,0,0,0,0,0,0,0,0,0,0,0,0,0,0,0,0,0,0,0,0
2565,567,1,151,421,30,1414,207,1397,2348,91,6948,2566,0,0,0,0,0,0,0,0,0,0,0,0,0,0,0,0,0,0,0,0,0,0
2565,25,473,6,186,16,718,3,6949,160,6950,2566,0,0,0,0,0,0,0,0,0,0,0,0,0,0,0,0,0,0,0,0,0,0,0
2565,680,154,10,3,470,679,9,10,3,236,24,529,278,4,6951,6952,10,1,2538,1494,6953,6954,91,3,549,51,190,2566,0,0,0,0,0,0
2565,2520,223,6955,12,75,6956,2566,0,0,0,0,0,0,0,0,0,0,0,0,0,0,0,0,0,0,0,0,0,0,0,0,0,0,0
2565,2092,41,2388,1,539,6957,91,672,2566,0,0,0,0,0,0,0,0,0,0,0,0,0,0,0,0,0,0,0,0,0,0,0,0,0
2565,9,240,1,58,3,3,2169,10,4,6958,1263,2566,0,0,0,0,0,0,0,0,0,0,0,0,0,0,0,0,0,0,0,0,0,0
2565,6959,6960,1490,3,31,6961,44,6962,214,1522,4,1512,6963,349,20,3,1110,2566,0,0,0,0,0,0,0,0,0,0,0,0,0,0,0,0
2565,6964,69,1419,7,449,46,2566,0,0,0,0,0,0,0,0,0,0,0,0,0,0,0,0,0,0,0,0,0,0,0,0,0,0,0
2565,1050,58,3,6965,140,58,11,6966,40,53,701,3,1048,6,115,32,35,58,1,288,128,122,4,6967,548,2566,0,0,0,0,0,0,0,0
2565,2554,41,2555,5,1249,6,311,4,6968,282,23,6969,33,311,4,1469,2566,0,0,0,0,0,0,0,0,0,0,0,0,0,0,0,0,0
2565,166,66,564,10,1,6970,8,6971,6,827,6972,811,35,56,2566,0,0,0,0,0,0,0,0,0,0,0,0,0,0,0,0,0,0,0
2565,166,1053,6,71,6,614,16,122,4,6973,6974,2566,0,0,0,0,0,0,0,0,0,0,0,0,0,0,0,0,0,0,0,0,0,0
2565,166,9,10,947,5,659,551,20,3,13,3,481,2518,2447,3,6975,9,10,1,3,20,4,9,10,11,1527,103,32,4,290,2566,0,0,0
2565,308,14,1003,11,6976,7,6977,91,6978,1951,6979,6980,5,79,37,6981,2566,0,0,0,0,0,0,0,0,0,0,0,0,0,0,0,0,0
2565,119,23,9,10,1,1082,1481,2566,0,0,0,0,0,0,0,0,0,0,0,0,0,0,0,0,0,0,0,0,0,0,0,0,0,0
2565,157,1422,9,1076,2469,5,6982,13,10,231,110,824,1193,37,754,6,827,15,51,2543,132,6,2308,195,2566,0,0,0,0,0,0,0,0,0
2565,355,6983,2486,11,66,13,10,3,2106,4,6984,2484,2485,38,6985,2566,0,0,0,0,0,0,0,0,0,0,0,0,0,0,0,0,0,0
2565,6986,10,47,176,595,10,1,3,2556,2029,643,1418,2556,7,83,147,165,221,196,6987,2566,0,0,0,0,0,0,0,0,0,0,0,0,0
2565,659,551,24,17,5,339,4,313,16,95,6988,7,6989,199,2566,0,0,0,0,0,0,0,0,0,0,0,0,0,0,0,0,0,0,0
2565,19,66,125,4,6990,1824,2513,16,29,2566,0,0,0,0,0,0,0,0,0,0,0,0,0,0,0,0,0,0,0,0,0,0,0,0
2565,2369,2370,4,32,16,13,10,1,837,40,53,1061,73,137,240,1512,450,3,1202,2566,0,0,0,0,0,0,0,0,0,0,0,0,0,0
2565,1504,812,44,6991,58,3,1079,6,157,4,6992,155,334,15,800,2566,0,0,0,0,0,0,0,0,0,0,0,0,0,0,0,0,0,0
2565,279,6993,1,990,2557,1953,4,2292,566,2566,0,0,0,0,0,0,0,0,0,0,0,0,0,0,0,0,0,0,0,0,0,0,0,0
2565,9,1065,5,613,24,6994,6995,3,6996,6997,6998,16,6999,24,7000,2566,0,0,0,0,0,0,0,0,0,0,0,0,0,0,0,0,0,0
2565,247,74,6,493,2566,0,0,0,0,0,0,0,0,0,0,0,0,0,0,0,0,0,0,0,0,0,0,0,0,0,0,0,0,0
2565,648,205,631,2558,10,11,7001,291,6,549,24,7002,1864,10,4,7003,2566,0,0,0,0,0,0,0,0,0,0,0,0,0,0,0,0,0
2565,7004,11,208,10,1,7005,7,7006,56,2566,0,0,0,0,0,0,0,0,0,0,0,0,0,0,0,0,0,0,0,0,0,0,0,0
2565,12,5,720,2296,341,8,7007,50,265,859,2566,0,0,0,0,0,0,0,0,0,0,0,0,0,0,0,0,0,0,0,0,0,0,0
2565,844,122,10,1,7008,506,8,7009,285,2566,0,0,0,0,0,0,0,0,0,0,0,0,0,0,0,0,0,0,0,0,0,0,0,0
2565,410,63,2166,309,3,7010,7011,507,41,133,7012,7013,10,4,470,2047,191,148,10,679,1456,190,2566,0,0,0,0,0,0,0,0,0,0,0
2565,68,5,616,41,7014,7,7015,616,7,44,705,2566,0,0,0,0,0,0,0,0,0,0,0,0,0,0,0,0,0,0,0,0,0,0
2565,1227,1,150,842,4,288,16,29,2566,0,0,0,0,0,0,0,0,0,0,0,0,0,0,0,0,0,0,0,0,0,0,0,0,0
2565,58,1,7016,6,7017,2566,0,0,0,0,0,0,0,0,0,0,0,0,0,0,0,0,0,0,0,0,0,0,0,0,0,0,0,0
2565,3,41,133,7018,7019,1,669,11,2544,3,7020,7021,48,2566,0,0,0,0,0,0,0,0,0,0,0,0,0,0,0,0,0,0,0,0
2565,309,1,952,2566,0,0,0,0,0,0,0,0,0,0,0,0,0,0,0,0,0,0,0,0,0,0,0,0,0,0,0,0,0,0
2565,9,10,11,7022,81,23,1220,7023,2566,0,0,0,0,0,0,0,0,0,0,0,0,0,0,0,0,0,0,0,0,0,0,0,0,0
2565,2458,11,2559,41,9,2553,11,1509,10,1,2515,599,266,2255,38,2552,190,2566,0,0,0,0,0,0,0,0,0,0,0,0,0,0,0,0
2565,1488,435,10,1,93,4,1460,7024,7025,7026,7027,2566,0,0,0,0,0,0,0,0,0,0,0,0,0,0,0,0,0,0,0,0,0,0
2565,110,52,150,527,4,2214,7028,7029,7,7030,310,83,7031,8,58,11,336,4,7032,290,2566,0,0,0,0,0,0,0,0,0,0,0,0,0
2565,191,563,9,5,7033,2311,7034,2566,0,0,0,0,0,0,0,0,0,0,0,0,0,0,0,0,0,0,0,0,0,0,0,0,0,0
2565,43,1,7035,2566,0,0,0,0,0,0,0,0,0,0,0,0,0,0,0,0,0,0,0,0,0,0,0,0,0,0,0,0,0,0
2565,7036,386,7037,6,208,4,7038,15,5,402,10,1,206,11,2448,2199,23,960,2389,391,2566,0,0,0,0,0,0,0,0,0,0,0,0,0
2565,166,564,10,1,634,2560,2551,7039,145,147,7040,6,151,421,30,7041,7042,7043,2566,0,0,0,0,0,0,0,0,0,0,0,0,0,0,0
2565,631,8,7044,7,1517,567,1,9,631,11,336,6,1486,2566,0,0,0,0,0,0,0,0,0,0,0,0,0,0,0,0,0,0,0,0
2565,12,5,9,259,8,9,291,7,7045,9,7046,4,7047,7048,9,8,9,291,7,70,7049,811,5,7050,14,209,4,1314,2566,0,0,0,0,0
2565,1087,7051,835,7,35,21,2566,0,0,0,0,0,0,0,0,0,0,0,0,0,0,0,0,0,0,0,0,0,0,0,0,0,0,0
2565,228,599,2475,98,5,305,212,1588,542,2566,0,0,0,0,0,0,0,0,0,0,0,0,0,0,0,0,0,0,0,0,0,0,0,0
2565,7052,772,5,7053,7054,2517,35,376,295,132,6,7055,1704,2566,0,0,0,0,0,0,0,0,0,0,0,0,0,0,0,0,0,0,0,0
2565,166,331,1483,234,6,7056,10,1,1042,622,2561,557,4,7057,134,4,2505,28,2566,0,0,0,0,0,0,0,0,0,0,0,0,0,0,0
2565,7058,1090,10,676,23,2549,48,2566,0,0,0,0,0,0,0,0,0,0,0,0,0,0,0,0,0,0,0,0,0,0,0,0,0,0
2565,58,1,1523,122,10,4,83,382,188,199,2566,0,0,0,0,0,0,0,0,0,0,0,0,0,0,0,0,0,0,0,0,0,0,0
2565,110,145,275,8,2424,146,204,51,559,275,37,88,1443,2566,0,0,0,0,0,0,0,0,0,0,0,0,0,0,0,0,0,0,0,0
2565,166,66,564,10,1,9,1509,10,1,2546,668,40,7059,351,550,2559,37,1212,13,10,3,7060,7061,1414,1522,7062,52,231,545,31,16,29,2566,0
2565,303,12,233,1,26,7063,26,11,198,466,1,258,791,2566,0,0,0,0,0,0,0,0,0,0,0,0,0,0,0,0,0,0,0,0
2565,2558,10,146,17,2049,7064,4,93,11,7065,38,7066,2566,0,0,0,0,0,0,0,0,0,0,0,0,0,0,0,0,0,0,0,0,0
2565,678,1,12,33,794,1427,120,7,7067,51,1526,2566,0,0,0,0,0,0,0,0,0,0,0,0,0,0,0,0,0,0,0,0,0,0
2565,7068,7069,7070,17,5,7071,7,31,15,5,13,10,47,210,7072,9,10,4,7073,168,285,2566,0,0,0,0,0,0,0,0,0,0,0,0
2565,14,227,1,1087,48,2566,0,0,0,0,0,0,0,0,0,0,0,0,0,0,0,0,0,0,0,0,0,0,0,0,0,0,0,0
2565,1408,14,8,26,977,80,123,64,7074,2566,0,0,0,0,0,0,0,0,0,0,0,0,0,0,0,0,0,0,0,0,0,0,0,0
2565,7075,11,7076,7077,98,5,7078,672,2566,0,0,0,0,0,0,0,0,0,0,0,0,0,0,0,0,0,0,0,0,0,0,0,0,0
2565,143,7079,6,1089,7080,185,7081,1092,2566,0,0,0,0,0,0,0,0,0,0,0,0,0,0,0,0,0,0,0,0,0,0,0,0,0
2565,562,7082,341,481,22,1720,15,481,7083,7084,133,323,7,14,498,199,2566,0,0,0,0,0,0,0,0,0,0,0,0,0,0,0,0,0
2565,825,63,7085,3,9,1065,474,11,525,4,7086,2566,0,0,0,0,0,0,0,0,0,0,0,0,0,0,0,0,0,0,0,0,0,0
2565,7087,7088,1338,7,1507,131,92,28,2566,0,0,0,0,0,0,0,0,0,0,0,0,0,0,0,0,0,0,0,0,0,0,0,0,0
2565,9,5,666,10,3,9,411,6,369,7089,20,4,816,2566,0,0,0,0,0,0,0,0,0,0,0,0,0,0,0,0,0,0,0,0
2565,157,3,398,2443,7090,196,188,199,2566,0,0,0,0,0,0,0,0,0,0,0,0,0,0,0,0,0,0,0,0,0,0,0,0,0
2565,110,145,58,3,708,40,53,2349,24,11,7091,4,7092,2509,1465,208,91,6,342,16,29,237,7093,375,227,4,7094,381,2566,0,0,0,0,0
2565,9,5,2098,513,4,7095,7096,2566,0,0,0,0,0,0,0,0,0,0,0,0,0,0,0,0,0,0,0,0,0,0,0,0,0,0
2565,17,5,346,4,7097,1100,405,298,2566,0,0,0,0,0,0,0,0,0,0,0,0,0,0,0,0,0,0,0,0,0,0,0,0,0
2565,9,451,7098,5,7099,3,2126,2129,11,7100,945,85,4,7101,2566,0,0,0,0,0,0,0,0,0,0,0,0,0,0,0,0,0,0,0
2565,9,5,7102,3,1475,1315,1948,2566,0,0,0,0,0,0,0,0,0,0,0,0,0,0,0,0,0,0,0,0,0,0,0,0,0,0
2565,142,16,194,8,9,309,10,47,2390,2566,0,0,0,0,0,0,0,0,0,0,0,0,0,0,0,0,0,0,0,0,0,0,0,0
2565,191,563,9,898,1916,6,2124,7,2514,2462,43,1,7103,10,676,11,1482,4,833,1390,2566,0,0,0,0,0,0,0,0,0,0,0,0,0
2565,1075,1,7104,7,7105,35,228,6,409,1320,4,7106,2562,2566,0,0,0,0,0,0,0,0,0,0,0,0,0,0,0,0,0,0,0,0
2565,58,3,2237,7107,23,1078,4,1456,7108,691,2504,2566,0,0,0,0,0,0,0,0,0,0,0,0,0,0,0,0,0,0,0,0,0,0
2565,1441,16,2522,4,2453,357,2566,0,0,0,0,0,0,0,0,0,0,0,0,0,0,0,0,0,0,0,0,0,0,0,0,0,0,0
2565,1080,7109,50,237,822,10,1,621,6,1470,4,7110,2566,0,0,0,0,0,0,0,0,0,0,0,0,0,0,0,0,0,0,0,0,0
2565,836,422,11,7,1465,266,208,3,2483,35,56,2566,0,0,0,0,0,0,0,0,0,0,0,0,0,0,0,0,0,0,0,0,0,0
2565,944,24,488,7111,351,23,2385,15,5,7112,10,1,206,7113,10,48,2566,0,0,0,0,0,0,0,0,0,0,0,0,0,0,0,0,0
2565,562,60,5,7114,7,310,83,80,1336,498,35,104,10,47,284,7115,23,1339,4,7116,37,199,2566,0,0,0,0,0,0,0,0,0,0,0
2565,16,1490,414,11,7117,10,33,7118,6,115,210,35,216,2566,0,0,0,0,0,0,0,0,0,0,0,0,0,0,0,0,0,0,0,0
2565,7119,4,1070,15,5,13,37,216,2566,0,0,0,0,0,0,0,0,0,0,0,0,0,0,0,0,0,0,0,0,0,0,0,0,0
2565,86,50,5,43,10,4,2490,542,2566,0,0,0,0,0,0,0,0,0,0,0,0,0,0,0,0,0,0,0,0,0,0,0,0,0
2565,2563,568,1087,12,2563,22,26,159,7120,35,791,2566,0,0,0,0,0,0,0,0,0,0,0,0,0,0,0,0,0,0,0,0,0,0
2565,9,2220,10,3,81,6,7121,50,1524,5,9,154,33,2231,649,134,4,7122,997,28,2566,0,0,0,0,0,0,0,0,0,0,0,0,0
2565,86,13,10,1,386,4,35,86,13,10,1,2557,109,316,133,7123,173,4,7124,7125,2566,0,0,0,0,0,0,0,0,0,0,0,0,0
2565,844,117,4,7126,132,6,206,11,1503,10,1,9,10,4,1977,1521,595,10,4,448,16,29,2566,0,0,0,0,0,0,0,0,0,0,0
2565,206,11,1495,1976,839,5,1493,23,2441,190,2566,0,0,0,0,0,0,0,0,0,0,0,0,0,0,0,0,0,0,0,0,0,0,0
2565,339,1,2264,2566,0,0,0,0,0,0,0,0,0,0,0,0,0,0,0,0,0,0,0,0,0,0,0,0,0,0,0,0,0,0
2565,292,52,7127,7128,208,1,775,11,2482,312,539,7129,7,7130,7131,575,7132,6,1518,5,403,348,777,48,2566,0,0,0,0,0,0,0,0,0
2565,13,10,414,10,11,31,4,3,664,5,20,1,1004,1496,14,7133,7134,5,9,10,11,31,4,168,285,2566,0,0,0,0,0,0,0,0
2565,7135,7136,7137,91,7138,2561,346,4,2328,7139,7140,24,2562,2566,0,0,0,0,0,0,0,0,0,0,0,0,0,0,0,0,0,0,0,0
2565,453,72,186,1301,668,63,266,488,7141,47,16,266,2564,7142,9,2564,228,4,553,7143,1673,2566,0,0,0,0,0,0,0,0,0,0,0,0
2565,634,2560,134,1,2398,1043,4,7144,7145,651,16,29,2566,0,0,0,0,0,0,0,0,0,0,0,0,0,0,0,0,0,0,0,0,0
2565,221,52,1499,9,11,1583,1,212,7146,2566,0,0,0,0,0,0,0,0,0,0,0,0,0,0,0,0,0,0,0,0,0,0,0,0
2565,1091,148,1,137,1022,4,7147,671,16,1022,23,7148,7149,6,943,979,2566,0,0,0,0,0,0,0,0,0,0,0,0,0,0,0,0,0
2565,12,5,765,1389,19,20,4,841,2566,0,0,0,0,0,0,0,0,0,0,0,0,0,0,0,0,0,0,0,0,0,0,0,0,0
2565,9,5,9,10,33,7150,2566,0,0,0,0,0,0,0,0,0,0,0,0,0,0,0,0,0,0,0,0,0,0,0,0,0,0,0
