0,1,2,3,4,5,6,7,8,9,10,11,12,13,14,15,16,17,18,19,20,21,22,23,24,25,26,27,28,29,30,31,32
923,238,24,925,926,4,927,411,159,36,47,1,412,571,86,924,0,0,0,0,0,0,0,0,0,0,0,0,0,0,0,0,0
923,6,1,928,929,305,26,37,48,413,4,1,930,26,414,33,572,924,0,0,0,0,0,0,0,0,0,0,0,0,0,0,0
923,11,1,931,12,81,415,24,932,933,20,934,416,30,935,31,160,20,417,19,573,87,33,1,936,61,924,0,0,0,0,0,0
923,36,9,72,49,1,306,109,65,1,418,924,0,0,0,0,0,0,0,0,0,0,0,0,0,0,0,0,0,0,0,0,0
923,574,4,575,81,937,38,48,239,195,924,0,0,0,0,0,0,0,0,0,0,0,0,0,0,0,0,0,0,0,0,0,0
923,102,307,4,15,938,1,419,66,6,420,924,0,0,0,0,0,0,0,0,0,0,0,0,0,0,0,0,0,0,0,0,0
923,1,939,5,3,240,241,421,161,82,51,308,924,0,0,0,0,0,0,0,0,0,0,0,0,0,0,0,0,0,0,0,0
923,41,12,94,576,422,924,0,0,0,0,0,0,0,0,0,0,0,0,0,0,0,0,0,0,0,0,0,0,0,0,0,0
923,3,577,940,5,941,5,942,12,943,37,944,62,73,122,924,0,0,0,0,0,0,0,0,0,0,0,0,0,0,0,0,0
923,103,242,578,6,162,945,946,41,15,243,238,579,244,44,28,924,0,0,0,0,0,0,0,0,0,0,0,0,0,0,0,0
923,422,1,423,161,82,3,947,580,2,581,22,88,163,1,948,924,0,0,0,0,0,0,0,0,0,0,0,0,0,0,0,0
923,8,949,95,1,582,924,0,0,0,0,0,0,0,0,0,0,0,0,0,0,0,0,0,0,0,0,0,0,0,0,0,0
923,13,89,18,583,4,3,584,18,950,21,22,196,924,0,0,0,0,0,0,0,0,0,0,0,0,0,0,0,0,0,0,0
923,8,424,10,1,110,951,4,952,25,1,134,164,74,953,954,245,2,309,924,0,0,0,0,0,0,0,0,0,0,0,0,0
923,1,310,18,955,96,1,306,18,956,27,197,924,0,0,0,0,0,0,0,0,0,0,0,0,0,0,0,0,0,0,0,0
923,311,123,3,165,5,166,2,159,924,0,0,0,0,0,0,0,0,0,0,0,0,0,0,0,0,0,0,0,0,0,0,0
923,957,4,958,26,959,960,924,0,0,0,0,0,0,0,0,0,0,0,0,0,0,0,0,0,0,0,0,0,0,0,0,0
923,8,7,3,585,10,246,961,924,0,0,0,0,0,0,0,0,0,0,0,0,0,0,0,0,0,0,0,0,0,0,0,0
923,962,45,963,4,964,965,966,4,967,968,969,2,1,970,971,924,0,0,0,0,0,0,0,0,0,0,0,0,0,0,0,0
923,90,1,972,14,425,4,166,16,586,2,247,924,0,0,0,0,0,0,0,0,0,0,0,0,0,0,0,0,0,0,0,0
923,7,67,587,588,973,4,974,33,589,924,0,0,0,0,0,0,0,0,0,0,0,0,0,0,0,0,0,0,0,0,0,0
923,40,3,426,54,7,3,198,975,5,241,4,248,37,312,590,4,63,5,1,590,14,89,976,924,0,0,0,0,0,0,0,0
923,1,57,249,65,10,591,26,250,2,427,977,25,978,979,924,0,0,0,0,0,0,0,0,0,0,0,0,0,0,0,0,0
923,58,23,8,7,313,5,122,15,34,314,3,57,199,924,0,0,0,0,0,0,0,0,0,0,0,0,0,0,0,0,0,0
923,592,6,315,980,981,10,54,7,982,983,2,984,20,593,924,0,0,0,0,0,0,0,0,0,0,0,0,0,0,0,0,0
923,111,985,26,428,163,1,986,23,12,987,3,167,316,924,0,0,0,0,0,0,0,0,0,0,0,0,0,0,0,0,0,0
923,2,36,10,9,168,16,317,924,0,0,0,0,0,0,0,0,0,0,0,0,0,0,0,0,0,0,0,0,0,0,0,0
923,1,200,429,135,7,988,6,989,75,69,5,200,924,0,0,0,0,0,0,0,0,0,0,0,0,0,0,0,0,0,0,0
923,50,17,70,318,6,200,594,1,200,429,135,25,990,924,0,0,0,0,0,0,0,0,0,0,0,0,0,0,0,0,0,0
923,35,595,6,991,992,3,249,10,65,3,993,168,251,22,201,23,13,994,3,596,25,1,597,202,598,599,995,924,0,0,0,0
923,600,102,996,924,0,0,0,0,0,0,0,0,0,0,0,0,0,0,0,0,0,0,0,0,0,0,0,0,0,0,0,0
923,8,7,3,48,124,997,924,0,0,0,0,0,0,0,0,0,0,0,0,0,0,0,0,0,0,0,0,0,0,0,0,0
923,15,19,24,998,52,9,112,601,62,244,44,1,999,1000,4,430,9,16,1001,924,0,0,0,0,0,0,0,0,0,0,0,0
923,136,9,72,10,50,1002,16,137,45,252,924,0,0,0,0,0,0,0,0,0,0,0,0,0,0,0,0,0,0,0,0,0
923,1,111,203,25,602,603,26,604,40,52,12,26,431,432,924,0,0,0,0,0,0,0,0,0,0,0,0,0,0,0,0,0
923,12,112,138,605,5,1003,1004,4,1005,31,606,98,1006,1007,924,0,0,0,0,0,0,0,0,0,0,0,0,0,0,0,0,0
923,204,42,104,97,607,29,6,195,47,139,1,61,924,0,0,0,0,0,0,0,0,0,0,0,0,0,0,0,0,0,0,0
923,59,76,160,1,608,1008,18,433,924,0,0,0,0,0,0,0,0,0,0,0,0,0,0,0,0,0,0,0,0,0,0,0
923,50,5,1,253,1009,609,16,91,1010,31,1011,27,1012,924,0,0,0,0,0,0,0,0,0,0,0,0,0,0,0,0,0,0
923,6,1013,434,43,2,435,33,3,240,1014,2,1015,10,3,201,18,610,924,0,0,0,0,0,0,0,0,0,0,0,0,0,0
923,13,18,611,2,99,41,254,17,6,1,436,30,255,10,28,18,77,13,18,41,73,319,55,412,924,0,0,0,0,0,0,0
923,41,140,169,320,17,612,52,12,125,2,141,2,72,105,60,142,924,0,0,0,0,0,0,0,0,0,0,0,0,0,0,0
923,143,136,9,1016,2,144,41,321,170,613,4,1017,924,0,0,0,0,0,0,0,0,0,0,0,0,0,0,0,0,0,0,0
923,23,9,106,6,1,614,49,36,9,104,924,0,0,0,0,0,0,0,0,0,0,0,0,0,0,0,0,0,0,0,0,0
923,35,437,255,5,3,438,615,38,3,439,440,31,3,441,924,0,0,0,0,0,0,0,0,0,0,0,0,0,0,0,0,0
923,28,322,7,205,442,924,0,0,0,0,0,0,0,0,0,0,0,0,0,0,0,0,0,0,0,0,0,0,0,0,0,0
923,256,592,81,37,171,1018,20,323,1019,924,0,0,0,0,0,0,0,0,0,0,0,0,0,0,0,0,0,0,0,0,0,0
923,1020,206,56,2,257,4,616,324,47,617,924,0,0,0,0,0,0,0,0,0,0,0,0,0,0,0,0,0,0,0,0,0
923,74,37,443,10,3,1021,444,68,29,924,0,0,0,0,0,0,0,0,0,0,0,0,0,0,0,0,0,0,0,0,0,0
923,1,618,325,3,167,1022,30,8,112,37,24,1023,94,924,0,0,0,0,0,0,0,0,0,0,0,0,0,0,0,0,0,0
923,258,32,619,620,8,6,1,621,924,0,0,0,0,0,0,0,0,0,0,0,0,0,0,0,0,0,0,0,0,0,0,0
923,90,51,1024,7,428,25,3,1025,924,0,0,0,0,0,0,0,0,0,0,0,0,0,0,0,0,0,0,0,0,0,0,0
923,1,259,145,442,1026,73,122,924,0,0,0,0,0,0,0,0,0,0,0,0,0,0,0,0,0,0,0,0,0,0,0,0
923,105,326,68,445,622,21,1,623,5,8,924,0,0,0,0,0,0,0,0,0,0,0,0,0,0,0,0,0,0,0,0,0
923,248,624,327,625,2,1,626,163,2,1,623,2,99,1,627,924,0,0,0,0,0,0,0,0,0,0,0,0,0,0,0,0
923,8,68,91,205,1,1027,5,1028,628,8,7,1029,1030,23,572,7,1031,924,0,0,0,0,0,0,0,0,0,0,0,0,0,0
923,207,1032,1,1033,1034,924,0,0,0,0,0,0,0,0,0,0,0,0,0,0,0,0,0,0,0,0,0,0,0,0,0,0
923,13,1035,2,1,446,251,924,0,0,0,0,0,0,0,0,0,0,0,0,0,0,0,0,0,0,0,0,0,0,0,0,0
923,39,629,6,1,260,328,1036,924,0,0,0,0,0,0,0,0,0,0,0,0,0,0,0,0,0,0,0,0,0,0,0,0
923,103,83,2,447,6,630,448,1037,924,0,0,0,0,0,0,0,0,0,0,0,0,0,0,0,0,0,0,0,0,0,0,0
923,329,2,1,631,1038,3,84,1039,330,1040,1,423,98,1041,3,208,924,0,0,0,0,0,0,0,0,0,0,0,0,0,0,0
923,449,68,64,146,91,172,331,450,77,632,332,25,449,924,0,0,0,0,0,0,0,0,0,0,0,0,0,0,0,0,0,0
923,15,1042,13,138,3,633,634,924,0,0,0,0,0,0,0,0,0,0,0,0,0,0,0,0,0,0,0,0,0,0,0,0
923,40,3,626,5,71,202,451,1043,9,34,147,2,635,6,29,924,0,0,0,0,0,0,0,0,0,0,0,0,0,0,0,0
923,39,112,37,147,924,0,0,0,0,0,0,0,0,0,0,0,0,0,0,0,0,0,0,0,0,0,0,0,0,0,0,0
923,162,3,451,173,7,37,92,452,30,8,7,162,2,113,74,1044,89,924,0,0,0,0,0,0,0,0,0,0,0,0,0,0
923,636,76,148,63,333,209,6,140,1045,924,0,0,0,0,0,0,0,0,0,0,0,0,0,0,0,0,0,0,0,0,0,0
923,13,1046,10,25,20,207,637,1,126,123,1,1047,1,334,1048,4,123,1,1049,75,51,1050,1051,924,0,0,0,0,0,0,0,0
923,39,453,2,127,4,435,38,3,454,924,0,0,0,0,0,0,0,0,0,0,0,0,0,0,0,0,0,0,0,0,0,0
923,49,28,261,7,10,455,262,14,149,1052,456,2,99,69,70,12,14,1,1053,5,263,638,12,1054,2,24,924,0,0,0,0,0
923,7,54,114,174,335,11,1055,1056,1057,4,1058,924,0,0,0,0,0,0,0,0,0,0,0,0,0,0,0,0,0,0,0,0
923,42,168,616,21,128,1059,150,19,128,924,0,0,0,0,0,0,0,0,0,0,0,0,0,0,0,0,0,0,0,0,0,0
923,1060,264,1061,1062,5,1,639,1063,96,12,265,924,0,0,0,0,0,0,0,0,0,0,0,0,0,0,0,0,0,0,0,0
923,39,457,92,2,1064,49,39,7,210,2,36,924,0,0,0,0,0,0,0,0,0,0,0,0,0,0,0,0,0,0,0,0
923,46,55,111,598,76,148,1,1065,1066,336,209,266,3,321,151,1067,196,924,0,0,0,0,0,0,0,0,0,0,0,0,0,0
923,458,175,53,13,7,21,1068,13,1069,3,128,640,924,0,0,0,0,0,0,0,0,0,0,0,0,0,0,0,0,0,0,0
923,12,176,1070,337,5,76,148,924,0,0,0,0,0,0,0,0,0,0,0,0,0,0,0,0,0,0,0,0,0,0,0,0
923,32,1071,177,2,1,459,2,104,1,641,924,0,0,0,0,0,0,0,0,0,0,0,0,0,0,0,0,0,0,0,0,0
923,642,6,267,8,7,46,124,55,460,924,0,0,0,0,0,0,0,0,0,0,0,0,0,0,0,0,0,0,0,0,0,0
923,28,211,1072,43,51,107,1073,924,0,0,0,0,0,0,0,0,0,0,0,0,0,0,0,0,0,0,0,0,0,0,0,0
923,6,175,78,54,7,3,1074,1075,10,643,1,1076,96,1,212,213,20,338,924,0,0,0,0,0,0,0,0,0,0,0,0,0
923,17,644,41,73,461,339,10,8,268,325,152,2,99,924,0,0,0,0,0,0,0,0,0,0,0,0,0,0,0,0,0,0
923,90,28,247,7,269,270,6,1,462,40,129,924,0,0,0,0,0,0,0,0,0,0,0,0,0,0,0,0,0,0,0,0
923,35,66,23,336,18,1077,33,22,645,1,115,463,98,22,174,924,0,0,0,0,0,0,0,0,0,0,0,0,0,0,0,0
923,21,102,646,1078,1,1079,25,22,647,4,648,271,98,22,260,33,1,649,924,0,0,0,0,0,0,0,0,0,0,0,0,0
923,6,267,639,68,91,94,11,50,650,2,651,178,924,0,0,0,0,0,0,0,0,0,0,0,0,0,0,0,0,0,0,0
923,12,14,340,33,3,1080,924,0,0,0,0,0,0,0,0,0,0,0,0,0,0,0,0,0,0,0,0,0,0,0,0,0
923,628,58,71,214,16,91,1081,69,1082,652,45,272,653,315,2,654,116,1083,924,0,0,0,0,0,0,0,0,0,0,0,0,0
923,75,655,924,0,0,0,0,0,0,0,0,0,0,0,0,0,0,0,0,0,0,0,0,0,0,0,0,0,0,0,0,0
923,103,3,341,1084,1085,924,0,0,0,0,0,0,0,0,0,0,0,0,0,0,0,0,0,0,0,0,0,0,0,0,0,0
923,656,64,38,2,651,1086,4,1087,25,273,1088,924,0,0,0,0,0,0,0,0,0,0,0,0,0,0,0,0,0,0,0,0
923,30,153,8,342,37,106,38,1,215,173,924,0,0,0,0,0,0,0,0,0,0,0,0,0,0,0,0,0,0,0,0,0
923,28,136,37,657,10,1,624,43,242,154,1089,12,26,464,658,2,1090,20,659,1091,924,0,0,0,0,0,0,0,0,0,0,0
923,116,122,1092,14,95,924,0,0,0,0,0,0,0,0,0,0,0,0,0,0,0,0,0,0,0,0,0,0,0,0,0,0
923,3,216,209,33,660,6,343,924,0,0,0,0,0,0,0,0,0,0,0,0,0,0,0,0,0,0,0,0,0,0,0,0
923,1,418,109,27,1093,3,661,44,3,310,4,3,306,924,0,0,0,0,0,0,0,0,0,0,0,0,0,0,0,0,0,0
923,117,54,7,344,1094,5,345,10,42,346,2,274,44,662,345,924,0,0,0,0,0,0,0,0,0,0,0,0,0,0,0,0
923,48,465,54,16,91,111,1095,5,203,1096,45,1097,146,130,8,18,433,10,12,43,37,1098,1,1099,924,0,0,0,0,0,0,0
923,30,1100,3,217,1,134,7,581,76,275,45,1,272,4,8,19,138,76,2,1101,924,0,0,0,0,0,0,0,0,0,0,0
923,6,1,347,202,76,139,17,6,1,159,16,91,663,924,0,0,0,0,0,0,0,0,0,0,0,0,0,0,0,0,0,0
923,1102,65,15,1103,10,13,18,466,4,13,43,467,1104,1105,924,0,0,0,0,0,0,0,0,0,0,0,0,0,0,0,0,0
923,58,13,1106,8,47,27,1107,924,0,0,0,0,0,0,0,0,0,0,0,0,0,0,0,0,0,0,0,0,0,0,0,0
923,96,3,84,18,1108,1,79,1109,460,1,423,179,4,131,82,49,13,18,468,924,0,0,0,0,0,0,0,0,0,0,0,0
923,30,180,26,92,140,348,38,149,12,6,1,270,5,13,23,1110,2,1111,6,469,924,0,0,0,0,0,0,0,0,0,0,0
923,15,16,3,664,5,311,2,349,30,15,16,114,53,2,349,29,924,0,0,0,0,0,0,0,0,0,0,0,0,0,0,0
923,665,666,100,667,350,11,57,4,1112,1113,5,162,107,924,0,0,0,0,0,0,0,0,0,0,0,0,0,0,0,0,0,0
923,79,41,50,17,6,343,147,107,181,7,1,218,173,94,25,1,276,924,0,0,0,0,0,0,0,0,0,0,0,0,0,0
923,30,28,7,48,668,924,0,0,0,0,0,0,0,0,0,0,0,0,0,0,0,0,0,0,0,0,0,0,0,0,0,0
923,40,39,1114,35,669,39,335,80,351,28,1115,924,0,0,0,0,0,0,0,0,0,0,0,0,0,0,0,0,0,0,0,0
923,1,641,109,470,37,1116,312,118,924,0,0,0,0,0,0,0,0,0,0,0,0,0,0,0,0,0,0,0,0,0,0,0
923,1,66,42,1117,3,421,45,1118,670,19,24,3,1119,627,6,1,352,5,1,61,924,0,0,0,0,0,0,0,0,0,0,0
923,11,1120,471,7,73,46,55,3,1121,671,924,0,0,0,0,0,0,0,0,0,0,0,0,0,0,0,0,0,0,0,0,0
923,15,85,182,353,7,672,4,13,85,673,49,924,0,0,0,0,0,0,0,0,0,0,0,0,0,0,0,0,0,0,0,0
923,21,1,215,53,9,34,1122,116,88,5,354,33,1,451,273,674,5,354,89,924,0,0,0,0,0,0,0,0,0,0,0,0
923,74,1,253,63,341,219,4,35,5,1,1123,5,472,924,0,0,0,0,0,0,0,0,0,0,0,0,0,0,0,0,0,0
923,1,473,14,355,924,0,0,0,0,0,0,0,0,0,0,0,0,0,0,0,0,0,0,0,0,0,0,0,0,0,0,0
923,13,19,474,675,126,4,317,924,0,0,0,0,0,0,0,0,0,0,0,0,0,0,0,0,0,0,0,0,0,0,0,0
923,90,74,1,1124,245,924,0,0,0,0,0,0,0,0,0,0,0,0,0,0,0,0,0,0,0,0,0,0,0,0,0,0
923,12,36,8,2,676,277,20,677,4,2,1125,678,356,2,1126,924,0,0,0,0,0,0,0,0,0,0,0,0,0,0,0,0
923,52,15,1127,1,475,58,1,679,14,32,680,681,924,0,0,0,0,0,0,0,0,0,0,0,0,0,0,0,0,0,0,0
923,35,7,10,1,308,271,119,2,1,347,1128,924,0,0,0,0,0,0,0,0,0,0,0,0,0,0,0,0,0,0,0,0
923,1,351,476,357,924,0,0,0,0,0,0,0,0,0,0,0,0,0,0,0,0,0,0,0,0,0,0,0,0,0,0,0
923,71,161,20,1129,1,106,5,3,682,1130,220,924,0,0,0,0,0,0,0,0,0,0,0,0,0,0,0,0,0,0,0,0
923,28,358,54,14,359,683,6,1,477,924,0,0,0,0,0,0,0,0,0,0,0,0,0,0,0,0,0,0,0,0,0,0
923,204,50,360,5,478,361,14,1131,47,95,1,61,924,0,0,0,0,0,0,0,0,0,0,0,0,0,0,0,0,0,0,0
923,8,112,221,22,684,23,1132,924,0,0,0,0,0,0,0,0,0,0,0,0,0,0,0,0,0,0,0,0,0,0,0,0
923,154,685,6,479,261,455,480,4,10,261,46,686,687,362,924,0,0,0,0,0,0,0,0,0,0,0,0,0,0,0,0,0
923,1133,1134,688,18,51,689,1135,70,18,341,11,22,1136,924,0,0,0,0,0,0,0,0,0,0,0,0,0,0,0,0,0,0
923,28,7,77,1,1137,183,16,455,1138,55,1139,1140,2,56,25,2,1141,4,1142,78,4,41,1143,1144,924,0,0,0,0,0,0,0
923,1,481,1145,7,690,63,5,159,1146,482,31,1147,23,42,26,183,924,0,0,0,0,0,0,0,0,0,0,0,0,0,0,0
923,74,3,222,223,924,0,0,0,0,0,0,0,0,0,0,0,0,0,0,0,0,0,0,0,0,0,0,0,0,0,0,0
923,63,5,1,663,17,26,1148,45,1149,1150,23,12,332,924,0,0,0,0,0,0,0,0,0,0,0,0,0,0,0,0,0,0
923,33,92,6,22,1151,1,84,176,72,49,2,36,924,0,0,0,0,0,0,0,0,0,0,0,0,0,0,0,0,0,0,0
923,39,1152,2,36,10,924,0,0,0,0,0,0,0,0,0,0,0,0,0,0,0,0,0,0,0,0,0,0,0,0,0,0
923,37,47,224,16,167,355,483,30,47,483,16,1,215,225,924,0,0,0,0,0,0,0,0,0,0,0,0,0,0,0,0,0
923,12,26,1153,27,80,363,6,1,691,28,211,924,0,0,0,0,0,0,0,0,0,0,0,0,0,0,0,0,0,0,0,0
923,42,19,16,483,1,692,19,144,484,485,924,0,0,0,0,0,0,0,0,0,0,0,0,0,0,0,0,0,0,0,0,0
923,28,358,10,171,1,462,364,56,278,1,469,1154,1155,1,1156,5,1,1157,924,0,0,0,0,0,0,0,0,0,0,0,0,0
923,32,365,19,366,46,53,1158,924,0,0,0,0,0,0,0,0,0,0,0,0,0,0,0,0,0,0,0,0,0,0,0,0
923,3,693,694,23,13,226,49,18,83,25,924,0,0,0,0,0,0,0,0,0,0,0,0,0,0,0,0,0,0,0,0,0
923,6,28,61,9,19,16,2,93,67,323,88,924,0,0,0,0,0,0,0,0,0,0,0,0,0,0,0,0,0,0,0,0
923,13,43,1159,695,23,183,924,0,0,0,0,0,0,0,0,0,0,0,0,0,0,0,0,0,0,0,0,0,0,0,0,0
923,1,126,1160,49,1,696,43,65,4,486,1161,1,279,653,20,1162,85,247,924,0,0,0,0,0,0,0,0,0,0,0,0,0
923,30,12,14,1163,924,0,0,0,0,0,0,0,0,0,0,0,0,0,0,0,0,0,0,0,0,0,0,0,0,0,0,0
923,9,697,2,1164,44,1,120,4,1165,5,1,17,924,0,0,0,0,0,0,0,0,0,0,0,0,0,0,0,0,0,0,0
923,50,17,487,10,449,1,280,7,51,331,66,10,1,280,698,5,3,1166,7,331,4,10,1,664,6,469,7,924,0,0,0,0
923,4,13,85,1167,27,1168,101,1169,21,62,924,0,0,0,0,0,0,0,0,0,0,0,0,0,0,0,0,0,0,0,0,0
923,23,15,488,1170,15,1171,699,4,227,87,367,924,0,0,0,0,0,0,0,0,0,0,0,0,0,0,0,0,0,0,0,0
923,153,1,489,26,210,2,435,69,5,1,459,281,130,1,700,924,0,0,0,0,0,0,0,0,0,0,0,0,0,0,0,0
923,39,265,25,3,571,924,0,0,0,0,0,0,0,0,0,0,0,0,0,0,0,0,0,0,0,0,0,0,0,0,0,0
923,1,207,211,1,1172,1173,4,1174,1,1175,924,0,0,0,0,0,0,0,0,0,0,0,0,0,0,0,0,0,0,0,0,0
923,23,1,84,476,10,13,176,108,613,31,1,276,1,1176,18,48,611,924,0,0,0,0,0,0,0,0,0,0,0,0,0,0
923,4,1,1177,19,1178,1179,2,1,1180,924,0,0,0,0,0,0,0,0,0,0,0,0,0,0,0,0,0,0,0,0,0,0
923,701,184,36,22,228,77,13,43,2,594,22,1181,6,1,459,924,0,0,0,0,0,0,0,0,0,0,0,0,0,0,0,0
923,6,368,5,702,703,1182,14,1183,27,40,73,40,35,1184,1185,282,924,0,0,0,0,0,0,0,0,0,0,0,0,0,0,0
923,59,369,38,8,77,20,185,283,144,46,1186,924,0,0,0,0,0,0,0,0,0,0,0,0,0,0,0,0,0,0,0,0
923,12,34,56,370,166,924,0,0,0,0,0,0,0,0,0,0,0,0,0,0,0,0,0,0,0,0,0,0,0,0,0,0
923,1187,269,461,339,325,3,284,924,0,0,0,0,0,0,0,0,0,0,0,0,0,0,0,0,0,0,0,0,0,0,0,0
923,35,66,1188,704,59,705,371,42,101,38,2,427,266,1189,924,0,0,0,0,0,0,0,0,0,0,0,0,0,0,0,0,0
923,13,1190,3,1191,33,82,4,490,2,155,57,132,175,66,924,0,0,0,0,0,0,0,0,0,0,0,0,0,0,0,0,0
923,15,75,186,9,2,72,143,1192,15,187,5,1193,924,0,0,0,0,0,0,0,0,0,0,0,0,0,0,0,0,0,0,0
923,58,9,19,24,210,2,229,1,1194,1195,4,60,1196,1197,10,9,125,924,0,0,0,0,0,0,0,0,0,0,0,0,0,0
923,39,18,583,27,1,1198,924,0,0,0,0,0,0,0,0,0,0,0,0,0,0,0,0,0,0,0,0,0,0,0,0,0
923,1199,163,491,1200,491,5,1201,692,32,258,4,15,1202,35,42,1203,924,0,0,0,0,0,0,0,0,0,0,0,0,0,0,0
923,706,62,123,9,344,121,924,0,0,0,0,0,0,0,0,0,0,0,0,0,0,0,0,0,0,0,0,0,0,0,0,0
923,12,81,1204,27,1,282,924,0,0,0,0,0,0,0,0,0,0,0,0,0,0,0,0,0,0,0,0,0,0,0,0,0
923,90,9,697,2,106,119,4,1205,21,67,492,6,1,319,707,924,0,0,0,0,0,0,0,0,0,0,0,0,0,0,0,0
923,13,248,493,87,372,4,271,2,86,924,0,0,0,0,0,0,0,0,0,0,0,0,0,0,0,0,0,0,0,0,0,0
923,1,306,65,450,74,77,15,123,96,103,285,373,924,0,0,0,0,0,0,0,0,0,0,0,0,0,0,0,0,0,0,0
923,37,146,148,3,374,1206,131,59,156,49,20,252,26,924,0,0,0,0,0,0,0,0,0,0,0,0,0,0,0,0,0,0
923,12,72,10,71,356,100,708,1207,494,206,41,1208,29,34,338,2,3,250,375,924,0,0,0,0,0,0,0,0,0,0,0,0
923,71,709,81,1209,1,437,86,477,4,1210,1211,924,0,0,0,0,0,0,0,0,0,0,0,0,0,0,0,0,0,0,0,0
923,17,33,495,376,710,52,12,1212,496,2,108,20,199,924,0,0,0,0,0,0,0,0,0,0,0,0,0,0,0,0,0,0
923,41,107,7,94,27,50,17,924,0,0,0,0,0,0,0,0,0,0,0,0,0,0,0,0,0,0,0,0,0,0,0,0
923,58,711,230,22,326,6,22,712,4,65,1213,335,1,1214,5,69,174,1215,6,32,1216,924,0,0,0,0,0,0,0,0,0,0
923,13,255,10,1,111,1217,85,106,133,6,1218,924,0,0,0,0,0,0,0,0,0,0,0,0,0,0,0,0,0,0,0,0
923,2,474,273,457,1219,16,94,87,73,5,20,703,924,0,0,0,0,0,0,0,0,0,0,0,0,0,0,0,0,0,0,0
923,28,377,8,1220,11,678,713,714,2,16,1221,924,0,0,0,0,0,0,0,0,0,0,0,0,0,0,0,0,0,0,0,0
923,28,1222,1,310,924,0,0,0,0,0,0,0,0,0,0,0,0,0,0,0,0,0,0,0,0,0,0,0,0,0,0,0
923,12,176,36,20,228,4,90,39,286,497,1,1223,39,1224,924,0,0,0,0,0,0,0,0,0,0,0,0,0,0,0,0,0
923,143,14,9,924,0,0,0,0,0,0,0,0,0,0,0,0,0,0,0,0,0,0,0,0,0,0,0,0,0,0,0,0
923,1225,18,3,183,1226,924,0,0,0,0,0,0,0,0,0,0,0,0,0,0,0,0,0,0,0,0,0,0,0,0,0,0
923,49,14,9,83,2,378,207,924,0,0,0,0,0,0,0,0,0,0,0,0,0,0,0,0,0,0,0,0,0,0,0,0
923,9,34,56,98,1,61,5,1,498,924,0,0,0,0,0,0,0,0,0,0,0,0,0,0,0,0,0,0,0,0,0,0
923,12,14,83,2,56,2,1,135,27,1,603,5,1227,1228,924,0,0,0,0,0,0,0,0,0,0,0,0,0,0,0,0,0
923,41,15,176,38,1,308,5,32,363,715,3,1229,924,0,0,0,0,0,0,0,0,0,0,0,0,0,0,0,0,0,0,0
923,1230,499,73,924,0,0,0,0,0,0,0,0,0,0,0,0,0,0,0,0,0,0,0,0,0,0,0,0,0,0,0,0
923,197,109,500,924,0,0,0,0,0,0,0,0,0,0,0,0,0,0,0,0,0,0,0,0,0,0,0,0,0,0,0,0
923,17,379,62,649,44,1231,10,366,20,287,1232,278,716,924,0,0,0,0,0,0,0,0,0,0,0,0,0,0,0,0,0,0
923,17,34,36,717,12,125,2,36,6,20,250,53,924,0,0,0,0,0,0,0,0,0,0,0,0,0,0,0,0,0,0,0
923,8,7,501,924,0,0,0,0,0,0,0,0,0,0,0,0,0,0,0,0,0,0,0,0,0,0,0,0,0,0,0,0
923,27,1,1233,117,17,502,607,46,1234,4,1235,1236,1237,924,0,0,0,0,0,0,0,0,0,0,0,0,0,0,0,0,0,0
923,52,262,34,141,434,2,138,20,270,1238,141,1,503,924,0,0,0,0,0,0,0,0,0,0,0,0,0,0,0,0,0,0
923,1,1239,718,38,3,719,4,68,3,580,720,370,8,924,0,0,0,0,0,0,0,0,0,0,0,0,0,0,0,0,0,0
923,721,4,504,14,722,924,0,0,0,0,0,0,0,0,0,0,0,0,0,0,0,0,0,0,0,0,0,0,0,0,0,0
923,723,32,1240,32,1241,1242,321,924,0,0,0,0,0,0,0,0,0,0,0,0,0,0,0,0,0,0,0,0,0,0,0,0
923,6,1243,1244,42,14,340,316,4,134,1245,924,0,0,0,0,0,0,0,0,0,0,0,0,0,0,0,0,0,0,0,0,0
923,130,75,3,254,724,108,238,24,380,6,1,614,4,1246,49,9,104,4,9,725,75,24,1247,924,0,0,0,0,0,0,0,0
923,27,149,28,322,264,34,1248,1249,170,505,178,2,20,489,924,0,0,0,0,0,0,0,0,0,0,0,0,0,0,0,0,0
923,1250,381,14,610,98,1,506,924,0,0,0,0,0,0,0,0,0,0,0,0,0,0,0,0,0,0,0,0,0,0,0,0
923,417,1251,156,2,726,38,727,31,1252,21,3,183,507,924,0,0,0,0,0,0,0,0,0,0,0,0,0,0,0,0,0,0
923,1,218,259,42,286,508,312,382,13,1253,7,77,54,728,312,118,924,0,0,0,0,0,0,0,0,0,0,0,0,0,0,0
923,15,16,3,57,222,201,4,3,165,5,122,6,1,1254,924,0,0,0,0,0,0,0,0,0,0,0,0,0,0,0,0,0
923,3,383,7,1255,25,1,119,5,1,79,596,924,0,0,0,0,0,0,0,0,0,0,0,0,0,0,0,0,0,0,0,0
923,1256,25,1257,358,10,23,206,318,6,509,1258,12,318,1259,1260,384,924,0,0,0,0,0,0,0,0,0,0,0,0,0,0,0
923,114,35,424,2,72,729,145,28,179,2,24,41,30,54,14,50,1261,1262,924,0,0,0,0,0,0,0,0,0,0,0,0,0
923,12,64,453,2,113,385,132,27,386,22,719,242,22,1263,924,0,0,0,0,0,0,0,0,0,0,0,0,0,0,0,0,0
923,96,13,18,510,11,3,446,13,226,3,188,511,83,1264,1,436,924,0,0,0,0,0,0,0,0,0,0,0,0,0,0,0
923,145,924,0,0,0,0,0,0,0,0,0,0,0,0,0,0,0,0,0,0,0,0,0,0,0,0,0,0,0,0,0,0
923,3,251,386,512,924,0,0,0,0,0,0,0,0,0,0,0,0,0,0,0,0,0,0,0,0,0,0,0,0,0,0,0
923,11,121,656,19,1265,1,440,11,1266,1267,6,1268,924,0,0,0,0,0,0,0,0,0,0,0,0,0,0,0,0,0,0,0
923,21,1,375,26,17,730,731,632,4,1269,18,255,2,24,1,280,1270,924,0,0,0,0,0,0,0,0,0,0,0,0,0,0
923,32,387,504,7,510,11,62,924,0,0,0,0,0,0,0,0,0,0,0,0,0,0,0,0,0,0,0,0,0,0,0,0
923,231,3,588,66,8,7,48,439,4,25,3,1271,66,8,7,732,924,0,0,0,0,0,0,0,0,0,0,0,0,0,0,0
923,77,1272,3,254,513,612,70,2,1273,11,27,1,88,1,239,733,147,1274,4,726,924,0,0,0,0,0,0,0,0,0,0,0
923,23,216,356,14,734,12,1275,213,1,79,388,288,12,104,924,0,0,0,0,0,0,0,0,0,0,0,0,0,0,0,0,0
923,130,10,12,427,289,2,3,375,4,12,1276,2,127,21,1,215,53,371,1277,31,6,1,290,5,232,924,0,0,0,0,0,0
923,1278,1279,1280,924,0,0,0,0,0,0,0,0,0,0,0,0,0,0,0,0,0,0,0,0,0,0,0,0,0,0,0,0
923,1,1281,1282,9,45,1283,1,735,4,736,924,0,0,0,0,0,0,0,0,0,0,0,0,0,0,0,0,0,0,0,0,0
923,71,514,14,205,737,515,924,0,0,0,0,0,0,0,0,0,0,0,0,0,0,0,0,0,0,0,0,0,0,0,0,0
923,28,7,100,46,1284,55,1285,924,0,0,0,0,0,0,0,0,0,0,0,0,0,0,0,0,0,0,0,0,0,0,0,0
923,117,1,1286,64,68,1287,924,0,0,0,0,0,0,0,0,0,0,0,0,0,0,0,0,0,0,0,0,0,0,0,0,0
923,12,1288,10,12,26,738,432,1289,4,510,11,1,516,2,1290,924,0,0,0,0,0,0,0,0,0,0,0,0,0,0,0,0
923,1291,189,5,47,195,16,1292,1293,2,1294,1,384,5,97,924,0,0,0,0,0,0,0,0,0,0,0,0,0,0,0,0,0
923,381,26,172,73,46,1295,55,263,1296,89,4,12,26,1297,142,924,0,0,0,0,0,0,0,0,0,0,0,0,0,0,0,0
923,1,1298,19,24,359,6,20,739,44,315,96,374,19,233,47,360,5,1299,517,924,0,0,0,0,0,0,0,0,0,0,0,0
923,354,5,3,355,441,117,377,29,740,4,1300,924,0,0,0,0,0,0,0,0,0,0,0,0,0,0,0,0,0,0,0,0
923,741,111,283,13,43,742,47,1,1301,21,1302,924,0,0,0,0,0,0,0,0,0,0,0,0,0,0,0,0,0,0,0,0
923,1,115,65,137,6,924,0,0,0,0,0,0,0,0,0,0,0,0,0,0,0,0,0,0,0,0,0,0,0,0,0,0
923,101,24,1303,5,518,492,96,9,14,743,924,0,0,0,0,0,0,0,0,0,0,0,0,0,0,0,0,0,0,0,0,0
923,58,1,17,70,213,1,338,14,1304,20,48,384,924,0,0,0,0,0,0,0,0,0,0,0,0,0,0,0,0,0,0,0
923,465,744,1305,28,519,4,190,10,1,84,6,1,196,68,22,745,25,1,746,11,5,1,53,58,1,924,0,0,0,0,0,0
923,9,4,67,365,14,438,130,3,152,287,86,924,0,0,0,0,0,0,0,0,0,0,0,0,0,0,0,0,0,0,0,0
923,3,1306,747,6,3,57,748,924,0,0,0,0,0,0,0,0,0,0,0,0,0,0,0,0,0,0,0,0,0,0,0,0
923,75,3,140,1307,5,8,34,246,1308,1309,924,0,0,0,0,0,0,0,0,0,0,0,0,0,0,0,0,0,0,0,0,0
923,1,419,61,18,1310,23,1,61,1311,1312,1313,6,57,1314,223,26,1315,27,1316,25,1317,280,924,0,0,0,0,0,0,0,0,0
923,1,1318,25,749,1319,14,41,750,10,59,17,1320,10,12,26,1321,27,315,149,110,1322,924,0,0,0,0,0,0,0,0,0,0
923,6,1,372,287,5,1,751,50,17,136,37,191,48,682,5,8,924,0,0,0,0,0,0,0,0,0,0,0,0,0,0,0
923,60,350,14,44,389,11,390,1323,924,0,0,0,0,0,0,0,0,0,0,0,0,0,0,0,0,0,0,0,0,0,0,0
923,232,92,520,49,198,1324,16,91,1325,77,97,16,37,91,1326,1,521,2,1327,291,924,0,0,0,0,0,0,0,0,0,0,0
923,60,1328,6,522,579,1329,1330,1331,4,1332,752,924,0,0,0,0,0,0,0,0,0,0,0,0,0,0,0,0,0,0,0,0
923,32,391,7,367,33,1333,924,0,0,0,0,0,0,0,0,0,0,0,0,0,0,0,0,0,0,0,0,0,0,0,0,0
923,136,9,72,10,28,1334,43,91,753,146,148,924,0,0,0,0,0,0,0,0,0,0,0,0,0,0,0,0,0,0,0,0
923,1,115,109,754,9,32,115,924,0,0,0,0,0,0,0,0,0,0,0,0,0,0,0,0,0,0,0,0,0,0,0,0
923,1335,7,313,5,523,30,12,14,89,140,2,104,170,3,1336,924,0,0,0,0,0,0,0,0,0,0,0,0,0,0,0,0
923,79,8,493,98,224,10,508,266,585,755,4,1337,924,0,0,0,0,0,0,0,0,0,0,0,0,0,0,0,0,0,0,0
923,21,1,61,1338,1339,6,756,240,4,1340,1341,26,94,11,1,79,53,27,1342,924,0,0,0,0,0,0,0,0,0,0,0,0
923,1343,43,1344,5,757,25,143,2,524,1,219,505,17,758,1345,1346,4,1347,924,0,0,0,0,0,0,0,0,0,0,0,0,0
923,35,5,1,1348,1349,5,1350,1351,45,1,759,5,263,120,7,1,759,5,273,1352,20,609,924,0,0,0,0,0,0,0,0,0
923,204,17,101,16,174,11,29,6,20,760,924,0,0,0,0,0,0,0,0,0,0,0,0,0,0,0,0,0,0,0,0,0
923,292,47,281,924,0,0,0,0,0,0,0,0,0,0,0,0,0,0,0,0,0,0,0,0,0,0,0,0,0,0,0,0
923,15,187,1353,76,151,924,0,0,0,0,0,0,0,0,0,0,0,0,0,0,0,0,0,0,0,0,0,0,0,0,0,0
923,25,1,60,326,8,227,3,188,293,55,525,11,180,70,1354,761,2,526,324,924,0,0,0,0,0,0,0,0,0,0,0,0
923,15,762,274,13,476,924,0,0,0,0,0,0,0,0,0,0,0,0,0,0,0,0,0,0,0,0,0,0,0,0,0,0
923,23,9,14,37,527,3,528,34,123,9,3,521,11,3,527,120,924,0,0,0,0,0,0,0,0,0,0,0,0,0,0,0
923,763,1355,16,46,244,55,294,30,7,46,244,133,11,29,924,0,0,0,0,0,0,0,0,0,0,0,0,0,0,0,0,0
923,1,1356,1357,287,130,8,43,586,924,0,0,0,0,0,0,0,0,0,0,0,0,0,0,0,0,0,0,0,0,0,0,0
923,21,347,15,1358,1,764,4,230,8,6,1,765,924,0,0,0,0,0,0,0,0,0,0,0,0,0,0,0,0,0,0,0
923,6,1,215,88,9,34,155,2,147,92,27,743,924,0,0,0,0,0,0,0,0,0,0,0,0,0,0,0,0,0,0,0
923,35,444,109,32,192,7,2,56,2,3,48,133,78,924,0,0,0,0,0,0,0,0,0,0,0,0,0,0,0,0,0,0
923,1,689,192,19,144,92,3,192,924,0,0,0,0,0,0,0,0,0,0,0,0,0,0,0,0,0,0,0,0,0,0,0
923,8,1359,47,360,5,1360,2,1361,369,6,1,108,5,1362,924,0,0,0,0,0,0,0,0,0,0,0,0,0,0,0,0,0
923,100,1,1363,26,164,5,608,766,4,1,1364,26,164,5,392,1365,924,0,0,0,0,0,0,0,0,0,0,0,0,0,0,0
923,35,5,29,227,277,80,1366,1367,4,393,2,230,25,3,1368,5,367,234,39,43,767,45,80,1369,924,0,0,0,0,0,0,0
923,13,335,170,1370,22,290,924,0,0,0,0,0,0,0,0,0,0,0,0,0,0,0,0,0,0,0,0,0,0,0,0,0
923,1371,434,70,68,295,94,3,199,294,7,46,529,2,573,495,924,0,0,0,0,0,0,0,0,0,0,0,0,0,0,0,0
923,32,619,4,15,36,1,1372,1373,924,0,0,0,0,0,0,0,0,0,0,0,0,0,0,0,0,0,0,0,0,0,0,0
923,1,768,81,37,24,48,124,30,140,169,530,7,124,924,0,0,0,0,0,0,0,0,0,0,0,0,0,0,0,0,0,0
923,20,150,728,83,2,56,54,33,29,924,0,0,0,0,0,0,0,0,0,0,0,0,0,0,0,0,0,0,0,0,0,0
923,13,769,1,770,52,9,606,1,1374,35,46,53,9,19,24,69,924,0,0,0,0,0,0,0,0,0,0,0,0,0,0,0
923,11,1375,1376,1377,1378,3,1379,1380,40,13,164,22,1381,4,1382,394,98,3,167,1383,437,924,0,0,0,0,0,0,0,0,0,0
923,296,447,771,297,59,66,15,65,2,1384,924,0,0,0,0,0,0,0,0,0,0,0,0,0,0,0,0,0,0,0,0,0
923,374,350,233,389,11,390,17,89,924,0,0,0,0,0,0,0,0,0,0,0,0,0,0,0,0,0,0,0,0,0,0,0
923,30,15,531,32,126,85,37,1385,41,15,43,2,772,29,532,2,1,308,924,0,0,0,0,0,0,0,0,0,0,0,0,0
923,235,236,159,23,42,113,17,5,60,195,4,157,1,1386,5,1,61,924,0,0,0,0,0,0,0,0,0,0,0,0,0,0
923,3,533,6,3,140,240,235,201,18,773,48,395,289,1387,436,924,0,0,0,0,0,0,0,0,0,0,0,0,0,0,0,0
923,28,396,5,382,7,774,924,0,0,0,0,0,0,0,0,0,0,0,0,0,0,0,0,0,0,0,0,0,0,0,0,0
923,534,64,38,2,72,44,1,752,4,535,4,5,298,1,1388,924,0,0,0,0,0,0,0,0,0,0,0,0,0,0,0,0
923,1389,1390,186,2,708,33,3,481,25,22,119,41,13,753,35,6,924,0,0,0,0,0,0,0,0,0,0,0,0,0,0,0
923,675,536,299,19,137,45,472,2,522,537,924,0,0,0,0,0,0,0,0,0,0,0,0,0,0,0,0,0,0,0,0,0
923,74,3,198,88,2,99,69,49,120,7,38,6,60,368,5,1,61,924,0,0,0,0,0,0,0,0,0,0,0,0,0,0
923,471,7,1,1391,775,5,1,776,1392,1393,924,0,0,0,0,0,0,0,0,0,0,0,0,0,0,0,0,0,0,0,0,0
923,12,26,111,222,777,924,0,0,0,0,0,0,0,0,0,0,0,0,0,0,0,0,0,0,0,0,0,0,0,0,0,0
923,778,14,114,1394,924,0,0,0,0,0,0,0,0,0,0,0,0,0,0,0,0,0,0,0,0,0,0,0,0,0,0,0
923,6,60,132,1395,745,7,25,1,1396,605,746,924,0,0,0,0,0,0,0,0,0,0,0,0,0,0,0,0,0,0,0,0
923,1,671,5,518,1397,79,393,33,1,1398,924,0,0,0,0,0,0,0,0,0,0,0,0,0,0,0,0,0,0,0,0,0
923,538,4,118,108,1399,27,458,189,6,1400,189,6,1401,4,46,55,189,6,1402,472,924,0,0,0,0,0,0,0,0,0,0,0
923,41,779,780,781,1403,23,12,1404,3,369,1405,924,0,0,0,0,0,0,0,0,0,0,0,0,0,0,0,0,0,0,0,0
923,64,13,1406,48,532,6,51,1407,924,0,0,0,0,0,0,0,0,0,0,0,0,0,0,0,0,0,0,0,0,0,0,0
923,36,42,16,1,281,2,108,206,28,88,924,0,0,0,0,0,0,0,0,0,0,0,0,0,0,0,0,0,0,0,0,0
923,12,64,168,24,210,2,1408,291,2,86,170,539,386,29,924,0,0,0,0,0,0,0,0,0,0,0,0,0,0,0,0,0
923,3,321,84,131,22,418,145,36,17,1409,62,1410,23,12,72,103,83,2,237,782,15,16,2,1,1411,23,15,783,924,0,0,0
923,52,784,1412,31,1413,127,71,224,12,19,64,24,1414,924,0,0,0,0,0,0,0,0,0,0,0,0,0,0,0,0,0,0
923,785,23,7,8,924,0,0,0,0,0,0,0,0,0,0,0,0,0,0,0,0,0,0,0,0,0,0,0,0,0,0,0
923,6,1,526,5,3,84,190,1,383,924,0,0,0,0,0,0,0,0,0,0,0,0,0,0,0,0,0,0,0,0,0,0
923,12,1415,291,329,2,1416,1417,786,1418,229,1419,10,19,141,29,71,166,924,0,0,0,0,0,0,0,0,0,0,0,0,0,0
923,30,102,787,65,116,279,14,1420,6,788,30,42,286,236,29,924,0,0,0,0,0,0,0,0,0,0,0,0,0,0,0,0
923,6,59,368,5,1,61,151,1421,4,1422,285,1423,4,97,14,285,172,1424,924,0,0,0,0,0,0,0,0,0,0,0,0,0
923,8,1425,110,98,1,440,924,0,0,0,0,0,0,0,0,0,0,0,0,0,0,0,0,0,0,0,0,0,0,0,0,0
923,713,714,14,6,397,77,1,1426,582,1427,68,91,1428,319,6,1,789,55,412,924,0,0,0,0,0,0,0,0,0,0,0,0
923,97,93,87,189,5,1,253,1429,30,6,1430,189,5,47,185,283,1,86,7,1431,27,97,924,0,0,0,0,0,0,0,0,0
923,160,102,787,790,51,124,1432,6,22,260,924,0,0,0,0,0,0,0,0,0,0,0,0,0,0,0,0,0,0,0,0,0
923,12,398,371,114,27,1433,1434,31,1435,1,768,924,0,0,0,0,0,0,0,0,0,0,0,0,0,0,0,0,0,0,0,0
923,422,5,791,175,57,284,540,17,327,155,2,229,20,323,1436,4,1437,924,0,0,0,0,0,0,0,0,0,0,0,0,0,0
923,10,7,145,54,14,3,198,50,792,924,0,0,0,0,0,0,0,0,0,0,0,0,0,0,0,0,0,0,0,0,0,0
923,399,225,1438,6,1,8,793,14,1439,2,197,6,343,1440,5,1,1441,541,794,924,0,0,0,0,0,0,0,0,0,0,0,0
923,106,65,35,5,29,70,18,300,27,3,795,924,0,0,0,0,0,0,0,0,0,0,0,0,0,0,0,0,0,0,0,0
923,49,9,364,104,6,1,1442,7,1,735,4,60,736,924,0,0,0,0,0,0,0,0,0,0,0,0,0,0,0,0,0,0
923,296,36,10,6,445,448,924,0,0,0,0,0,0,0,0,0,0,0,0,0,0,0,0,0,0,0,0,0,0,0,0,0
923,400,1443,1444,1,1445,1446,4,1447,796,21,8,924,0,0,0,0,0,0,0,0,0,0,0,0,0,0,0,0,0,0,0,0
923,3,84,6,3,388,484,1448,18,773,1449,1450,1451,48,532,924,0,0,0,0,0,0,0,0,0,0,0,0,0,0,0,0,0
923,212,190,10,8,18,89,1452,4,89,797,924,0,0,0,0,0,0,0,0,0,0,0,0,0,0,0,0,0,0,0,0,0
923,1453,59,17,227,1454,1455,1456,924,0,0,0,0,0,0,0,0,0,0,0,0,0,0,0,0,0,0,0,0,0,0,0,0
923,39,112,92,1457,38,3,454,924,0,0,0,0,0,0,0,0,0,0,0,0,0,0,0,0,0,0,0,0,0,0,0,0
923,28,7,1458,924,0,0,0,0,0,0,0,0,0,0,0,0,0,0,0,0,0,0,0,0,0,0,0,0,0,0,0,0
923,12,1459,20,86,4,20,589,798,154,924,0,0,0,0,0,0,0,0,0,0,0,0,0,0,0,0,0,0,0,0,0,0
923,28,374,1460,7,1461,5,3,799,786,1462,181,271,25,6,800,171,1463,63,5,1,1464,101,1465,10,12,14,1466,924,0,0,0,0
923,160,400,1467,234,801,2,20,525,802,30,97,1468,2,1469,110,803,924,0,0,0,0,0,0,0,0,0,0,0,0,0,0,0
923,12,16,1,1470,2,804,1,208,281,69,5,1,805,30,20,593,794,1471,29,10,416,157,29,1472,924,0,0,0,0,0,0,0
923,180,17,289,54,14,41,1473,106,38,1474,924,0,0,0,0,0,0,0,0,0,0,0,0,0,0,0,0,0,0,0,0,0
923,6,3,254,46,724,17,725,106,806,158,46,924,0,0,0,0,0,0,0,0,0,0,0,0,0,0,0,0,0,0,0,0
923,202,203,26,300,25,3,135,1475,924,0,0,0,0,0,0,0,0,0,0,0,0,0,0,0,0,0,0,0,0,0,0,0
923,59,264,6,1476,182,3,188,1477,105,66,34,24,133,748,11,1478,924,0,0,0,0,0,0,0,0,0,0,0,0,0,0,0
923,34,9,56,2,1,1479,11,62,924,0,0,0,0,0,0,0,0,0,0,0,0,0,0,0,0,0,0,0,0,0,0,0
923,537,103,83,432,924,0,0,0,0,0,0,0,0,0,0,0,0,0,0,0,0,0,0,0,0,0,0,0,0,0,0,0
923,143,36,12,72,924,0,0,0,0,0,0,0,0,0,0,0,0,0,0,0,0,0,0,0,0,0,0,0,0,0,0,0
923,1,135,7,27,1,1480,807,924,0,0,0,0,0,0,0,0,0,0,0,0,0,0,0,0,0,0,0,0,0,0,0,0
923,23,78,18,95,330,131,62,2,301,1481,33,82,924,0,0,0,0,0,0,0,0,0,0,0,0,0,0,0,0,0,0,0
923,60,17,81,16,439,732,31,484,542,924,0,0,0,0,0,0,0,0,0,0,0,0,0,0,0,0,0,0,0,0,0,0
923,13,85,808,1482,1483,2,62,4,182,470,142,21,249,55,62,65,330,1484,90,1,771,1485,11,1,394,924,0,0,0,0,0,0
923,339,1,225,7,2,93,809,924,0,0,0,0,0,0,0,0,0,0,0,0,0,0,0,0,0,0,0,0,0,0,0,0
923,39,75,463,95,4,1486,810,924,0,0,0,0,0,0,0,0,0,0,0,0,0,0,0,0,0,0,0,0,0,0,0,0
923,154,1487,89,73,118,108,4,811,14,1488,116,253,118,1489,924,0,0,0,0,0,0,0,0,0,0,0,0,0,0,0,0,0
923,16,12,425,1490,924,0,0,0,0,0,0,0,0,0,0,0,0,0,0,0,0,0,0,0,0,0,0,0,0,0,0,0
923,47,15,16,2,274,44,7,367,812,55,9,924,0,0,0,0,0,0,0,0,0,0,0,0,0,0,0,0,0,0,0,0
923,1,88,6,181,1,1491,5,3,1492,348,813,74,1493,2,60,132,6,3,1494,543,1495,924,0,0,0,0,0,0,0,0,0,0
923,32,365,7,21,1,135,924,0,0,0,0,0,0,0,0,0,0,0,0,0,0,0,0,0,0,0,0,0,0,0,0,0
923,130,3,96,1,362,19,245,98,3,219,10,19,93,17,527,924,0,0,0,0,0,0,0,0,0,0,0,0,0,0,0,0
923,50,17,14,1496,28,501,669,297,924,0,0,0,0,0,0,0,0,0,0,0,0,0,0,0,0,0,0,0,0,0,0,0
923,17,191,9,14,1497,77,9,123,29,401,4,1498,105,66,924,0,0,0,0,0,0,0,0,0,0,0,0,0,0,0,0,0
923,39,7,738,51,1499,95,80,1500,924,0,0,0,0,0,0,0,0,0,0,0,0,0,0,0,0,0,0,0,0,0,0,0
923,336,1501,80,814,1502,30,13,295,161,1,115,717,11,1503,29,924,0,0,0,0,0,0,0,0,0,0,0,0,0,0,0,0
923,239,17,19,93,239,1504,924,0,0,0,0,0,0,0,0,0,0,0,0,0,0,0,0,0,0,0,0,0,0,0,0,0
923,12,123,3,1505,654,2,1,519,4,56,25,2,544,44,8,924,0,0,0,0,0,0,0,0,0,0,0,0,0,0,0,0
923,103,37,354,44,1,316,1,60,1506,109,924,0,0,0,0,0,0,0,0,0,0,0,0,0,0,0,0,0,0,0,0,0
923,54,14,1507,707,2,1508,1509,924,0,0,0,0,0,0,0,0,0,0,0,0,0,0,0,0,0,0,0,0,0,0,0,0
923,30,1,134,33,1,63,545,1510,18,107,1511,1512,1513,924,0,0,0,0,0,0,0,0,0,0,0,0,0,0,0,0,0,0
923,107,17,127,516,11,815,30,333,816,817,1514,4,546,1515,924,0,0,0,0,0,0,0,0,0,0,0,0,0,0,0,0,0
923,547,4,402,186,2,301,33,29,30,1,279,136,37,125,2,77,547,4,402,26,1516,55,12,924,0,0,0,0,0,0,0,0
923,500,548,1,84,109,40,13,393,2,491,275,395,924,0,0,0,0,0,0,0,0,0,0,0,0,0,0,0,0,0,0,0
923,818,320,22,819,1517,50,361,924,0,0,0,0,0,0,0,0,0,0,0,0,0,0,0,0,0,0,0,0,0,0,0,0
923,36,9,16,1,53,924,0,0,0,0,0,0,0,0,0,0,0,0,0,0,0,0,0,0,0,0,0,0,0,0,0,0
923,11,121,3,84,19,24,403,2,3,220,4,1518,144,1519,4,722,924,0,0,0,0,0,0,0,0,0,0,0,0,0,0,0
923,11,28,259,50,1520,108,549,1521,2,524,20,820,924,0,0,0,0,0,0,0,0,0,0,0,0,0,0,0,0,0,0,0
923,27,1,507,5,63,17,16,515,730,111,643,5,514,924,0,0,0,0,0,0,0,0,0,0,0,0,0,0,0,0,0,0
923,1,241,421,550,147,158,173,415,197,1522,74,821,924,0,0,0,0,0,0,0,0,0,0,0,0,0,0,0,0,0,0,0
923,118,811,7,344,359,217,242,11,1,35,1523,17,373,170,413,118,924,0,0,0,0,0,0,0,0,0,0,0,0,0,0,0
923,30,822,176,113,107,41,13,184,113,49,1,1524,18,371,924,0,0,0,0,0,0,0,0,0,0,0,0,0,0,0,0,0
923,818,7,1,334,823,770,25,22,819,924,0,0,0,0,0,0,0,0,0,0,0,0,0,0,0,0,0,0,0,0,0,0
923,9,72,74,3,167,503,6,522,924,0,0,0,0,0,0,0,0,0,0,0,0,0,0,0,0,0,0,0,0,0,0,0
923,117,6,1,551,1525,518,820,729,329,2,105,1526,1527,19,24,48,545,149,67,199,924,0,0,0,0,0,0,0,0,0,0,0
923,552,103,468,32,824,228,74,48,404,405,236,62,924,0,0,0,0,0,0,0,0,0,0,0,0,0,0,0,0,0,0,0
923,655,825,3,1528,98,67,302,2,251,178,924,0,0,0,0,0,0,0,0,0,0,0,0,0,0,0,0,0,0,0,0,0
923,64,12,14,1529,2,169,92,44,549,1530,96,1531,4,295,2,772,3,806,1532,98,1,826,924,0,0,0,0,0,0,0,0,0
923,15,18,185,11,82,924,0,0,0,0,0,0,0,0,0,0,0,0,0,0,0,0,0,0,0,0,0,0,0,0,0,0
923,1,61,7,715,46,1533,4,1534,1,156,5,28,4,551,1535,1536,20,1537,116,61,19,24,1538,924,0,0,0,0,0,0,0,0
923,1539,8,83,131,1,223,84,924,0,0,0,0,0,0,0,0,0,0,0,0,0,0,0,0,0,0,0,0,0,0,0,0
923,1,218,1540,5,298,7,10,369,827,53,4,122,27,37,828,2,553,2,1,260,175,66,924,0,0,0,0,0,0,0,0,0
923,32,1541,721,70,629,11,3,1542,394,190,1543,6,346,5,3,829,21,128,924,0,0,0,0,0,0,0,0,0,0,0,0,0
923,35,66,23,711,4,1544,179,119,2,1,1545,12,190,10,1,1546,26,69,5,830,924,0,0,0,0,0,0,0,0,0,0,0
923,1547,364,157,87,33,1548,1549,554,676,1550,3,118,1551,924,0,0,0,0,0,0,0,0,0,0,0,0,0,0,0,0,0,0
923,145,924,0,0,0,0,0,0,0,0,0,0,0,0,0,0,0,0,0,0,0,0,0,0,0,0,0,0,0,0,0,0
923,22,120,18,403,77,13,221,22,555,6,110,78,924,0,0,0,0,0,0,0,0,0,0,0,0,0,0,0,0,0,0,0
923,17,376,188,178,23,12,137,6,924,0,0,0,0,0,0,0,0,0,0,0,0,0,0,0,0,0,0,0,0,0,0,0
923,170,1552,688,109,15,187,924,0,0,0,0,0,0,0,0,0,0,0,0,0,0,0,0,0,0,0,0,0,0,0,0,0
923,42,34,602,56,2,1,517,31,56,831,924,0,0,0,0,0,0,0,0,0,0,0,0,0,0,0,0,0,0,0,0,0
923,35,1553,6,13,43,3,443,192,924,0,0,0,0,0,0,0,0,0,0,0,0,0,0,0,0,0,0,0,0,0,0,0
923,27,486,386,1554,38,1555,1556,784,381,1557,4,832,96,12,257,214,16,433,10,12,47,924,0,0,0,0,0,0,0,0,0,0
923,42,14,83,2,524,1558,21,823,361,89,924,0,0,0,0,0,0,0,0,0,0,0,0,0,0,0,0,0,0,0,0,0
923,35,383,1559,833,87,4,65,405,548,23,81,42,16,116,1560,119,924,0,0,0,0,0,0,0,0,0,0,0,0,0,0,0
923,834,145,444,1561,696,1562,1563,126,2,1564,20,763,256,1565,4,93,29,376,1566,924,0,0,0,0,0,0,0,0,0,0,0,0
923,238,1567,3,270,2,257,4,47,67,535,924,0,0,0,0,0,0,0,0,0,0,0,0,0,0,0,0,0,0,0,0,0
923,1568,835,265,152,231,180,406,924,0,0,0,0,0,0,0,0,0,0,0,0,0,0,0,0,0,0,0,0,0,0,0,0
923,15,101,125,2,1569,29,69,924,0,0,0,0,0,0,0,0,0,0,0,0,0,0,0,0,0,0,0,0,0,0,0,0
923,12,243,10,1570,264,4,214,19,99,3,88,2,808,20,1571,119,2,120,924,0,0,0,0,0,0,0,0,0,0,0,0,0
923,58,13,836,69,1,1572,5,3,1573,1574,310,4,837,4,838,8,25,1,805,924,0,0,0,0,0,0,0,0,0,0,0,0
923,839,81,1575,1576,23,840,670,7,190,924,0,0,0,0,0,0,0,0,0,0,0,0,0,0,0,0,0,0,0,0,0,0
923,659,1577,108,1,1578,5,480,31,1579,2,1580,1,556,5,516,924,0,0,0,0,0,0,0,0,0,0,0,0,0,0,0,0
923,15,171,16,32,599,1581,924,0,0,0,0,0,0,0,0,0,0,0,0,0,0,0,0,0,0,0,0,0,0,0,0,0
923,785,1582,924,0,0,0,0,0,0,0,0,0,0,0,0,0,0,0,0,0,0,0,0,0,0,0,0,0,0,0,0,0
923,71,841,14,41,256,10,50,156,781,303,842,40,154,40,828,3,1583,924,0,0,0,0,0,0,0,0,0,0,0,0,0,0
923,58,21,507,31,160,3,1584,407,5,514,1585,2,137,6,924,0,0,0,0,0,0,0,0,0,0,0,0,0,0,0,0,0
923,843,26,92,11,381,924,0,0,0,0,0,0,0,0,0,0,0,0,0,0,0,0,0,0,0,0,0,0,0,0,0,0
923,642,50,17,16,250,1586,2,1,276,41,12,34,1587,158,1588,31,1589,1590,12,38,21,158,53,924,0,0,0,0,0,0,0,0
923,6,1591,52,9,16,403,557,31,1592,196,6,1593,558,9,14,46,529,2,526,296,55,9,1594,924,0,0,0,0,0,0,0,0
923,1,844,58,801,2,1,1595,4,845,1,262,2,24,1596,924,0,0,0,0,0,0,0,0,0,0,0,0,0,0,0,0,0
923,23,9,1597,87,9,81,24,210,2,99,75,1,846,9,26,380,11,924,0,0,0,0,0,0,0,0,0,0,0,0,0,0
923,304,34,64,247,1,88,3,1598,1599,924,0,0,0,0,0,0,0,0,0,0,0,0,0,0,0,0,0,0,0,0,0,0
923,52,778,58,127,71,206,1,304,847,20,848,924,0,0,0,0,0,0,0,0,0,0,0,0,0,0,0,0,0,0,0,0
923,12,36,37,346,1600,2,93,29,56,924,0,0,0,0,0,0,0,0,0,0,0,0,0,0,0,0,0,0,0,0,0,0
923,849,43,815,21,1601,4,502,11,78,21,1602,498,850,13,559,21,78,21,850,1603,924,0,0,0,0,0,0,0,0,0,0,0
923,1604,184,36,80,228,1605,39,18,1606,4,851,324,372,924,0,0,0,0,0,0,0,0,0,0,0,0,0,0,0,0,0,0
923,852,184,36,22,228,77,13,43,3,546,924,0,0,0,0,0,0,0,0,0,0,0,0,0,0,0,0,0,0,0,0,0
923,853,49,2,378,25,512,7,3,788,1607,6,800,47,95,1,61,924,0,0,0,0,0,0,0,0,0,0,0,0,0,0,0
923,6,60,132,12,327,24,1608,5,71,1609,1610,3,1611,88,2,155,107,924,0,0,0,0,0,0,0,0,0,0,0,0,0,0
923,15,1612,854,11,8,924,0,0,0,0,0,0,0,0,0,0,0,0,0,0,0,0,0,0,0,0,0,0,0,0,0,0
923,264,45,50,368,5,1,61,16,1613,2,702,2,104,1,108,5,442,6,700,924,0,0,0,0,0,0,0,0,0,0,0,0
923,1614,662,345,112,245,69,2,24,46,1615,55,158,60,396,5,345,1,61,68,460,1616,924,0,0,0,0,0,0,0,0,0,0
923,11,121,300,21,128,6,1617,5,3,199,33,3,1618,1619,2,1,260,342,37,1620,197,924,0,0,0,0,0,0,0,0,0,0
923,13,64,68,188,243,11,1621,118,1622,924,0,0,0,0,0,0,0,0,0,0,0,0,0,0,0,0,0,0,0,0,0,0
923,12,36,37,257,163,1,617,924,0,0,0,0,0,0,0,0,0,0,0,0,0,0,0,0,0,0,0,0,0,0,0,0
923,1,259,11,10,178,7,529,10,263,1623,14,1624,1625,204,1626,33,50,337,5,76,148,924,0,0,0,0,0,0,0,0,0,0
923,10,7,420,1627,1628,102,307,924,0,0,0,0,0,0,0,0,0,0,0,0,0,0,0,0,0,0,0,0,0,0,0,0
923,13,718,11,57,1629,4,490,2,155,57,166,924,0,0,0,0,0,0,0,0,0,0,0,0,0,0,0,0,0,0,0,0
923,482,304,847,385,302,8,19,295,237,924,0,0,0,0,0,0,0,0,0,0,0,0,0,0,0,0,0,0,0,0,0,0
923,41,22,391,131,82,2,56,2,1,1630,2,314,3,254,311,924,0,0,0,0,0,0,0,0,0,0,0,0,0,0,0,0
923,6,60,132,9,34,113,1,400,855,4,1631,273,129,924,0,0,0,0,0,0,0,0,0,0,0,0,0,0,0,0,0,0
923,1632,1,193,97,26,114,293,496,2,86,31,856,51,456,924,0,0,0,0,0,0,0,0,0,0,0,0,0,0,0,0,0
923,40,3,426,17,395,620,747,6,10,284,924,0,0,0,0,0,0,0,0,0,0,0,0,0,0,0,0,0,0,0,0,0
923,6,857,195,1,63,124,1633,7,1634,924,0,0,0,0,0,0,0,0,0,0,0,0,0,0,0,0,0,0,0,0,0,0
923,27,791,1,1635,5,20,858,859,105,1636,490,2,1637,1,513,10,13,31,39,7,1,334,220,11,1,225,924,0,0,0,0,0
923,21,79,42,226,50,755,924,0,0,0,0,0,0,0,0,0,0,0,0,0,0,0,0,0,0,0,0,0,0,0,0,0
923,860,1638,1639,303,1640,45,1,494,924,0,0,0,0,0,0,0,0,0,0,0,0,0,0,0,0,0,0,0,0,0,0,0
923,40,3,426,12,16,408,842,2,141,163,1,146,560,558,924,0,0,0,0,0,0,0,0,0,0,0,0,0,0,0,0,0
923,534,38,2,93,1641,11,861,1642,924,0,0,0,0,0,0,0,0,0,0,0,0,0,0,0,0,0,0,0,0,0,0,0
923,8,7,409,51,283,1643,45,200,924,0,0,0,0,0,0,0,0,0,0,0,0,0,0,0,0,0,0,0,0,0,0,0
923,1,134,7,41,1644,10,75,35,1645,5,8,1646,139,1647,924,0,0,0,0,0,0,0,0,0,0,0,0,0,0,0,0,0
923,49,14,9,83,2,36,207,924,0,0,0,0,0,0,0,0,0,0,0,0,0,0,0,0,0,0,0,0,0,0,0,0
923,212,26,408,710,55,294,924,0,0,0,0,0,0,0,0,0,0,0,0,0,0,0,0,0,0,0,0,0,0,0,0,0
923,35,66,1648,1649,473,3,467,488,25,3,223,446,33,202,60,591,924,0,0,0,0,0,0,0,0,0,0,0,0,0,0,0
923,129,56,11,1650,6,1,135,4,129,16,1651,25,501,1652,924,0,0,0,0,0,0,0,0,0,0,0,0,0,0,0,0,0
923,1,57,478,462,19,268,24,1653,2,398,1654,1655,924,0,0,0,0,0,0,0,0,0,0,0,0,0,0,0,0,0,0,0
923,3,799,217,7,10,17,1656,41,73,118,924,0,0,0,0,0,0,0,0,0,0,0,0,0,0,0,0,0,0,0,0,0
923,6,267,1,1657,862,863,561,34,24,1658,175,282,11,75,1659,924,0,0,0,0,0,0,0,0,0,0,0,0,0,0,0,0
923,316,19,14,1660,21,4,924,0,0,0,0,0,0,0,0,0,0,0,0,0,0,0,0,0,0,0,0,0,0,0,0,0
923,6,1,1661,1662,687,362,7,35,5,1,63,545,546,1663,924,0,0,0,0,0,0,0,0,0,0,0,0,0,0,0,0,0
923,32,258,4,15,100,43,683,1664,924,0,0,0,0,0,0,0,0,0,0,0,0,0,0,0,0,0,0,0,0,0,0,0
923,9,16,1,1665,2,1666,275,59,864,4,229,57,385,924,0,0,0,0,0,0,0,0,0,0,0,0,0,0,0,0,0,0
923,466,5,1667,924,0,0,0,0,0,0,0,0,0,0,0,0,0,0,0,0,0,0,0,0,0,0,0,0,0,0,0,0
923,15,106,1668,2,633,45,9,268,924,0,0,0,0,0,0,0,0,0,0,0,0,0,0,0,0,0,0,0,0,0,0,0
923,13,94,8,4,399,1669,822,2,237,1,691,924,0,0,0,0,0,0,0,0,0,0,0,0,0,0,0,0,0,0,0,0
923,41,15,865,1,765,4,8,866,275,924,0,0,0,0,0,0,0,0,0,0,0,0,0,0,0,0,0,0,0,0,0,0
923,3,13,34,138,1,809,4,1,562,1670,1,807,33,29,237,1,1671,4,56,119,33,1,562,237,1,562,4,138,1,867,1672,924
923,233,53,11,760,14,4,924,0,0,0,0,0,0,0,0,0,0,0,0,0,0,0,0,0,0,0,0,0,0,0,0,0
923,13,161,87,22,120,11,1,193,924,0,0,0,0,0,0,0,0,0,0,0,0,0,0,0,0,0,0,0,0,0,0,0
923,12,502,2,1673,6,1674,666,4,230,87,758,1675,924,0,0,0,0,0,0,0,0,0,0,0,0,0,0,0,0,0,0,0
923,600,548,31,1676,15,187,645,2,99,69,868,54,14,285,158,563,869,21,67,560,1677,1678,924,0,0,0,0,0,0,0,0,0
923,22,1679,177,25,1680,924,0,0,0,0,0,0,0,0,0,0,0,0,0,0,0,0,0,0,0,0,0,0,0,0,0,0
923,13,407,3,870,25,1,1681,4,486,414,8,33,871,924,0,0,0,0,0,0,0,0,0,0,0,0,0,0,0,0,0,0
923,54,7,114,174,11,1682,6,194,3,417,924,0,0,0,0,0,0,0,0,0,0,0,0,0,0,0,0,0,0,0,0,0
923,30,157,67,1683,780,924,0,0,0,0,0,0,0,0,0,0,0,0,0,0,0,0,0,0,0,0,0,0,0,0,0,0
923,102,564,520,143,2,497,82,129,924,0,0,0,0,0,0,0,0,0,0,0,0,0,0,0,0,0,0,0,0,0,0,0
923,1,475,7,872,4,1,679,14,872,924,0,0,0,0,0,0,0,0,0,0,0,0,0,0,0,0,0,0,0,0,0,0
923,32,150,7,1684,29,924,0,0,0,0,0,0,0,0,0,0,0,0,0,0,0,0,0,0,0,0,0,0,0,0,0,0
923,540,13,85,16,144,3,1685,924,0,0,0,0,0,0,0,0,0,0,0,0,0,0,0,0,0,0,0,0,0,0,0,0
923,1686,6,388,305,241,1687,1688,11,557,274,44,1,551,4,158,167,348,6,116,384,81,246,1689,924,0,0,0,0,0,0,0,0
923,1690,701,1691,554,2,1692,183,873,1,1693,11,1694,1695,456,4,1696,1697,11,3,1698,31,86,924,0,0,0,0,0,0,0,0,0
923,114,35,34,182,74,410,2,213,3,284,924,0,0,0,0,0,0,0,0,0,0,0,0,0,0,0,0,0,0,0,0,0
923,399,1,1699,1700,19,24,1701,1702,2,67,874,924,0,0,0,0,0,0,0,0,0,0,0,0,0,0,0,0,0,0,0,0
923,402,875,2,379,1703,924,0,0,0,0,0,0,0,0,0,0,0,0,0,0,0,0,0,0,0,0,0,0,0,0,0,0
923,5,298,9,36,37,125,2,366,67,1704,1705,6,1706,924,0,0,0,0,0,0,0,0,0,0,0,0,0,0,0,0,0,0
923,13,325,1707,2,1,17,11,22,222,234,924,0,0,0,0,0,0,0,0,0,0,0,0,0,0,0,0,0,0,0,0,0
923,40,3,57,1708,782,424,57,4,565,924,0,0,0,0,0,0,0,0,0,0,0,0,0,0,0,0,0,0,0,0,0,0
923,749,261,10,1,272,7,734,485,924,0,0,0,0,0,0,0,0,0,0,0,0,0,0,0,0,0,0,0,0,0,0,0
923,8,876,119,151,1709,4,8,320,29,113,1710,1711,142,924,0,0,0,0,0,0,0,0,0,0,0,0,0,0,0,0,0,0
923,49,327,13,36,924,0,0,0,0,0,0,0,0,0,0,0,0,0,0,0,0,0,0,0,0,0,0,0,0,0,0,0
923,9,16,3,256,1712,2,106,139,4,1713,924,0,0,0,0,0,0,0,0,0,0,0,0,0,0,0,0,0,0,0,0,0
923,9,72,9,286,924,0,0,0,0,0,0,0,0,0,0,0,0,0,0,0,0,0,0,0,0,0,0,0,0,0,0,0
923,1714,877,864,9,81,16,9,34,229,2,247,29,924,0,0,0,0,0,0,0,0,0,0,0,0,0,0,0,0,0,0,0
923,3,837,25,3,1715,7,269,270,6,1,506,924,0,0,0,0,0,0,0,0,0,0,0,0,0,0,0,0,0,0,0,0
923,13,265,152,175,66,924,0,0,0,0,0,0,0,0,0,0,0,0,0,0,0,0,0,0,0,0,0,0,0,0,0,0
923,36,156,114,293,192,5,1716,563,313,5,1717,4,443,1718,924,0,0,0,0,0,0,0,0,0,0,0,0,0,0,0,0,0
923,15,18,878,1719,18,221,48,1720,924,0,0,0,0,0,0,0,0,0,0,0,0,0,0,0,0,0,0,0,0,0,0,0
923,12,65,10,299,18,3,48,133,879,924,0,0,0,0,0,0,0,0,0,0,0,0,0,0,0,0,0,0,0,0,0,0
923,6,267,1,777,26,1,63,124,288,924,0,0,0,0,0,0,0,0,0,0,0,0,0,0,0,0,0,0,0,0,0,0
923,1,218,259,15,187,278,1721,1722,7,10,8,7,48,566,11,1,249,2,93,492,924,0,0,0,0,0,0,0,0,0,0,0
923,6,50,1723,17,16,20,218,375,21,1724,30,333,816,3,388,861,924,0,0,0,0,0,0,0,0,0,0,0,0,0,0,0
923,194,252,101,248,1725,27,521,117,924,0,0,0,0,0,0,0,0,0,0,0,0,0,0,0,0,0,0,0,0,0,0,0
923,11,121,59,17,191,10,3,220,7,37,1726,52,13,31,39,550,93,140,169,924,0,0,0,0,0,0,0,0,0,0,0,0
923,1,1727,880,1728,761,924,0,0,0,0,0,0,0,0,0,0,0,0,0,0,0,0,0,0,0,0,0,0,0,0,0,0
923,23,54,7,3,57,618,194,40,1,751,8,7,100,1729,2,1730,1731,44,8,924,0,0,0,0,0,0,0,0,0,0,0,0
923,13,742,1,57,219,21,22,536,1732,1733,21,1734,3,1735,924,0,0,0,0,0,0,0,0,0,0,0,0,0,0,0,0,0
923,23,523,56,370,401,1,401,798,1736,924,0,0,0,0,0,0,0,0,0,0,0,0,0,0,0,0,0,0,0,0,0,0
923,59,224,881,291,45,1737,206,27,505,277,3,154,556,924,0,0,0,0,0,0,0,0,0,0,0,0,0,0,0,0,0,0
923,117,408,55,1738,558,160,3,57,1739,179,69,44,461,339,924,0,0,0,0,0,0,0,0,0,0,0,0,0,0,0,0,0
923,3,84,45,1,223,18,428,289,3,193,597,23,13,226,51,151,1740,300,1741,3,208,924,0,0,0,0,0,0,0,0,0,0
923,15,191,10,539,70,68,3,225,13,31,39,1742,7,48,882,924,0,0,0,0,0,0,0,0,0,0,0,0,0,0,0,0
923,1743,19,474,82,21,1,1744,6,200,924,0,0,0,0,0,0,0,0,0,0,0,0,0,0,0,0,0,0,0,0,0,0
923,1,556,5,1745,6,3,553,1746,377,159,191,5,883,2,3,1747,441,924,0,0,0,0,0,0,0,0,0,0,0,0,0,0
923,39,884,2,1748,1749,4,1750,885,924,0,0,0,0,0,0,0,0,0,0,0,0,0,0,0,0,0,0,0,0,0,0,0
923,11,121,1,215,1751,1752,94,2,886,1,1753,652,6,1,517,1,887,1754,4,1755,1756,14,64,94,27,1,924,0,0,0,0,0
923,9,34,155,2,888,92,27,1757,924,0,0,0,0,0,0,0,0,0,0,0,0,0,0,0,0,0,0,0,0,0,0,0
923,90,299,889,1758,2,155,924,0,0,0,0,0,0,0,0,0,0,0,0,0,0,0,0,0,0,0,0,0,0,0,0,0
923,1759,182,9,72,107,400,4,855,357,129,924,0,0,0,0,0,0,0,0,0,0,0,0,0,0,0,0,0,0,0,0,0
923,71,859,886,51,858,1,1760,5,513,19,38,924,0,0,0,0,0,0,0,0,0,0,0,0,0,0,0,0,0,0,0,0
923,1761,184,36,80,228,77,39,43,2,138,1762,5,80,216,387,96,80,150,18,275,924,0,0,0,0,0,0,0,0,0,0,0
923,102,564,68,35,183,363,70,75,890,3,78,924,0,0,0,0,0,0,0,0,0,0,0,0,0,0,0,0,0,0,0,0
923,8,64,320,17,376,1763,33,105,60,242,21,1,1764,5,3,826,924,0,0,0,0,0,0,0,0,0,0,0,0,0,0,0
923,15,1765,810,4,463,95,2,1766,1,208,39,43,407,891,924,0,0,0,0,0,0,0,0,0,0,0,0,0,0,0,0,0
923,8,227,3,146,53,4,399,12,1767,1,1768,698,924,0,0,0,0,0,0,0,0,0,0,0,0,0,0,0,0,0,0,0
923,9,19,99,635,46,740,924,0,0,0,0,0,0,0,0,0,0,0,0,0,0,0,0,0,0,0,0,0,0,0,0,0
923,3,519,31,217,10,19,24,1769,33,27,3,249,1770,1,543,278,102,307,19,24,704,924,0,0,0,0,0,0,0,0,0,0
923,101,169,38,10,924,0,0,0,0,0,0,0,0,0,0,0,0,0,0,0,0,0,0,0,0,0,0,0,0,0,0,0
923,567,511,330,1771,924,0,0,0,0,0,0,0,0,0,0,0,0,0,0,0,0,0,0,0,0,0,0,0,0,0,0,0
923,10,892,38,344,1772,5,893,924,0,0,0,0,0,0,0,0,0,0,0,0,0,0,0,0,0,0,0,0,0,0,0,0
923,32,188,387,1773,7,445,76,151,924,0,0,0,0,0,0,0,0,0,0,0,0,0,0,0,0,0,0,0,0,0,0,0
923,58,15,1774,1,35,303,790,27,3,533,1775,1,887,208,924,0,0,0,0,0,0,0,0,0,0,0,0,0,0,0,0,0
923,28,377,8,46,404,2,257,65,35,5,1,1776,924,0,0,0,0,0,0,0,0,0,0,0,0,0,0,0,0,0,0,0
923,41,42,81,182,10,235,38,894,14,51,478,173,924,0,0,0,0,0,0,0,0,0,0,0,0,0,0,0,0,0,0,0
923,58,296,123,9,59,392,1777,924,0,0,0,0,0,0,0,0,0,0,0,0,0,0,0,0,0,0,0,0,0,0,0,0
923,1778,6,830,11,32,258,2,1779,1,512,13,85,245,87,1,1780,41,110,8,161,62,3,1781,924,0,0,0,0,0,0,0,0
923,15,179,128,21,409,498,202,4,190,504,695,3,528,1782,924,0,0,0,0,0,0,0,0,0,0,0,0,0,0,0,0,0
923,52,9,14,578,6,352,349,311,44,352,924,0,0,0,0,0,0,0,0,0,0,0,0,0,0,0,0,0,0,0,0,0
923,895,6,1783,34,1784,24,3,133,288,6,59,674,30,52,8,7,1785,8,34,24,48,1786,924,0,0,0,0,0,0,0,0,0
923,1,1787,5,894,19,24,1788,21,4,21,924,0,0,0,0,0,0,0,0,0,0,0,0,0,0,0,0,0,0,0,0,0
923,6,857,575,4,574,352,7,48,124,2,1,17,924,0,0,0,0,0,0,0,0,0,0,0,0,0,0,0,0,0,0,0
923,15,75,488,67,1789,924,0,0,0,0,0,0,0,0,0,0,0,0,0,0,0,0,0,0,0,0,0,0,0,0,0,0
923,130,3,775,59,5,71,489,26,1790,1791,924,0,0,0,0,0,0,0,0,0,0,0,0,0,0,0,0,0,0,0,0,0
923,11,121,35,322,1792,262,2,625,2,3,1793,95,4,95,485,328,12,141,1,821,924,0,0,0,0,0,0,0,0,0,0,0
923,269,885,7,22,225,924,0,0,0,0,0,0,0,0,0,0,0,0,0,0,0,0,0,0,0,0,0,0,0,0,0,0
923,12,14,83,2,141,87,372,537,211,924,0,0,0,0,0,0,0,0,0,0,0,0,0,0,0,0,0,0,0,0,0,0
923,1,126,58,177,2,1794,174,4,226,82,1795,1796,1797,15,34,108,28,2,827,32,122,6,924,0,0,0,0,0,0,0,0,0
923,17,179,45,47,95,1,193,2,314,22,234,924,0,0,0,0,0,0,0,0,0,0,0,0,0,0,0,0,0,0,0,0
923,63,860,11,121,19,274,868,731,64,209,4,332,25,71,60,1798,924,0,0,0,0,0,0,0,0,0,0,0,0,0,0,0
923,3,198,50,224,16,1799,1800,31,1801,1802,10,881,29,924,0,0,0,0,0,0,0,0,0,0,0,0,0,0,0,0,0,0
923,680,681,34,64,24,51,1803,9,101,229,2,36,231,1,66,924,0,0,0,0,0,0,0,0,0,0,0,0,0,0,0,0
923,852,7,32,1804,924,0,0,0,0,0,0,0,0,0,0,0,0,0,0,0,0,0,0,0,0,0,0,0,0,0,0,0
923,6,10,543,769,1,693,1805,142,544,29,2,237,297,21,482,924,0,0,0,0,0,0,0,0,0,0,0,0,0,0,0,0
923,294,146,17,19,125,2,601,3,1806,2,1,134,6,3,309,1807,924,0,0,0,0,0,0,0,0,0,0,0,0,0,0,0
923,8,286,24,893,924,0,0,0,0,0,0,0,0,0,0,0,0,0,0,0,0,0,0,0,0,0,0,0,0,0,0,0
923,90,42,14,185,152,11,1,1808,1809,924,0,0,0,0,0,0,0,0,0,0,0,0,0,0,0,0,0,0,0,0,0,0
923,329,2,744,8,7,73,46,359,55,464,853,538,3,389,1810,4,3,235,1811,924,0,0,0,0,0,0,0,0,0,0,0,0
923,13,43,3,404,53,1812,1,132,924,0,0,0,0,0,0,0,0,0,0,0,0,0,0,0,0,0,0,0,0,0,0,0
923,21,79,15,845,29,10,15,186,2,155,896,75,11,452,924,0,0,0,0,0,0,0,0,0,0,0,0,0,0,0,0,0
923,15,131,80,23,150,43,425,924,0,0,0,0,0,0,0,0,0,0,0,0,0,0,0,0,0,0,0,0,0,0,0,0
923,23,13,184,1813,8,158,293,13,865,1,874,4,1814,6,924,0,0,0,0,0,0,0,0,0,0,0,0,0,0,0,0,0
923,1815,156,100,16,1816,1817,4,3,877,1818,924,0,0,0,0,0,0,0,0,0,0,0,0,0,0,0,0,0,0,0,0,0
923,4,15,34,36,50,60,166,89,924,0,0,0,0,0,0,0,0,0,0,0,0,0,0,0,0,0,0,0,0,0,0,0
923,32,1819,7,883,924,0,0,0,0,0,0,0,0,0,0,0,0,0,0,0,0,0,0,0,0,0,0,0,0,0,0,0
923,13,1820,2,1,541,11,409,51,897,44,1,1821,5,133,1822,924,0,0,0,0,0,0,0,0,0,0,0,0,0,0,0,0
923,4,153,17,16,467,542,924,0,0,0,0,0,0,0,0,0,0,0,0,0,0,0,0,0,0,0,0,0,0,0,0,0
923,536,1823,136,9,1824,8,924,0,0,0,0,0,0,0,0,0,0,0,0,0,0,0,0,0,0,0,0,0,0,0,0,0
923,36,9,38,2,318,6,1,223,31,6,1,193,924,0,0,0,0,0,0,0,0,0,0,0,0,0,0,0,0,0,0,0
923,32,317,4,15,14,83,25,3,898,2,1,429,1825,231,1,560,924,0,0,0,0,0,0,0,0,0,0,0,0,0,0,0
923,10,7,3,154,899,89,924,0,0,0,0,0,0,0,0,0,0,0,0,0,0,0,0,0,0,0,0,0,0,0,0,0
923,197,457,2,127,382,129,52,13,875,2,16,3,256,302,924,0,0,0,0,0,0,0,0,0,0,0,0,0,0,0,0,0
923,111,203,26,300,6,3,1826,924,0,0,0,0,0,0,0,0,0,0,0,0,0,0,0,0,0,0,0,0,0,0,0,0
923,59,350,233,389,92,11,390,1827,924,0,0,0,0,0,0,0,0,0,0,0,0,0,0,0,0,0,0,0,0,0,0,0
923,12,26,198,1828,924,0,0,0,0,0,0,0,0,0,0,0,0,0,0,0,0,0,0,0,0,0,0,0,0,0,0,0
923,1829,391,23,15,18,836,87,203,295,177,266,1,621,924,0,0,0,0,0,0,0,0,0,0,0,0,0,0,0,0,0,0
923,100,737,515,101,137,6,21,47,924,0,0,0,0,0,0,0,0,0,0,0,0,0,0,0,0,0,0,0,0,0,0,0
923,12,1830,2,82,4,136,37,1831,25,29,924,0,0,0,0,0,0,0,0,0,0,0,0,0,0,0,0,0,0,0,0,0
923,15,19,137,2,86,6,1,211,40,268,40,3,829,493,2,32,196,924,0,0,0,0,0,0,0,0,0,0,0,0,0,0
923,11,121,12,112,246,1832,1833,2,584,1,410,1834,31,93,1835,458,1836,924,0,0,0,0,0,0,0,0,0,0,0,0,0,0
923,23,523,56,370,116,848,42,144,296,924,0,0,0,0,0,0,0,0,0,0,0,0,0,0,0,0,0,0,0,0,0,0
923,10,18,882,900,8,924,0,0,0,0,0,0,0,0,0,0,0,0,0,0,0,0,0,0,0,0,0,0,0,0,0,0
923,103,878,15,706,8,56,924,0,0,0,0,0,0,0,0,0,0,0,0,0,0,0,0,0,0,0,0,0,0,0,0,0
923,8,68,265,11,3,165,5,341,17,924,0,0,0,0,0,0,0,0,0,0,0,0,0,0,0,0,0,0,0,0,0,0
923,100,303,1837,7,37,1,334,846,2,1,217,924,0,0,0,0,0,0,0,0,0,0,0,0,0,0,0,0,0,0,0,0
923,162,2,147,7,38,162,2,888,924,0,0,0,0,0,0,0,0,0,0,0,0,0,0,0,0,0,0,0,0,0,0,0
923,59,156,14,266,159,924,0,0,0,0,0,0,0,0,0,0,0,0,0,0,0,0,0,0,0,0,0,0,0,0,0,0
923,52,13,43,37,221,22,555,6,110,78,540,13,762,16,144,51,879,924,0,0,0,0,0,0,0,0,0,0,0,0,0,0
923,1838,11,901,876,1,63,774,924,0,0,0,0,0,0,0,0,0,0,0,0,0,0,0,0,0,0,0,0,0,0,0,0
923,1,84,58,767,3,1839,5,1840,69,5,22,712,4,65,15,16,51,1841,1842,4,1,53,7,1843,25,8,924,0,0,0,0,0
923,30,32,1844,900,41,396,924,0,0,0,0,0,0,0,0,0,0,0,0,0,0,0,0,0,0,0,0,0,0,0,0,0
923,3,533,186,2,72,1,53,30,39,176,16,3,378,924,0,0,0,0,0,0,0,0,0,0,0,0,0,0,0,0,0,0
923,129,16,3,165,5,452,924,0,0,0,0,0,0,0,0,0,0,0,0,0,0,0,0,0,0,0,0,0,0,0,0,0
923,1,1845,153,43,3,115,667,3,1846,2,336,924,0,0,0,0,0,0,0,0,0,0,0,0,0,0,0,0,0,0,0,0
923,23,54,7,154,685,6,479,1,419,193,520,44,8,924,0,0,0,0,0,0,0,0,0,0,0,0,0,0,0,0,0,0
923,23,727,1847,3,165,8,261,12,101,16,2,366,73,53,1848,11,382,924,0,0,0,0,0,0,0,0,0,0,0,0,0,0
923,8,7,205,276,1849,1850,495,924,0,0,0,0,0,0,0,0,0,0,0,0,0,0,0,0,0,0,0,0,0,0,0,0
923,299,221,22,555,6,110,78,41,13,43,2,251,235,924,0,0,0,0,0,0,0,0,0,0,0,0,0,0,0,0,0,0
923,646,43,355,1851,4,1852,1,290,40,8,285,1853,204,25,1854,4,1855,924,0,0,0,0,0,0,0,0,0,0,0,0,0,0
923,405,544,80,42,47,1856,80,4,4,243,39,19,24,119,6,78,268,924,0,0,0,0,0,0,0,0,0,0,0,0,0,0
923,35,66,547,4,402,177,2,1,135,924,0,0,0,0,0,0,0,0,0,0,0,0,0,0,0,0,0,0,0,0,0,0
923,120,18,41,1857,6,180,287,10,17,100,1858,44,8,924,0,0,0,0,0,0,0,0,0,0,0,0,0,0,0,0,0,0
923,2,157,3,549,185,477,779,364,1859,1860,360,5,709,194,40,1861,902,31,1862,212,924,0,0,0,0,0,0,0,0,0,0,0
923,2,903,3,1863,31,37,2,233,904,11,1864,7,3,1865,924,0,0,0,0,0,0,0,0,0,0,0,0,0,0,0,0,0
923,52,9,16,2,233,67,841,31,67,1866,36,8,1867,924,0,0,0,0,0,0,0,0,0,0,0,0,0,0,0,0,0,0
923,23,15,18,21,32,647,3,1868,764,866,6,163,1,795,924,0,0,0,0,0,0,0,0,0,0,0,0,0,0,0,0,0
923,231,1,1869,283,776,1870,14,37,496,2,127,219,31,1871,924,0,0,0,0,0,0,0,0,0,0,0,0,0,0,0,0,0
923,30,15,72,10,1,406,16,403,924,0,0,0,0,0,0,0,0,0,0,0,0,0,0,0,0,0,0,0,0,0,0,0
923,754,9,11,411,62,924,0,0,0,0,0,0,0,0,0,0,0,0,0,0,0,0,0,0,0,0,0,0,0,0,0,0
923,54,7,499,410,33,10,1872,1,267,10,25,59,17,1873,240,7,1874,924,0,0,0,0,0,0,0,0,0,0,0,0,0,0
923,150,100,554,9,14,3,48,1875,115,1876,924,0,0,0,0,0,0,0,0,0,0,0,0,0,0,0,0,0,0,0,0,0
923,39,109,150,177,831,51,897,148,924,0,0,0,0,0,0,0,0,0,0,0,0,0,0,0,0,0,0,0,0,0,0,0
923,15,56,2,905,1877,4,104,3,357,222,475,924,0,0,0,0,0,0,0,0,0,0,0,0,0,0,0,0,0,0,0,0
923,3,220,85,487,8,357,7,3,568,328,39,31,13,1878,8,31,1879,8,1880,924,0,0,0,0,0,0,0,0,0,0,0,0
923,297,7,3,661,5,3,84,70,68,1881,73,5,1,61,4,1882,3,188,193,906,11,22,128,924,0,0,0,0,0,0,0,0
923,8,348,74,1883,21,406,924,0,0,0,0,0,0,0,0,0,0,0,0,0,0,0,0,0,0,0,0,0,0,0,0,0
923,30,15,531,8,85,92,141,1884,4,1,293,15,398,699,1,812,15,18,210,2,640,924,0,0,0,0,0,0,0,0,0,0
923,90,42,112,104,3,561,5,568,1885,181,833,38,1886,924,0,0,0,0,0,0,0,0,0,0,0,0,0,0,0,0,0,0
923,539,70,550,213,1,1887,284,7,172,1888,924,0,0,0,0,0,0,0,0,0,0,0,0,0,0,0,0,0,0,0,0,0
923,12,64,14,566,4,1889,2,907,924,0,0,0,0,0,0,0,0,0,0,0,0,0,0,0,0,0,0,0,0,0,0,0
923,9,85,1890,191,10,28,85,431,246,46,178,924,0,0,0,0,0,0,0,0,0,0,0,0,0,0,0,0,0,0,0,0
923,11,121,1891,1892,94,110,1893,803,2,157,20,686,1894,234,413,924,0,0,0,0,0,0,0,0,0,0,0,0,0,0,0,0
923,8,358,143,120,19,24,636,76,45,90,924,0,0,0,0,0,0,0,0,0,0,0,0,0,0,0,0,0,0,0,0,0
923,1,272,7,6,397,924,0,0,0,0,0,0,0,0,0,0,0,0,0,0,0,0,0,0,0,0,0,0,0,0,0,0
923,23,1895,332,6,908,22,365,1896,3,394,6,1897,2,1898,22,302,4,157,8,6,3,392,1899,924,0,0,0,0,0,0,0,0
923,39,209,38,3,454,924,0,0,0,0,0,0,0,0,0,0,0,0,0,0,0,0,0,0,0,0,0,0,0,0,0,0
923,8,18,1,79,66,5,78,4,1,1900,26,48,1901,924,0,0,0,0,0,0,0,0,0,0,0,0,0,0,0,0,0,0
923,32,391,1902,22,201,4,15,1903,8,25,1904,924,0,0,0,0,0,0,0,0,0,0,0,0,0,0,0,0,0,0,0,0
923,23,13,694,1905,13,880,604,6,3,1906,301,924,0,0,0,0,0,0,0,0,0,0,0,0,0,0,0,0,0,0,0,0
923,8,7,64,3,53,2,447,1,1907,4,36,133,1908,194,40,411,1,567,924,0,0,0,0,0,0,0,0,0,0,0,0,0
923,23,13,18,3,115,299,889,18,3,567,1909,924,0,0,0,0,0,0,0,0,0,0,0,0,0,0,0,0,0,0,0,0
923,49,36,9,36,11,3,373,13,131,924,0,0,0,0,0,0,0,0,0,0,0,0,0,0,0,0,0,0,0,0,0,0
923,1910,789,924,0,0,0,0,0,0,0,0,0,0,0,0,0,0,0,0,0,0,0,0,0,0,0,0,0,0,0,0,0
923,23,28,1911,97,19,24,250,45,1,1912,10,68,91,1913,29,11,650,924,0,0,0,0,0,0,0,0,0,0,0,0,0,0
923,509,1914,305,14,1915,5,1916,1,509,843,5,1917,1918,1919,1920,1921,4,171,1922,924,0,0,0,0,0,0,0,0,0,0,0,0
923,909,4,910,26,1923,2,22,637,911,924,0,0,0,0,0,0,0,0,0,0,0,0,0,0,0,0,0,0,0,0,0,0
923,15,85,1924,32,1925,4,673,353,7,672,924,0,0,0,0,0,0,0,0,0,0,0,0,0,0,0,0,0,0,0,0,0
923,12,213,80,139,4,36,49,39,342,924,0,0,0,0,0,0,0,0,0,0,0,0,0,0,0,0,0,0,0,0,0,0
923,6,305,47,95,1,61,337,5,17,783,31,14,221,45,241,792,924,0,0,0,0,0,0,0,0,0,0,0,0,0,0,0
923,28,5,298,873,1,1926,869,2,3,1927,231,74,79,630,76,1928,180,76,6,181,63,1929,4,924,0,0,0,0,0,0,0,0
923,8,7,1930,10,126,38,705,142,55,279,6,63,195,924,0,0,0,0,0,0,0,0,0,0,0,0,0,0,0,0,0,0
923,262,21,1931,110,78,16,3,392,88,5,1932,3,503,924,0,0,0,0,0,0,0,0,0,0,0,0,0,0,0,0,0,0
923,105,282,1933,4,1934,1935,1936,51,677,5,1,862,863,561,1,569,5,1937,924,0,0,0,0,0,0,0,0,0,0,0,0,0
923,9,34,301,361,33,62,924,0,0,0,0,0,0,0,0,0,0,0,0,0,0,0,0,0,0,0,0,0,0,0,0,0
923,90,12,43,2,99,3,290,40,57,4,565,40,1,219,924,0,0,0,0,0,0,0,0,0,0,0,0,0,0,0,0,0
923,54,14,570,1938,145,924,0,0,0,0,0,0,0,0,0,0,0,0,0,0,0,0,0,0,0,0,0,0,0,0,0,0
923,15,125,2,24,3,1939,1940,924,0,0,0,0,0,0,0,0,0,0,0,0,0,0,0,0,0,0,0,0,0,0,0,0
923,25,908,102,307,4,15,559,21,420,924,0,0,0,0,0,0,0,0,0,0,0,0,0,0,0,0,0,0,0,0,0,0
923,304,7,35,5,1,63,797,1941,164,27,84,924,0,0,0,0,0,0,0,0,0,0,0,0,0,0,0,0,0,0,0,0
923,15,187,854,11,32,902,1942,2,67,1943,924,0,0,0,0,0,0,0,0,0,0,0,0,0,0,0,0,0,0,0,0,0
923,30,52,156,856,1,1944,12,346,45,20,126,12,248,127,408,4,1,1945,1946,277,924,0,0,0,0,0,0,0,0,0,0,0
923,849,1947,292,34,9,236,62,924,0,0,0,0,0,0,0,0,0,0,0,0,0,0,0,0,0,0,0,0,0,0,0,0
923,1948,4,648,26,340,912,924,0,0,0,0,0,0,0,0,0,0,0,0,0,0,0,0,0,0,0,0,0,0,0,0,0
923,39,1949,9,19,1950,71,1951,924,0,0,0,0,0,0,0,0,0,0,0,0,0,0,0,0,0,0,0,0,0,0,0,0
923,10,81,24,41,65,1,351,30,49,7,46,124,7,2,230,1,167,871,6,79,924,0,0,0,0,0,0,0,0,0,0,0
923,415,114,35,884,62,924,0,0,0,0,0,0,0,0,0,0,0,0,0,0,0,0,0,0,0,0,0,0,0,0,0,0
923,58,96,9,14,1952,67,1953,1954,1955,44,28,244,4,9,81,16,1956,252,924,0,0,0,0,0,0,0,0,0,0,0,0,0
923,909,4,910,644,1,814,347,1957,4,161,29,2,82,21,1,911,924,0,0,0,0,0,0,0,0,0,0,0,0,0,0,0
923,117,50,214,14,739,10,1958,14,6,397,5,1959,924,0,0,0,0,0,0,0,0,0,0,0,0,0,0,0,0,0,0,0
923,30,52,9,192,44,3,867,238,24,331,924,0,0,0,0,0,0,0,0,0,0,0,0,0,0,0,0,0,0,0,0,0
923,30,52,1,79,288,12,104,7,3,220,31,171,3,288,12,19,191,5,28,40,20,150,924,0,0,0,0,0,0,0,0,0
923,258,103,380,11,32,1960,766,506,405,236,62,924,0,0,0,0,0,0,0,0,0,0,0,0,0,0,0,0,0,0,0,0
923,12,453,2,169,54,924,0,0,0,0,0,0,0,0,0,0,0,0,0,0,0,0,0,0,0,0,0,0,0,0,0,0
923,79,5,47,1,481,530,18,37,913,8,18,825,1,1961,40,129,40,1,17,139,82,6,397,924,0,0,0,0,0,0,0,0
923,41,50,17,45,1,1962,430,14,1963,2,1,8,793,2,1964,45,20,1965,924,0,0,0,0,0,0,0,0,0,0,0,0,0
923,1966,4,199,1967,16,91,185,152,11,46,55,76,11,71,1968,1969,924,0,0,0,0,0,0,0,0,0,0,0,0,0,0,0
923,79,42,168,93,47,1,122,11,1,898,924,0,0,0,0,0,0,0,0,0,0,0,0,0,0,0,0,0,0,0,0,0
923,15,243,10,42,19,93,3,165,5,122,924,0,0,0,0,0,0,0,0,0,0,0,0,0,0,0,0,0,0,0,0,0
923,180,70,255,5,1,438,615,851,324,570,448,319,55,525,924,0,0,0,0,0,0,0,0,0,0,0,0,0,0,0,0,0
923,31,450,46,1970,70,1971,49,9,14,83,2,378,207,924,0,0,0,0,0,0,0,0,0,0,0,0,0,0,0,0,0,0
923,1,665,631,906,19,1972,40,3,373,1973,924,0,0,0,0,0,0,0,0,0,0,0,0,0,0,0,0,0,0,0,0,0
923,1,309,7,431,3,750,134,181,1974,2,1,569,5,1,272,130,720,530,87,924,0,0,0,0,0,0,0,0,0,0,0,0
923,500,297,8,7,924,0,0,0,0,0,0,0,0,0,0,0,0,0,0,0,0,0,0,0,0,0,0,0,0,0,0,0
923,6,343,216,914,14,1975,27,1976,35,5,20,684,2,3,208,33,3,1977,924,0,0,0,0,0,0,0,0,0,0,0,0,0
923,97,6,1978,14,269,277,20,1979,924,0,0,0,0,0,0,0,0,0,0,0,0,0,0,0,0,0,0,0,0,0,0,0
923,15,186,2,1980,328,15,16,690,2,379,44,924,0,0,0,0,0,0,0,0,0,0,0,0,0,0,0,0,0,0,0,0
923,71,252,34,338,2,1981,757,924,0,0,0,0,0,0,0,0,0,0,0,0,0,0,0,0,0,0,0,0,0,0,0,0
923,160,137,1,1982,1983,45,126,1984,4,1985,194,40,3,1986,115,31,3,222,383,924,0,0,0,0,0,0,0,0,0,0,0,0
923,15,38,915,4,1987,30,15,38,915,142,924,0,0,0,0,0,0,0,0,0,0,0,0,0,0,0,0,0,0,0,0,0
923,1,1988,657,57,120,924,0,0,0,0,0,0,0,0,0,0,0,0,0,0,0,0,0,0,0,0,0,0,0,0,0,0
923,9,19,16,3,1989,924,0,0,0,0,0,0,0,0,0,0,0,0,0,0,0,0,0,0,0,0,0,0,0,0,0,0
923,28,396,5,1990,1991,7,35,1992,5,895,95,1,276,924,0,0,0,0,0,0,0,0,0,0,0,0,0,0,0,0,0,0
923,1,115,1993,289,924,0,0,0,0,0,0,0,0,0,0,0,0,0,0,0,0,0,0,0,0,0,0,0,0,0,0,0
923,20,196,18,48,1994,45,20,78,924,0,0,0,0,0,0,0,0,0,0,0,0,0,0,0,0,0,0,0,0,0,0,0
923,1,916,5,756,4,1,917,741,29,14,172,2,24,1,86,5,51,840,1995,924,0,0,0,0,0,0,0,0,0,0,0,0
923,60,224,157,913,27,1996,291,152,2,99,924,0,0,0,0,0,0,0,0,0,0,0,0,0,0,0,0,0,0,0,0,0
923,52,9,125,57,905,3,1997,19,1998,67,302,2,1999,1,2000,569,924,0,0,0,0,0,0,0,0,0,0,0,0,0,0,0
923,58,13,131,7,8,313,924,0,0,0,0,0,0,0,0,0,0,0,0,0,0,0,0,0,0,0,0,0,0,0,0,0
923,834,37,2001,924,0,0,0,0,0,0,0,0,0,0,0,0,0,0,0,0,0,0,0,0,0,0,0,0,0,0,0,0
923,904,2,1,2002,2003,2004,132,10,2005,278,97,16,91,2006,6,63,2007,924,0,0,0,0,0,0,0,0,0,0,0,0,0,0
923,117,214,16,2008,10,105,2009,112,24,164,27,263,638,6,44,3,76,53,924,0,0,0,0,0,0,0,0,0,0,0,0,0
923,52,3,216,2010,22,31,80,2011,401,1,304,19,2012,1,216,924,0,0,0,0,0,0,0,0,0,0,0,0,0,0,0,0
923,15,2013,40,39,2014,8,139,1,165,4,184,487,32,542,23,39,407,8,891,924,0,0,0,0,0,0,0,0,0,0,0,0
923,292,103,2015,32,174,924,0,0,0,0,0,0,0,0,0,0,0,0,0,0,0,0,0,0,0,0,0,0,0,0,0,0
923,3,2016,2017,168,2018,2019,21,47,406,924,0,0,0,0,0,0,0,0,0,0,0,0,0,0,0,0,0,0,0,0,0,0
923,2020,13,18,1,835,2021,2022,18,2023,77,5,22,466,802,924,0,0,0,0,0,0,0,0,0,0,0,0,0,0,0,0,0
923,30,337,5,76,148,1,2024,2025,3,88,5,2026,178,27,149,2027,924,0,0,0,0,0,0,0,0,0,0,0,0,0,0,0
923,2028,7,3,899,918,832,924,0,0,0,0,0,0,0,0,0,0,0,0,0,0,0,0,0,0,0,0,0,0,0,0,0
923,9,16,2,2029,11,29,924,0,0,0,0,0,0,0,0,0,0,0,0,0,0,0,0,0,0,0,0,0,0,0,0,0
923,52,9,209,1,88,13,342,9,85,106,75,38,82,924,0,0,0,0,0,0,0,0,0,0,0,0,0,0,0,0,0,0
923,117,50,214,182,10,1,917,14,464,2030,2031,4,1,916,14,75,2032,568,2033,6,181,1,494,924,0,0,0,0,0,0,0,0
923,2034,74,89,817,204,23,7,67,107,634,924,0,0,0,0,0,0,0,0,0,0,0,0,0,0,0,0,0,0,0,0,0
923,38,914,42,2035,901,33,116,323,416,924,0,0,0,0,0,0,0,0,0,0,0,0,0,0,0,0,0,0,0,0,0,0
923,9,34,16,62,2036,3,404,824,217,924,0,0,0,0,0,0,0,0,0,0,0,0,0,0,0,0,0,0,0,0,0,0
923,27,149,28,173,42,34,169,33,17,70,147,3,239,173,4,113,29,73,142,924,0,0,0,0,0,0,0,0,0,0,0,0
923,32,290,7,292,924,0,0,0,0,0,0,0,0,0,0,0,0,0,0,0,0,0,0,0,0,0,0,0,0,0,0,0
923,3,52,15,26,9,534,56,128,4,138,3,2037,924,0,0,0,0,0,0,0,0,0,0,0,0,0,0,0,0,0,0,0
923,1,218,2038,5,1,2039,26,2040,17,924,0,0,0,0,0,0,0,0,0,0,0,0,0,0,0,0,0,0,0,0,0,0
923,35,559,2041,294,187,924,0,0,0,0,0,0,0,0,0,0,0,0,0,0,0,0,0,0,0,0,0,0,0,0,0,0
923,153,12,171,93,892,38,12,14,658,2,2042,31,2043,31,2044,924,0,0,0,0,0,0,0,0,0,0,0,0,0,0,0,0
923,465,1,2045,2046,2047,64,227,3,2048,5,1,309,134,924,0,0,0,0,0,0,0,0,0,0,0,0,0,0,0,0,0,0
923,58,13,177,912,4,393,2049,29,924,0,0,0,0,0,0,0,0,0,0,0,0,0,0,0,0,0,0,0,0,0,0,0
923,13,531,10,660,100,179,139,54,924,0,0,0,0,0,0,0,0,0,0,0,0,0,0,0,0,0,0,0,0,0,0,0
923,9,16,2,2050,2,99,69,49,7,410,4,907,8,924,0,0,0,0,0,0,0,0,0,0,0,0,0,0,0,0,0,0
923,52,470,918,919,5,97,70,192,5,2051,20,2052,587,101,903,1,2053,924,0,0,0,0,0,0,0,0,0,0,0,0,0,0
923,13,2054,151,234,924,0,0,0,0,0,0,0,0,0,0,0,0,0,0,0,0,0,0,0,0,0,0,0,0,0,0,0
923,42,38,896,535,4,390,1,2055,924,0,0,0,0,0,0,0,0,0,0,0,0,0,0,0,0,0,0,0,0,0,0,0
923,21,10,53,15,18,380,11,51,151,528,205,107,356,27,2056,924,0,0,0,0,0,0,0,0,0,0,0,0,0,0,0,0
923,13,186,2,24,3,2057,924,0,0,0,0,0,0,0,0,0,0,0,0,0,0,0,0,0,0,0,0,0,0,0,0,0
923,3,511,7,340,33,1,279,924,0,0,0,0,0,0,0,0,0,0,0,0,0,0,0,0,0,0,0,0,0,0,0,0
923,58,13,838,2058,6,1,870,4,8,414,1,2059,538,1,796,924,0,0,0,0,0,0,0,0,0,0,0,0,0,0,0,0
923,471,7,172,2,24,3,53,11,2060,2061,4,813,2062,2,232,924,0,0,0,0,0,0,0,0,0,0,0,0,0,0,0,0
923,2063,9,26,83,2,16,51,2064,6,920,2065,924,0,0,0,0,0,0,0,0,0,0,0,0,0,0,0,0,0,0,0,0
923,398,2066,40,146,40,9,34,924,0,0,0,0,0,0,0,0,0,0,0,0,0,0,0,0,0,0,0,0,0,0,0,0
923,105,282,21,2067,333,230,576,6,20,716,924,0,0,0,0,0,0,0,0,0,0,0,0,0,0,0,0,0,0,0,0,0
923,919,5,97,64,86,189,5,47,1,253,557,924,0,0,0,0,0,0,0,0,0,0,0,0,0,0,0,0,0,0,0,0
923,11,90,1,166,9,314,2068,14,2069,2070,385,924,0,0,0,0,0,0,0,0,0,0,0,0,0,0,0,0,0,0,0,0
923,153,39,271,128,2,16,353,4,153,39,68,353,6,595,33,80,317,924,0,0,0,0,0,0,0,0,0,0,0,0,0,0
923,3,351,18,2071,2,22,2072,44,2073,20,53,924,0,0,0,0,0,0,0,0,0,0,0,0,0,0,0,0,0,0,0,0
923,212,94,201,2074,924,0,0,0,0,0,0,0,0,0,0,0,0,0,0,0,0,0,0,0,0,0,0,0,0,0,0,0
923,153,9,168,804,29,69,924,0,0,0,0,0,0,0,0,0,0,0,0,0,0,0,0,0,0,0,0,0,0,0,0,0
923,552,723,292,28,7,552,49,14,9,468,90,924,0,0,0,0,0,0,0,0,0,0,0,0,0,0,0,0,0,0,0,0
923,23,22,363,890,3,78,102,564,2075,2,497,82,143,2,349,4,379,924,0,0,0,0,0,0,0,0,0,0,0,0,0,0
923,59,17,38,2,301,235,212,38,2,56,2,668,563,194,40,2076,4,473,924,0,0,0,0,0,0,0,0,0,0,0,0,0
923,2077,28,63,733,2078,2079,2,236,29,924,0,0,0,0,0,0,0,0,0,0,0,0,0,0,0,0,0,0,0,0,0,0
923,63,5,1,480,11,362,508,6,479,924,0,0,0,0,0,0,0,0,0,0,0,0,0,0,0,0,0,0,0,0,0,0
923,553,7,565,924,0,0,0,0,0,0,0,0,0,0,0,0,0,0,0,0,0,0,0,0,0,0,0,0,0,0,0,0
923,11,28,86,12,921,92,44,409,40,73,40,203,4,5,298,12,921,499,11,20,2080,86,924,0,0,0,0,0,0,0,0,0
923,8,7,37,566,11,17,2,113,20,132,30,32,387,4,15,34,113,29,924,0,0,0,0,0,0,0,0,0,0,0,0,0
923,8,7,172,2081,2,127,33,1,281,326,149,1,2082,4,79,111,622,924,0,0,0,0,0,0,0,0,0,0,0,0,0,0
923,6,59,920,2083,839,54,26,133,2084,4,35,922,232,1,922,232,18,205,1,280,232,924,0,0,0,0,0,0,0,0,0,0
923,105,322,2085,8,34,2086,1,162,2087,924,0,0,0,0,0,0,0,0,0,0,0,0,0,0,0,0,0,0,0,0,0,0
923,185,152,22,2088,2089,395,924,0,0,0,0,0,0,0,0,0,0,0,0,0,0,0,0,0,0,0,0,0,0,0,0,0
923,1,78,844,2090,570,430,4,18,2091,21,1,2092,303,164,27,35,541,6,577,924,0,0,0,0,0,0,0,0,0,0,0,0
923,15,226,51,2093,28,211,924,0,0,0,0,0,0,0,0,0,0,0,0,0,0,0,0,0,0,0,0,0,0,0,0,0
923,13,65,2,29,924,0,0,0,0,0,0,0,0,0,0,0,0,0,0,0,0,0,0,0,0,0,0,0,0,0,0,0
