index,pred
0,3313.2806449647087
1,886.7169571772573
2,3889.072200099718
3,896.2880011644095
4,1361.4342268125945
5,2942.6554300660314
6,1127.1085787584973
7,3976.4508262178615
8,3322.4429993017607
9,117.71794468508517
10,3926.1297481535444
11,2917.5491970317803
12,2980.1240229413775
13,1939.6569484821134
14,1106.7683819833599
15,290.0101816469629
16,3818.6987683779425
17,545.7964659106871
18,1074.752114299371
19,4185.1850040148265
20,2228.582765500229
21,1052.6394835660856
22,2493.770875530904
23,720.9501913941704
24,4590.70275290059
25,3063.4720567577647
26,1006.7513105021447
27,4744.545328917047
28,1981.6383389396035
29,3840.0997608726257
30,3937.516500642498
31,534.6215712099118
32,3825.112987470146
33,2314.664601993168
34,4079.7842199355673
35,1081.6169373920636
36,3947.0500149447325
37,1705.2705451306767
38,635.8634849560085
39,1522.8550716706213
40,4682.013295855442
41,3303.936870912388
42,1350.8490166966544
43,554.5342477914287
44,4388.843623108816
45,4614.439547687328
46,3547.7427396106114
47,4569.672930998348
48,802.4639817251793
49,2071.0402712094256
50,3881.873772083476
51,3200.919241075777
52,2091.257789621667
53,2682.673586897272
54,2062.166428541377
55,719.3233433272885
56,1059.625714475165
57,1398.8465208723346
58,2890.802242194337
59,3787.1847488198696
60,1035.4256716200805
61,1354.4125685712197
62,3727.6516538264655
63,2798.9252575044943
64,4413.070438386436
65,1119.7691844631058
66,4157.378656357145
67,536.6461053863206
68,3605.790178434451
69,3007.9212094416343
70,2296.862128153794
71,451.2965994133966
72,734.7934439712342
73,3170.4678880686565
74,4167.977515852473
75,117.71794468508517
76,725.4425236131287
77,2483.5533218691126
78,5112.248915823931
79,1760.5753130914652
80,4236.563783226987
81,1823.5991762783406
82,3819.7705383307357
83,1456.7416082967184
84,3687.069119045607
85,3755.457044044925
86,1489.85776962646
87,1456.6119909368836
88,4104.219638850555
89,2658.815868652974
90,4347.719479098145
91,3447.4188529791973
92,3247.3529079499767
93,3843.501047729226
94,533.2687434841055
95,4304.756521956119
96,2229.928056439971
97,3065.348592676761
98,3803.0320624986775
99,1790.7625530607952
100,4749.446019269088
101,2782.9621345799287
102,120.9143949412181
103,732.4682325942225
104,4883.181668365537
105,997.080831082245
106,1735.428004756062
107,2911.612311233559
108,2217.7770103798102
109,2308.05164526632
110,787.3042563028166
111,549.3102454718518
112,2022.5550920074425
113,1075.7434001788622
114,1141.2472597736835
115,927.5934452570941
116,3633.9479947658706
117,3906.344603405752
118,5227.539193082099
119,3146.9369708490667
120,1042.7533765010928
121,5031.992947256154
122,5034.757290195996
123,3948.792453161
124,710.3974165368377
125,3896.0989106041966
126,1039.8635362334483
127,2272.4262336627326
128,3778.073165394433
129,4763.22802375856
130,4766.4326971986375
131,3893.3340284001424
132,534.6215712099118
133,2913.2367065323783
134,5768.173569371694
135,1407.2118545711503
136,868.9657702774659
137,1159.205019100684
138,887.6116904225986
139,2853.4901671514344
140,2205.628122127364
141,458.78866376945297
142,1504.3760172248158
143,533.2687434841055
144,853.2337203260645
145,548.0224423523906
146,3987.8607793840533
147,3264.174196930487
148,844.3045073875652
149,532.0880505657653
150,2761.9886000025235
151,817.552631475593
152,5061.9203355596155
153,635.6425766193591
154,1983.7422037968918
155,3622.027899190581
156,2005.261290578768
157,335.8054776418548
158,2010.3518234847988
159,732.4615292888896
160,335.8054776418548
161,3252.1262272150007
162,4164.905354967683
163,2182.681119504146
164,1520.5682098844097
165,3114.786381268758
166,4812.263830176769
167,4757.480260178129
168,3928.5831933831664
169,3111.342747844365
170,4084.9450577405423
171,187.4533024210461
172,3651.4640030694018
173,3215.948272880427
174,5123.480312514933
175,2783.29996894085
176,5120.414616382316
177,3786.862790882635
178,1545.8330409571363
179,3236.383879901317
180,3189.832629927897
181,458.6596228207355
182,2037.018130838417
183,1775.4414513150966
184,187.4533024210461
185,1494.5500261731704
186,1061.2202163025547
187,907.6884626530403
188,1489.040277978201
189,3266.7081745039345
190,2978.5313181111565
191,3252.172104424311
192,4051.6271739181325
193,2630.5030930228786
194,4762.3086746755935
195,1369.9883450802536
196,1977.6429086421306
197,3772.721263088153
198,729.858044773687
199,3747.650989370194
200,1816.8145167198174
201,2353.9790426289437
202,1965.6564669090126
203,1919.512308448555
204,4056.5568752773565
205,4995.181184757046
206,1474.025180244355
207,3748.314328285908
208,2069.5947753067016
209,4641.748757849768
210,5172.2124843787615
211,5577.212296033971
212,2117.4443042652333
213,3872.9984390371847
214,5135.568933112169
215,1406.2725385192105
216,1334.9801028970337
217,2212.583863069667
218,290.0101816469629
219,2185.4795630226076
220,1854.7444057533007
221,1749.7606291087784
222,4067.2645741266474
223,844.2330546114413
224,786.3830727928732
225,1265.1929088740158
226,1091.0695072676756
227,2595.5258939169016
228,4939.83738177774
229,290.0101816469629
230,989.2522005140692
231,3778.5064490106947
232,2086.271255634826
233,1089.4632110783011
234,3423.511061994114
235,335.8054776418548
236,905.3501296706237
237,3148.6127764907633
238,1780.8332988067318
239,4565.137414499257
240,3825.1491451896313
241,4559.197465765544
242,3571.4995771142235
243,544.5086627912258
244,2713.852942828692
245,717.232175851999
246,4148.004304179435
247,117.71794468508517
248,2840.699861801288
249,120.9143949412181
250,2692.2196731479753
251,3021.287960768771
252,4518.490836732911
253,1102.8916547800661
254,117.71794468508517
255,1037.8821925431598
256,4353.984545472934
257,805.5015785247505
258,2149.4864688189205
259,5209.008162506358
260,4671.233727096388
261,5057.344733784103
262,5318.160697006594
263,3889.699120576285
264,4803.250189168719
265,2269.8906258978627
266,5212.263524378586
267,1177.5374049985098
268,1999.6687325608366
269,2200.092814915107
270,2906.6098428234095
271,728.6221588829566
272,2900.6276499244973
273,4353.833357700092
274,4049.0023467864316
275,2905.387501595054
276,3449.28159191727
277,856.5097099426426
278,3666.26589176748
279,2267.3378845682255
280,3381.2300810597267
281,3815.458130719384
282,1502.2123234023466
283,3749.9750327218867
284,3608.3895603791725
285,3332.2886698826014
286,4573.658108083399
287,1273.5484822514702
288,3026.6137181584613
289,1743.3747892948613
290,3905.366420429456
291,3966.5822907075258
292,2170.028556284269
293,3154.07617945219
294,3813.6215229410964
295,3154.657865075118
296,3882.954141861853
297,2811.3231658482855
298,5551.08162365291
299,4985.737630883967
300,918.6020912154956
301,2669.942360899667
302,4555.4143032319835
303,4092.0103753892076
304,2044.6463548068878
305,335.8054776418548
306,4081.7506829196777
307,2522.8643039342824
308,850.0079293210231
309,5111.0117108137765
310,2505.1734516819897
311,725.0358449591054
312,1042.8833817228142
313,187.4533024210461
314,3815.8499097630283
315,4408.35836625719
316,2020.671548558106
317,3340.895519348705
318,807.8470670459412
319,3924.027101278536
320,3617.8448310394597
321,4083.153550457196
322,4701.558637290652
323,3294.875678857774
324,4115.83280448013
325,2629.9007705798326
326,1489.972346350755
327,4809.074718202146
328,3463.5978519694145
329,2499.212404890946
330,1088.5214683909926
331,1104.4763367357925
332,2177.889849128133
333,3824.3092525922957
334,4859.79906585263
335,4990.675891598642
336,3108.97390074564
337,3730.7397028673495
338,1819.438781501185
339,4005.4080789159257
340,4176.039800534422
341,2084.765539687671
342,3423.2780993010583
343,120.9143949412181
344,1192.5005343754106
345,4809.359459440844
346,2373.5737688248396
347,1047.8904705127998
348,3263.1713327064876
349,1332.6214225141812
350,1313.1693219488866
351,1890.0022534050793
352,867.0820583710769
353,2561.3192985123724
354,1802.0793554879608
355,187.4533024210461
356,5103.339040020857
357,3110.666291798999
358,1499.388336336995
359,5073.7897498659095
360,3623.083293000426
361,4033.4349516144134
362,3375.1684350674277
363,3431.241910987845
364,117.71794468508517
365,2343.346389851487
366,4001.153850394006
367,3932.0514574172935
368,854.6676737927046
369,3790.2943303899015
370,2201.648980131759
371,1347.8665356856584
372,3542.4045408547076
373,1035.3345012036086
374,4300.358915276024
375,3163.361651355632
376,3907.497872136174
377,2944.5817692233795
378,1178.704555290817
379,1213.5433559210467
380,1489.7065522773707
381,1108.9967002578178
382,1499.2837763428806
383,1836.4758855044606
384,3884.829763501587
385,873.8764706814632
386,3872.491922156782
387,4070.7312162889516
388,1190.2718668280693
389,4114.34217308239
390,3694.0927713555693
391,5303.24712723464
392,4023.7879247992983
393,3795.848477734515
394,3678.974238237133
395,2662.3105095710844
396,811.9411243571957
397,458.78866376945297
398,3213.8909911769533
399,3770.2857926119223
400,1535.7606611799856
401,3132.4416109190774
402,731.1572798192915
403,556.9313507766257
404,2281.743481085487
405,723.2822943813989
406,3209.0847588923707
407,2398.21461316541
408,2500.7275850022465
409,1817.3247734047584
410,535.7308710756477
411,877.5442622660189
412,4674.898163539244
413,5653.05886339022
414,2889.6384093653032
415,3664.2612296887905
416,5211.0369043851315
417,2964.6678404106683
418,4912.844048673599
419,3661.2556093428993
420,831.390432560057
421,895.1983437511677
422,1510.3177939364798
423,548.1514833011081
424,4997.207226384973
425,1473.5548109781105
426,1872.2310332934312
427,4767.7298034725345
428,809.123013935729
429,4078.391026843061
430,2160.1443864075172
431,2454.5983682795672
432,1051.7860067024149
433,2145.7793021477123
434,120.9143949412181
435,3108.5801970852185
436,3274.882952895668
437,4375.943676363607
438,4653.770101219987
439,2712.6745303947832
440,4418.358386407788
441,5061.801803496645
442,3741.505007926188
443,1293.5898791097752
444,5739.341587562275
445,801.5605708785912
446,3773.112706459894
447,117.71794468508517
448,4893.090735788695
449,3417.9348091911106
450,3008.2222390137554
451,1034.8664371296322
452,3282.8215751356843
453,1399.2791782184845
454,3893.2319262768524
455,3113.2657198389516
456,2390.0460281535056
457,335.8054776418548
458,3823.875012996452
459,3758.3549984395145
460,3853.3873682645644
461,2389.5749439652514
462,4726.070723227628
463,1466.6964396524468
464,3924.5003527369036
465,290.0101816469629
466,1766.565102837213
467,4439.704160214162
468,3800.2265375984316
469,117.71794468508517
470,335.8054776418548
471,4066.9409282377032
472,3543.243828058488
473,3913.3333618914994
474,4734.501054274756
475,3994.388471611912
476,3157.571878588704
477,1397.496929685684
478,5032.745129578511
479,290.0101816469629
480,1042.2402066904851
481,1828.6281163846347
482,2033.1758341157322
483,1522.9752926731596
484,4411.954874339956
485,2210.129869132989
486,1812.3355192105905
487,3989.902054661905
488,4482.054519350696
489,2592.4895853428316
490,5800.565047207569
491,1492.7615405133827
492,1483.6724617263974
493,2976.727012054258
494,2806.3298481283086
495,3810.417528966564
496,4763.696075856323
497,3193.6938658042636
498,4719.1677838904
499,1074.3212306321643
500,451.1675584646792
501,800.2383291931452
502,2289.1984355110426
503,3815.705694765355
504,2691.5158130578466
505,1489.1592900446692
506,2469.233826490514
507,4818.781336589704
508,4980.090813232032
509,647.8603826073908
510,913.9591345503378
511,2776.4681159918136
512,4135.536508989963
513,3678.36491903388
514,4752.694462887796
515,904.339220765314
516,536.7111299926659
517,3120.834318517707
518,4019.06612737587
519,3022.412125015864
520,1779.152453394229
521,1818.947491609428
522,1538.108640343396
523,1354.1326111045028
524,1043.7038385452213
525,3215.592313680723
526,4884.564300875151
527,2007.976449256024
528,2190.0703449093958
529,4662.644649411123
530,4034.0195203718827
531,2646.0744616558227
532,1510.3177939364798
533,2315.866034801771
534,290.0101816469629
535,4949.122294910734
536,1084.6586699803047
537,2351.647082031443
538,3732.074429405888
539,714.442933327222
540,4462.173803033048
541,533.4408782915718
542,3241.920445289891
543,732.1777397931864
544,5136.312687713652
545,3135.6992154022532
546,3295.575957590409
547,3910.4640522479453
548,2151.6488848701447
549,829.5932918765998
550,4830.945057670148
551,534.6215712099118
552,2072.1957977596962
553,5016.616191149921
554,1754.618260901078
555,3857.892099466805
556,2553.056277269554
557,3874.634635567621
558,1083.2859749557256
559,3195.8149106617366
560,3035.2445866869257
561,1085.0927999251244
562,2080.1172768661204
563,1764.8072527982513
564,2987.2395021139523
565,849.4703221940592
566,4711.617849409016
567,3227.075878605636
568,545.6179626569616
569,1955.6269775766448
570,2372.607173309327
571,5073.613733346971
572,2263.066976163992
573,2573.537976543723
574,1060.2553018467356
575,3693.4419066813525
576,4932.040391603311
577,451.2965994133966
578,715.8253062668338
579,4069.081643367014
580,1189.6187732986575
581,1547.943712936078
582,3423.8338242475675
583,451.2965994133966
584,290.0101816469629
585,4139.778396567854
586,1020.2351862808925
587,1158.7994834620827
588,2153.8582243809706
589,3832.9092525187
590,3880.1826997593184
591,866.3551941002961
592,3257.0942955152395
593,3972.552311719863
594,5555.8522608111825
595,2705.4420858831722
596,2059.0380434080294
597,4044.000831064993
598,1464.2705385115128
599,3370.825311430946
600,2435.0542562549
601,3768.8026297641895
602,3958.2694417767743
603,3771.002677290499
604,1376.5470785227778
605,1121.0442682286498
606,3880.4944996011595
607,2681.9814207861596
608,4465.451655871526
609,2081.8267901234935
610,2400.40988128397
611,1477.3847181835467
612,649.1768156539924
613,3882.2961671143257
614,2105.850721200614
615,2082.69022331241
616,3196.794321427226
617,5025.269942839117
618,4051.0546538269327
619,2262.5254509789124
620,1756.4459245950281
621,2193.3660968205068
622,716.6952672673532
623,4195.6829092091175
624,450.18729954766087
625,3564.0185860510824
626,1189.532956683245
627,4044.8612770185932
628,3898.5214938133263
629,1136.0697096856647
630,4481.043235473627
631,187.4533024210461
632,1459.0038524732345
633,997.8448225279654
634,187.4533024210461
635,1759.3206638896836
636,5017.42434335068
637,4957.528316791106
638,5679.173161565247
639,1516.651496947091
640,5001.999360736119
641,1011.3325613012919
642,2727.4229136071417
643,1773.5112444188564
644,120.9143949412181
645,3742.680629493539
646,4946.7451328905845
647,1096.246601531838
648,3933.078756169921
649,1825.7113950159758
650,4702.722974968821
651,3120.423502979216
652,545.8614905170324
653,3906.05917144604
654,335.8054776418548
655,707.4284617961533
656,117.71794468508517
657,2379.52534191444
658,3080.7527677627427
659,548.1514833011081
660,3407.6069093646483
661,647.7015818370141
662,4866.9984116734695
663,4977.351692043033
664,2226.914107297966
665,3628.116705553118
666,117.71794468508517
667,1078.252311369543
668,2475.5174872519465
669,3192.1442256010105
670,3556.474964142195
671,1570.9532222685964
672,451.2965994133966
673,335.8054776418548
674,3218.117633234354
675,3904.0566671764063
676,887.8110198648078
677,2406.8934423230526
678,4849.346880687886
679,1790.048630014694
680,3859.881692990707
681,2383.7810460148653
682,2998.1058104769695
683,2748.198899489097
684,547.0421834353723
685,3285.610591739081
686,3932.8594719116168
687,3119.1669039574813
688,5264.069543746361
689,4988.436815303699
690,717.2380656859298
691,3859.926287239793
692,2774.281943401553
693,4066.8351067636277
694,4942.100890444915
695,3847.7921002779067
696,637.173028176729
697,1075.3454254697144
698,556.6238065741827
699,4132.508783813941
700,918.0067346805289
701,3861.246449645825
702,4068.924969888105
703,4083.683692296935
704,4676.662684793037
705,547.0421834353723
706,714.0524318602559
707,3303.0959677614314
708,5126.764575399159
709,1799.9852088734208
710,1950.997751859325
711,3636.79315182111
712,5384.925228053637
713,451.2965994133966
714,1104.3287696890316
715,3495.782911350374
716,4046.239484623415
717,451.2965994133966
718,1092.880035980933
719,3012.7342194156604
720,4854.046074714042
721,3953.908920431572
722,4070.228441822527
723,117.71794468508517
724,642.8067232629339
725,450.18729954766087
726,776.6578928845272
727,2209.701955660861
728,1360.8247514858003
729,1356.6862525245742
730,4723.182987043146
731,2093.672427176467
732,290.0101816469629
733,1496.937325019535
734,804.1882390811502
735,543.1579108253586
736,5030.8696872403125
737,2854.9973223686034
738,3664.814139867299
739,117.71794468508517
740,1120.3078182340025
741,888.7796181288152
742,2937.0776425811614
743,120.9143949412181
744,458.9671670231783
745,5229.833554657422
746,3830.9225228827645
747,1740.8096404019452
748,1316.8081428933226
749,2591.106839071136
750,1728.0707983841432
751,2707.4339165160945
752,1544.855337679412
753,1026.5329052235581
754,1123.7965099176286
755,187.4533024210461
756,1804.759271343276
757,290.0101816469629
758,906.1484652364903
759,187.4533024210461
760,860.4530819751153
761,2856.4599920480982
762,4244.026952033433
763,1127.479714932208
764,4533.98864461188
765,2107.1335428513835
766,187.4533024210461
767,902.5439790786305
768,335.8054776418548
769,2096.4144983795295
770,3292.6836839885214
771,3106.417892568398
772,1490.1081588458337
773,871.0962782862917
774,451.2965994133966
775,3951.0269481879013
776,2430.9481189313497
777,3018.414162250391
778,4984.228941541363
779,3432.790780571834
780,3892.837980868201
781,335.8054776418548
782,120.9143949412181
783,5121.168183017217
784,4351.748438807482
785,3953.147219826935
786,2366.199988357997
787,3040.032224364597
788,3029.3445046370152
789,1221.9733932081494
790,3394.3088572734
791,453.56466144987616
792,2942.628881974464
793,4702.730335972402
794,2083.051367977692
795,2122.522256879094
796,4130.294761955391
797,1581.2685858877614
798,1800.0367016937143
799,2424.3672227411603
800,335.8054776418548
801,1513.3964045536977
802,3146.8116357908525
803,117.71794468508517
804,4765.766510657036
805,335.8054776418548
806,649.2687189894001
807,1573.3440997547916
808,1788.516951085675
809,2881.85133469006
810,640.606272573977
811,3357.0059459433187
812,1283.374787965935
813,117.71794468508517
814,4732.694203580212
815,1809.4978592290176
816,2733.1577497717167
817,3919.203844096763
818,3787.463951332183
819,715.0551535409996
820,120.9143949412181
821,2353.168750217105
822,5373.348525507435
823,457.67936390371716
824,1091.7644447939506
825,3100.9327117505372
826,3753.4208715576633
827,4807.267344696044
828,4137.502032843715
829,1739.662381289979
830,4013.2092770161435
831,1561.6977788022318
832,3205.9175694554656
833,187.4533024210461
834,2929.6965982972574
835,3859.881692990707
836,3833.055136247322
837,2406.773628032475
838,2172.302281427809
839,2432.3993426936568
840,3081.211182180242
841,2946.5777745589994
842,4517.525837772325
843,1519.0585797358406
844,1428.265381259586
845,1940.9092882874402
846,2705.9886235993117
847,3206.720649735493
848,715.1863286855036
849,1201.8826608763202
850,905.0993032327502
851,5105.345326686995
852,4365.521282194796
853,3898.973895872438
854,3542.6137575624684
855,2809.8096368075217
856,1914.9437573887617
857,2748.209292265191
858,1130.325742733824
859,635.6425766193591
860,3885.3176800821902
861,1393.2324794065237
862,858.7657307999939
863,3825.9518797981896
864,2970.8297608273692
865,2921.4992939154777
866,4894.934480478491
867,4146.099728849464
868,2187.102482235508
869,4157.4340964491075
870,335.8054776418548
871,3349.9966316515392
872,1788.7379672375953
873,5077.701924684504
874,3930.3977360638596
875,3165.4428378507055
876,3153.143471873912
877,1815.2200491005078
878,4384.583502548552
879,187.4533024210461
880,3926.4475968532806
881,3917.714702733227
882,2822.11412173405
883,1049.5552036427139
884,4776.045206146144
885,1410.818460726333
886,335.8054776418548
887,2847.114687593751
888,543.0225014303821
889,1130.5886738687154
890,2598.637391698147
891,1085.4460293157517
892,335.8054776418548
893,3312.6467778121387
894,1808.7724523195889
895,830.568702090735
896,1763.3057594928111
897,4815.05675401556
898,544.5086627912258
899,4846.417378836248
900,4339.284324691441
901,2775.3552888793693
902,120.9143949412181
903,979.319189694338
904,4994.061338044252
905,4031.1949599354407
906,3871.7052980802896
907,187.4533024210461
908,2439.790238993487
909,4889.610998100472
910,1092.9202526785757
911,554.4628547388244
912,3906.1453586214757
913,4114.17900398859
914,1785.283164252579
915,3897.695760923431
916,1190.3488077537033
917,4328.636218882185
918,4134.094380460325
919,4039.09415501299
920,2410.9317277432456
921,2796.673366038261
922,2419.4792254129443
923,1072.2788866732776
924,458.9671670231783
925,2300.046099832062
926,335.8054776418548
927,1819.318154367135
928,1346.2968909099602
929,2295.5127536046516
930,4050.8656971568416
931,2240.752763669164
932,2333.085493571548
933,3420.101860415257
934,3961.0890409584435
935,2977.8884552469513
936,2643.4976023225695
937,3170.84046671366
938,3253.2096287122545
939,2013.633957163388
940,1345.4728456378934
941,4073.2093210488138
942,533.2687434841055
943,2370.038390752893
944,1765.1219203649584
945,2139.8283645656215
946,3901.1132875211624
947,2196.892061847938
948,709.8885673031687
949,3560.5213848049543
950,3935.82107209307
951,1024.4484171056358
952,3392.4219139683423
953,2974.8883033407956
954,892.0350135798486
955,2106.3381849790712
956,4018.395501254346
957,2734.8957604535267
958,1196.2448819495437
959,1175.792736471839
960,4830.83060423345
961,534.5501781573076
962,1703.0784714048336
963,3900.8900991770024
964,2596.548013925481
965,4867.873146799494
966,2721.9861609275413
967,1008.4867412747886
968,547.9574177460454
969,1319.4791103442133
970,2062.470945463162
971,2427.28934374267
972,1121.3259706451422
973,2492.939477838861
974,1838.3894418786194
975,861.8780682244266
976,640.0150563993539
977,4134.4010076023005
978,536.8896332463914
979,1078.8329684076082
980,724.0817740972911
981,1947.066988998591
982,3758.1975101691896
983,3896.4370607436517
984,1117.694922051947
985,2195.8976016312376
986,1836.1855597671258
987,1061.5114866091187
988,2922.3491429999553
989,3799.95695494069
990,4018.4964694894034
991,3816.7871218616788
992,120.9143949412181
993,3936.2157781005294
994,1835.410279921637
995,335.8054776418548
996,2057.4061529084897
997,2060.004413866988
998,3214.137535999772
999,5068.067806400312
1000,3708.6946991260374
1001,2149.379251019078
1002,3979.448354264788
1003,4081.55116348835
1004,3048.160447053863
1005,4658.1944303072
1006,3365.0791052770746
1007,1021.0311879087807
1008,4135.086810532988
1009,802.2342922927045
1010,810.3183723575623
1011,2586.615766106008
1012,4887.657497978638
1013,852.4909522790381
1014,2886.2723994992703
1015,805.4953791171969
1016,1835.9565525236505
1017,3927.8612487281976
1018,898.3726564781489
1019,3266.916719485639
1020,2390.9620880249345
1021,2834.383303548217
1022,3826.0411819633614
1023,1422.775178819892
1024,1807.149345265759
1025,4125.82489839182
1026,2880.605859109124
1027,3125.020306146026
1028,4099.936051600684
1029,335.8054776418548
1030,187.4533024210461
1031,3823.2818957775294
1032,2784.72434568506
1033,2027.8544725591235
1034,4959.796767496562
1035,2978.1967589602714
1036,534.6215712099118
1037,4996.548637792458
1038,4017.2004675488274
1039,1669.617178478603
1040,4128.373959710665
1041,5217.928806738815
1042,2693.193041090563
1043,290.0101816469629
1044,2145.937069730545
1045,1424.6166931658008
1046,120.9143949412181
1047,4449.17306750913
1048,3615.004548979599
1049,2948.2492327756195
1050,335.8054776418548
1051,4877.21959791382
1052,1026.0063303896911
1053,3360.269490156476
1054,644.2436052315982
1055,4670.080483656724
1056,1316.811760753386
1057,1828.4978200224257
1058,117.71794468508517
1059,290.0101816469629
1060,4809.806133337315
1061,4583.244255476765
1062,1451.7999560219273
1063,5047.730469069372
1064,1450.8865712250501
1065,1593.5856802356097
1066,1794.3890896372372
1067,3848.345574637305
1068,4228.297270268146
1069,1076.8237726387663
1070,3745.858562462523
1071,2356.1128767503287
1072,4769.31533115454
1073,1176.972317341042
1074,4424.65758244043
1075,3291.4081350862107
1076,645.1989709275324
1077,4019.1119065902235
1078,1449.1149704767802
1079,2024.6175351852753
1080,2817.153691955227
1081,2298.135405000181
1082,4795.752486512107
1083,117.71794468508517
1084,3775.876674091418
1085,2150.3522795747763
1086,3508.1170418798424
1087,3824.585690855967
1088,2032.419497532259
1089,3891.614803325635
1090,819.1924951240617
1091,4562.472477559242
1092,1177.1937185610802
1093,3176.391945153814
1094,1392.57734280135
1095,3940.9838358563848
1096,2089.3360133649467
1097,3797.245142318768
1098,2744.418390079722
1099,1424.3776273451222
1100,4256.761113822833
1101,335.8054776418548
1102,5052.673353539159
1103,2359.265729820747
1104,821.5875469733136
1105,4287.145044208079
1106,335.8054776418548
1107,2052.6567396290884
1108,3251.8590403375915
1109,1546.6118016579553
1110,1459.6375706211256
1111,3032.8044871286693
1112,3202.8150894661276
1113,1011.5035043467262
1114,725.1456053265402
1115,3080.1481286305993
1116,3404.5326594314606
1117,914.4513991708452
1118,2298.8428569116686
1119,2245.5630873856753
1120,187.4533024210461
1121,120.9143949412181
1122,2034.9266620933083
1123,4042.2663230843214
1124,2051.392101620336
1125,3641.170139988699
1126,717.6617460968964
1127,3754.6402703275207
1128,846.5156264409737
1129,2072.5970971883585
1130,3333.3500283455137
1131,3837.5218964232267
1132,2369.1722723049984
1133,3134.856277686647
1134,2806.3277100858895
1135,2323.7388271591517
1136,3234.255892683708
1137,2621.3413493865137
1138,5529.0851266336595
1139,2123.89835458094
1140,117.71794468508517
1141,880.0858703054945
1142,3060.7415591515896
1143,3148.12990486093
1144,4578.78404012294
1145,4721.719346362628
1146,2284.3073989975887
1147,3471.3280442163923
1148,4638.053844775808
1149,1106.728152492469
1150,3856.981777844965
1151,632.6702932130124
1152,1522.5275118973345
1153,4666.719695571853
1154,120.9143949412181
1155,3814.7773678630156
1156,3647.0770046318517
1157,1518.087244287415
1158,3829.1321902794693
1159,4151.785899548876
1160,1159.1829442065477
1161,3902.719611802033
1162,1446.6153750622675
1163,3211.5328260453616
1164,4980.426312479091
1165,453.56466144987616
1166,3716.217135026356
1167,3658.992446932758
1168,3611.7004024477606
1169,5192.839423098748
1170,3942.8216787748324
1171,3995.439175373921
1172,3942.7199678354586
1173,2854.5507231081388
1174,1485.0239230989266
1175,870.088205358488
1176,3121.065363795659
1177,2293.254777051255
1178,3709.6816754554243
1179,3315.6728034408893
1180,1801.2900826871855
1181,2678.824976005122
1182,883.3506941834606
1183,3908.418942502484
1184,3287.9007262546115
1185,2405.03065783894
1186,1489.85776962646
1187,4231.807830702619
1188,2655.5141758502405
1189,3901.1100224996953
1190,5394.1519609736315
1191,773.4166835427081
1192,4634.068561719199
1193,3507.11030509335
1194,4281.959925321594
1195,3934.891073112617
1196,3911.854510474441
1197,1967.3992912452188
1198,2421.838259862502
1199,842.5355883913458
1200,632.8359838092704
1201,1848.7152865334874
1202,2108.968026358254
1203,2730.2403162641426
1204,1581.4751877688034
1205,2433.7928546022645
1206,1175.3041880168344
1207,117.71794468508517
1208,4125.05459571629
1209,3498.3174847205973
1210,1135.9789340904547
1211,4103.166509656391
1212,4167.659359263841
1213,2296.0488018535643
1214,3118.901691795323
1215,120.9143949412181
1216,3133.422591025581
1217,858.7657307999939
1218,3045.639519055964
1219,117.71794468508517
1220,2197.607357969569
1221,3371.708232365372
1222,3021.254538484709
1223,1122.0881640563225
1224,1441.0843653585512
1225,4709.892939780008
1226,2632.6494632220815
1227,1095.9818838221995
1228,4456.694721399396
1229,4299.408011931515
1230,458.9671670231783
1231,3828.201287479036
1232,1112.0005013238967
1233,1437.8551754762098
1234,5141.618005795271
1235,2432.753153024623
1236,452.58440253285784
1237,4409.169071339686
1238,2925.2035828623484
1239,1292.5050815099362
1240,5185.204107228695
1241,2728.276911964684
1242,4061.585340790555
1243,1317.3822190786761
1244,2545.6324040889067
1245,1783.7269329956075
1246,4622.091248015028
1247,117.71794468508517
1248,4957.828600470943
1249,3720.8391812231084
1250,3557.9478557624225
1251,853.8214835891013
1252,3823.5729995922447
1253,2949.9869115990937
1254,1122.4506042071955
1255,543.2010046841075
1256,5027.707807030125
1257,1764.867566157783
1258,1090.6852314343557
1259,4022.867347050514
1260,3678.0727311396026
1261,4994.093751147941
1262,3482.2085020151876
1263,4886.417359438881
1264,4047.28050584714
1265,640.2897254918107
1266,2374.2156835511973
1267,2293.594750182588
1268,4954.705724250843
1269,1204.2574726667292
1270,1094.0597890509273
1271,5270.81016720338
1272,3215.79971087656
1273,2287.0662417091326
1274,1043.5949506155248
1275,3712.7869908973803
1276,3815.4126304515953
1277,290.0101816469629
1278,4845.452493881243
1279,4184.0550536287365
1280,4995.983056373513
1281,2414.415499286449
1282,1099.9027482535155
1283,2334.5549317198943
1284,2049.6612936950264
1285,2658.612614107604
1286,1488.5617207113226
1287,1067.9070356471366
1288,4257.387946070931
1289,4992.815958210784
1290,2663.9543411924265
1291,3878.824774489834
1292,1810.1703163399786
1293,3939.620644614271
1294,1045.029561166758
1295,3796.7871756046834
1296,187.4533024210461
1297,120.9143949412181
1298,3657.8497450908394
1299,1040.3931934847435
1300,2880.7381805492414
1301,1478.701770042517
1302,120.9143949412181
1303,2529.948028208618
1304,4265.65247018577
1305,3716.921030465293
1306,1001.8138199802507
1307,1851.8853036636501
1308,1171.4300936548484
1309,1082.8275734075125
1310,3349.890434618878
1311,1710.0015439048889
1312,2983.767597160067
1313,726.9865530759078
1314,3800.958515005139
1315,1550.8852233572359
1316,2044.4975802501076
1317,4400.8329899565015
1318,1575.003154121504
1319,2674.1247570623846
1320,1424.6734554390996
1321,5214.378785103078
1322,1523.9700670197
1323,533.4408782915718
1324,4301.058774197345
1325,2199.5093110451107
1326,3321.4640545889306
1327,1526.3943148513736
1328,120.9143949412181
1329,2767.424416975181
1330,720.6002371771117
1331,2168.8227380639623
1332,1542.4888218305216
1333,1359.3471618038102
1334,1713.7784692116338
1335,1120.133403997728
1336,4014.2069775546297
1337,1180.4304818354422
1338,3909.361721647932
1339,3984.7510417654034
1340,5708.729889862999
1341,4416.159806577207
1342,794.4779537528132
1343,1090.6852314343557
1344,3836.8663555646945
1345,1537.1623912059056
1346,3779.369226146324
1347,1145.2328211352244
1348,3221.7968372732853
1349,1847.9623418765168
1350,547.0421834353723
1351,2267.158926195476
1352,4183.433322132645
1353,4489.1362438303495
1354,4016.9311296301744
1355,3384.8289404147513
1356,3851.2817574359547
1357,1554.2680909321155
1358,2855.4440700886457
1359,4084.884633669471
1360,921.7414211432148
1361,795.9244974877226
1362,5574.670499976709
1363,3905.8280766775833
1364,2012.7361462236906
1365,3176.725680358733
1366,3860.5687021070535
1367,1297.4954310495552
1368,4196.635177750249
1369,3003.5036768382033
1370,803.785791270428
1371,546.7986555753017
1372,2174.091512885565
1373,3978.1758102194594
1374,4279.407133569267
1375,2963.1183982463017
1376,2206.8380278442955
1377,2789.6487386811136
1378,3902.907158996068
1379,2166.6482524028415
1380,2407.617717111913
1381,3777.44172109632
1382,2482.8025239046633
1383,1089.0360101209494
1384,3846.595394217658
1385,1200.966001780781
1386,4506.199618837132
1387,2696.124787964025
1388,2302.536206186557
1389,2661.0631178875315
1390,2949.2249174840563
1391,718.7840127149561
1392,4137.414632480482
1393,3240.085027393519
1394,2342.8921108474965
1395,1213.3984202287536
1396,2519.744364998833
1397,4793.18443059257
1398,1098.2464567705101
1399,2725.9058355563
1400,2471.5907836135525
1401,3975.579218615222
1402,3351.0943342178007
1403,4428.637318496092
1404,535.909374329373
1405,3270.5269798345544
1406,3322.8248663466716
1407,117.71794468508517
1408,3115.522324162278
1409,2262.238029461867
1410,3412.947958806509
1411,2958.397676195792
1412,1137.2649236816803
1413,117.71794468508517
1414,1787.6100137567125
1415,3675.2676859632334
1416,637.2755567481271
1417,2968.1713421009817
1418,3331.5270635449974
1419,4098.591387146351
1420,3666.223155259764
1421,451.2965994133966
1422,3389.9142326109745
1423,535.8379812767688
1424,1450.2340963462964
1425,639.9492134229719
1426,4879.431421181854
1427,3654.279790382196
1428,3915.3174324938423
1429,3199.9235734765593
1430,1116.0304183473347
1431,1769.5213936858768
1432,839.2869583995991
1433,5082.56806669783
1434,1535.236588840881
1435,2431.6832248933224
1436,4276.000669390532
1437,535.6018301269302
1438,3958.589023715731
1439,1047.9457043906418
1440,3235.3541335069935
1441,1132.2619866796956
1442,1984.4963552816291
1443,1754.33709005906
1444,3974.0720537527004
1445,3651.984482400167
1446,2241.6397584319866
1447,4374.531104352068
1448,3932.097660377224
1449,1766.8321617979457
1450,1497.440159681864
1451,335.8054776418548
1452,1812.987403208397
1453,3972.7143276534252
1454,2493.833766575228
1455,4045.4121543348433
1456,3010.5725069228674
1457,3439.983536100862
1458,2810.530577811763
1459,4973.305772150217
1460,5069.610168009855
1461,3975.8352151067184
1462,637.9981386889414
1463,1196.2833373253527
1464,4738.491571825815
1465,2430.604331351954
1466,863.1530695465048
1467,2441.5571134546476
1468,2874.140163295426
1469,3909.280625718331
1470,1811.0874592276505
1471,3839.7120304804366
1472,290.0101816469629
1473,1169.5560114018917
1474,3027.0183877371783
1475,4220.278618390214
1476,2125.6036858540347
1477,1122.9764088070522
1478,3979.5869077425014
1479,4538.300626638726
1480,3798.220937407809
1481,5053.2846676399695
1482,545.6893557095659
1483,2726.128474699469
1484,4981.82314893822
1485,3408.2365552212445
1486,3061.881895236918
1487,4338.840698082359
1488,864.7384750583797
1489,117.71794468508517
1490,4149.050713048054
1491,3914.1172164204695
1492,3124.248238675304
1493,534.6215712099118
1494,2630.8750528974037
1495,1102.7792213735138
1496,1402.838393325089
1497,3159.762339065186
1498,3735.406492352453
1499,4557.0174469016965
1500,4730.441980094365
1501,335.8054776418548
1502,998.4880949021106
1503,1798.2763802650877
1504,1937.4091731255603
1505,2955.835396897779
1506,2371.152440374013
1507,2128.959293349783
1508,3214.3151009345056
1509,3903.3689925989083
1510,2032.0930340052687
1511,2111.5837963433173
1512,3167.5051760782317
1513,711.5263864602305
1514,2594.1055592039393
1515,3406.056099068691
1516,2819.4832428133955
1517,4782.72026864325
1518,644.5182743240551
1519,1808.391909593214
1520,1044.1598289697577
1521,3641.0266809643945
1522,723.3383787390096
1523,2190.1206632653366
1524,907.6884626530403
1525,4654.467138348268
1526,2306.396876066329
1527,3924.804378147595
1528,1043.8878116556318
1529,4256.473305342561
1530,4092.0160933515667
1531,1134.6932915132038
1532,2928.9796969376753
1533,3661.255878327348
1534,5004.041529789318
1535,2456.9984713185377
1536,1062.6209583224693
1537,2929.309801729879
1538,4073.986998199066
1539,1718.143706729413
1540,3208.6806995129277
1541,3992.708797994632
1542,2201.7883775919863
1543,3721.562279103488
1544,4675.808496208291
1545,120.9143949412181
1546,3266.5869420856156
1547,1130.1546177630312
1548,2775.22498011892
1549,2206.7222834036734
1550,3693.5524816756806
1551,2253.4732909776667
1552,1302.4468130017221
1553,1515.5199969450232
1554,3153.7821064062755
1555,1377.118777573388
1556,865.626348304105
1557,2538.6225613290135
1558,829.8220070960444
1559,1074.378789564843
1560,731.9006751775731
1561,2156.174767584808
1562,4068.3767991669233
1563,4903.406015370197
1564,187.4533024210461
1565,809.7905053494657
1566,4161.202191781678
1567,2083.204018230899
1568,1180.2805119496222
1569,637.2084635892651
1570,2617.7636172520447
1571,2722.8809569361274
1572,3313.8072193996272
1573,851.5868150849533
1574,2303.871931446019
1575,1848.7320318875575
1576,4402.044151776285
1577,1431.689738649056
1578,290.0101816469629
1579,3929.8568329041714
1580,2148.9258066874327
1581,1312.2646487379395
1582,3788.087261882058
1583,1109.1375773534592
1584,3032.800606726981
1585,2854.8736411539485
1586,2527.855216122245
1587,3813.0688470050704
1588,2312.670436275761
1589,2273.630799891642
1590,1032.8395703938345
1591,4011.498657407624
1592,850.1442738955141
1593,2352.996776914577
1594,1173.3502324884578
1595,2075.5092940049785
1596,2730.0280783324015
1597,2935.8066328750992
1598,1453.7413737351314
1599,3816.9719907843023
1600,905.13573280428
1601,2377.671796222797
1602,4093.473811786495
1603,3900.4724498107785
1604,555.82205091089
1605,187.4533024210461
1606,2920.177078893724
1607,4851.249292073847
1608,1045.029561166758
1609,1195.4028645762355
1610,1076.4505926676911
1611,4833.112898690554
1612,722.3602688896781
1613,3396.2186555726994
1614,534.6215712099118
1615,2663.4431035575726
1616,3035.733137205309
1617,4875.1988272532035
1618,1464.2705385115128
1619,1434.333642530378
1620,1488.8691970645116
1621,2553.832297292291
1622,4084.374089147139
1623,187.4533024210461
1624,831.8320093809118
1625,2306.814109516306
1626,555.514506708447
1627,2097.458669078772
1628,3181.243444807203
1629,994.2021970741064
1630,2872.937675026389
1631,3113.8912014399325
1632,3078.012624871547
1633,3296.9082716200674
1634,3654.8230518512114
1635,876.6763769446723
1636,632.6702932130124
1637,1202.6792611855128
1638,863.7435548617801
1639,3905.544673098824
1640,3683.3839783512167
1641,2291.0993009139193
1642,2032.1719460036215
1643,3001.3681704505893
1644,4207.901865357133
1645,3561.57424645586
1646,187.4533024210461
1647,4934.32155591594
1648,2615.455686631499
1649,1079.896642619865
1650,3287.566779271218
1651,1154.6195544011903
1652,3679.5614710322316
1653,2362.5761351776664
1654,2883.376756665949
1655,1822.9312187319551
1656,1107.1378457736976
1657,117.71794468508517
1658,4020.5694576254064
1659,1004.4656729220056
1660,2215.155148780496
1661,1998.234209855886
1662,4191.934411206194
1663,3411.538799127506
1664,3049.623690368363
1665,4116.459390038753
1666,451.2965994133966
1667,3157.264570669123
1668,997.080831082245
1669,3863.1849409936244
1670,2109.3129238983397
1671,4759.175047256388
1672,3603.1125216927453
1673,714.5158229286674
1674,3320.014947241976
1675,1504.3946612855652
1676,2202.17106848012
1677,3313.8347395256696
1678,4990.140096830487
1679,4837.238956013899
1680,1041.0476477064483
1681,5040.362930042643
1682,1098.0000540334422
1683,3270.283984617858
1684,3783.595511757746
1685,728.084392606568
1686,3588.6397388021915
1687,187.4533024210461
1688,187.4533024210461
1689,1175.2394864684532
1690,1730.9818644844363
1691,4986.94977898765
1692,2890.3776867095967
1693,335.8054776418548
1694,2279.8614071662473
1695,4669.828499220912
1696,2429.092818990183
1697,2533.2919255862016
1698,5506.056331096447
1699,1477.7918618698109
1700,1327.409687101158
1701,4205.626676018455
1702,2550.124189448283
1703,2668.857165783043
1704,1085.9949859436397
1705,290.0101816469629
1706,4473.090345380628
1707,5076.823773583334
1708,335.8054776418548
1709,2050.6416311578328
1710,3990.3953987238115
1711,3312.0245683450694
1712,3991.9019442288145
1713,1126.6111203896737
1714,915.5251712585545
1715,725.1546032011648
1716,3899.8612472062227
1717,4476.351253920751
1718,1791.5451988917418
1719,2501.9156941298197
1720,4136.042424541828
1721,290.0101816469629
1722,1822.197625287742
1723,117.71794468508517
1724,2188.4501227656183
1725,3882.1604624804663
1726,3005.168040697987
1727,3813.280992637343
1728,4528.459499042267
1729,3916.463046180915
1730,634.3032733417804
1731,3356.255863824924
1732,459.7689226864713
1733,3133.7043912514305
1734,117.71794468508517
1735,3591.12075335981
1736,3247.690037002301
1737,889.4897107819613
1738,1466.261070719181
1739,4639.418889862033
1740,2751.545000105735
1741,4852.880442696741
1742,3102.6717432778028
1743,2424.3290634590335
1744,3627.3460502589946
1745,290.0101816469629
1746,3938.076682593445
1747,3984.7711000912077
1748,2077.166596305051
1749,2190.696086194581
1750,1996.3583073778493
1751,4390.253383131471
1752,451.2965994133966
1753,3859.8321968636724
1754,1476.2593448464531
1755,3785.064731473876
1756,3675.072083792614
1757,3897.344512204078
1758,1082.0764555588512
1759,290.0101816469629
1760,3968.1619621588848
1761,3654.405825414252
1762,1084.920802962639
1763,3803.708415304308
