0,1,2,3,4,5,6,7,8,9,10,11,12,13,14,15,16,17,18,19,20,21,22,23,24,25,26,27,28,29,30,31,32,33,34,35,36,37,38
2297,35,5,1049,3,1050,2,448,32,15,2,1051,44,50,449,47,3,629,18,450,1,2298,0,0,0,0,0,0,0,0,0,0,0,0,0,0,0,0,0
2297,1052,8,175,4,5,451,335,21,153,12,1053,28,211,336,11,1,2298,0,0,0,0,0,0,0,0,0,0,0,0,0,0,0,0,0,0,0,0,0
2297,337,5,94,4,6,1054,630,338,19,1055,176,13,1056,7,4,9,339,12,1057,2,72,10,95,631,3,14,16,1,2298,0,0,0,0,0,0,0,0,0
2297,1058,632,77,2,1059,340,136,39,341,15,22,2,1,2298,0,0,0,0,0,0,0,0,0,0,0,0,0,0,0,0,0,0,0,0,0,0,0,0
2297,633,43,634,12,73,55,177,4,112,137,1,2298,0,0,0,0,0,0,0,0,0,0,0,0,0,0,0,0,0,0,0,0,0,0,0,0,0,0
2297,342,212,43,26,12,635,19,636,1060,343,1,2298,0,0,0,0,0,0,0,0,0,0,0,0,0,0,0,0,0,0,0,0,0,0,0,0,0,0
2297,1061,452,637,3,38,14,6,7,25,453,10,69,1,2298,0,0,0,0,0,0,0,0,0,0,0,0,0,0,0,0,0,0,0,0,0,0,0,0
2297,120,7,4,5,454,3,260,52,2,1,2298,0,0,0,0,0,0,0,0,0,0,0,0,0,0,0,0,0,0,0,0,0,0,0,0,0,0,0
2297,455,1,456,47,9,344,13,1062,70,7,4,5,457,138,3,261,638,21,639,176,1,2298,0,0,0,0,0,0,0,0,0,0,0,0,0,0,0,0
2297,104,12,262,1063,345,3,74,14,8,263,6,11,13,6,14,8,105,264,10,346,78,69,458,1,2298,0,0,0,0,0,0,0,0,0,0,0,0,0
2297,7,260,8,13,459,12,7,25,1064,178,19,347,3,1065,460,2,1066,10,69,1,2298,0,0,0,0,0,0,0,0,0,0,0,0,0,0,0,0,0
2297,24,5,640,106,10,1067,1,2298,0,0,0,0,0,0,0,0,0,0,0,0,0,0,0,0,0,0,0,0,0,0,0,0,0,0,0,0,0,0
2297,7,40,641,48,13,7,9,113,41,1068,6,348,1,2298,0,0,0,0,0,0,0,0,0,0,0,0,0,0,0,0,0,0,0,0,0,0,0,0
2297,154,8,1069,642,1070,43,1071,6,1072,1073,3,349,28,265,2,14,66,1,2298,0,0,0,0,0,0,0,0,0,0,0,0,0,0,0,0,0,0,0
2297,23,266,12,461,15,33,350,12,85,17,4,9,1074,3,71,1,2298,0,0,0,0,0,0,0,0,0,0,0,0,0,0,0,0,0,0,0,0,0
2297,139,5,29,14,4,3,32,25,69,1,2298,0,0,0,0,0,0,0,0,0,0,0,0,0,0,0,0,0,0,0,0,0,0,0,0,0,0,0
2297,643,43,1075,1076,47,644,267,1077,16,1,2298,0,0,0,0,0,0,0,0,0,0,0,0,0,0,0,0,0,0,0,0,0,0,0,0,0,0,0
2297,6,14,5,1078,3,645,2,646,16,1,2298,0,0,0,0,0,0,0,0,0,0,0,0,0,0,0,0,0,0,0,0,0,0,0,0,0,0,0
2297,1079,9,1080,43,1081,9,1082,1083,43,1084,1085,12,1086,213,1087,8,178,2,1,2298,0,0,0,0,0,0,0,0,0,0,0,0,0,0,0,0,0,0
2297,140,1088,5,1089,1090,5,265,86,2,1,2298,0,0,0,0,0,0,0,0,0,0,0,0,0,0,0,0,0,0,0,0,0,0,0,0,0,0,0
2297,35,9,647,12,335,13,1091,13,1092,28,1093,6,1094,340,53,2298,0,0,0,0,0,0,0,0,0,0,0,0,0,0,0,0,0,0,0,0,0,0
2297,7,462,1095,5,29,351,12,1096,1097,21,13,351,4,9,96,5,648,1098,1099,1,2298,0,0,0,0,0,0,0,0,0,0,0,0,0,0,0,0,0
2297,7,114,268,41,463,4,6,1100,649,9,121,352,1101,122,20,11,1102,6,1103,464,48,1,2298,0,0,0,0,0,0,0,0,0,0,0,0,0,0,0
2297,269,6,14,6,138,30,1104,465,27,79,179,10,155,20,11,214,2298,0,0,0,0,0,0,0,0,0,0,0,0,0,0,0,0,0,0,0,0,0
2297,353,9,466,3,467,17,4,5,7,4,9,1105,3,1106,2,270,44,50,1107,15,11,271,34,42,1,2298,0,0,0,0,0,0,0,0,0,0,0,0
2297,141,115,650,651,15,1108,3,468,11,123,652,3,1109,1,2298,0,0,0,0,0,0,0,0,0,0,0,0,0,0,0,0,0,0,0,0,0,0,0
2297,156,106,2,180,15,11,2,1,2298,0,0,0,0,0,0,0,0,0,0,0,0,0,0,0,0,0,0,0,0,0,0,0,0,0,0,0,0,0
2297,653,124,5,354,181,469,50,1110,8,1111,56,11,1,2298,0,0,0,0,0,0,0,0,0,0,0,0,0,0,0,0,0,0,0,0,0,0,0,0
2297,354,8,155,37,11,29,17,4,5,1112,8,653,124,3,466,2,1,2298,0,0,0,0,0,0,0,0,0,0,0,0,0,0,0,0,0,0,0,0
2297,1113,272,8,11,2,654,80,23,655,12,351,355,19,1114,1115,1116,8,22,6,137,27,273,10,1117,2,23,61,1118,3,656,78,1,2298,0,0,0,0,0
2297,1119,1120,212,356,2298,0,0,0,0,0,0,0,0,0,0,0,0,0,0,0,0,0,0,0,0,0,0,0,0,0,0,0,0,0,0,0,0,0
2297,24,5,182,125,357,16,1,2298,0,0,0,0,0,0,0,0,0,0,0,0,0,0,0,0,0,0,0,0,0,0,0,0,0,0,0,0,0,0
2297,657,2,658,659,31,470,8,105,264,10,183,69,73,660,1,2298,0,0,0,0,0,0,0,0,0,0,0,0,0,0,0,0,0,0,0,0,0,0
2297,35,5,29,157,6,107,661,215,14,3,87,37,11,53,2298,0,0,0,0,0,0,0,0,0,0,0,0,0,0,0,0,0,0,0,0,0,0,0
2297,1121,8,122,141,358,5,471,359,4,6,360,28,662,10,2,11,14,112,184,56,11,1,2298,0,0,0,0,0,0,0,0,0,0,0,0,0,0,0
2297,7,4,5,1122,1123,26,663,3,1124,2,126,11,1125,1126,8,1127,2,126,11,1,2298,0,0,0,0,0,0,0,0,0,0,0,0,0,0,0,0,0
2297,158,88,72,9,177,4,19,664,3,665,185,4,3,186,20,11,1,2298,0,0,0,0,0,0,0,0,0,0,0,0,0,0,0,0,0,0,0,0
2297,159,216,142,472,1128,15,473,1,2298,0,0,0,0,0,0,0,0,0,0,0,0,0,0,0,0,0,0,0,0,0,0,0,0,0,0,0,0,0
2297,72,9,1129,666,667,89,29,274,474,8,187,1130,18,668,48,1,2298,0,0,0,0,0,0,0,0,0,0,0,0,0,0,0,0,0,0,0,0,0
2297,1131,272,80,273,15,51,11,14,3,475,2,57,143,669,15,1132,1133,3,45,476,477,2,1,2298,0,0,0,0,0,0,0,0,0,0,0,0,0,0
2297,7,12,153,8,17,4,6,144,33,14,3,87,37,670,1,58,6,14,5,7,15,671,38,275,361,215,62,276,63,2,1,2298,0,0,0,0,0,0
2297,1134,478,217,12,17,4,6,362,10,36,81,87,127,18,672,218,1135,10,673,2,116,479,3,69,1,2298,0,0,0,0,0,0,0,0,0,0,0,0
2297,23,674,128,1136,1137,363,54,675,15,18,20,11,53,2298,0,0,0,0,0,0,0,0,0,0,0,0,0,0,0,0,0,0,0,0,0,0,0,0
2297,676,3,38,27,13,145,6,137,53,2298,0,0,0,0,0,0,0,0,0,0,0,0,0,0,0,0,0,0,0,0,0,0,0,0,0,0,0,0
2297,2,480,5,1138,481,128,482,66,364,677,3,63,2,1,2298,0,0,0,0,0,0,0,0,0,0,0,0,0,0,0,0,0,0,0,0,0,0,0
2297,6,97,5,483,276,484,1,2298,0,0,0,0,0,0,0,0,0,0,0,0,0,0,0,0,0,0,0,0,0,0,0,0,0,0,0,0,0,0
2297,1139,1140,4,5,1141,1142,1143,21,1,2298,0,0,0,0,0,0,0,0,0,0,0,0,0,0,0,0,0,0,0,0,0,0,0,0,0,0,0,0
2297,1144,219,4,5,1145,8,45,678,679,365,3,81,14,16,1,2298,0,0,0,0,0,0,0,0,0,0,0,0,0,0,0,0,0,0,0,0,0,0
2297,188,155,75,25,220,15,11,14,5,485,1146,98,1,2298,0,0,0,0,0,0,0,0,0,0,0,0,0,0,0,0,0,0,0,0,0,0,0,0
2297,7,680,5,123,1147,3,1148,13,1149,52,18,20,12,33,1,2298,0,0,0,0,0,0,0,0,0,0,0,0,0,0,0,0,0,0,0,0,0,0
2297,146,70,486,15,681,19,682,1,2298,0,0,0,0,0,0,0,0,0,0,0,0,0,0,0,0,0,0,0,0,0,0,0,0,0,0,0,0,0
2297,140,1150,15,1151,3,683,11,1,2298,0,0,0,0,0,0,0,0,0,0,0,0,0,0,0,0,0,0,0,0,0,0,0,0,0,0,0,0,0
2297,483,6,29,684,6,45,160,2298,0,0,0,0,0,0,0,0,0,0,0,0,0,0,0,0,0,0,0,0,0,0,0,0,0,0,0,0,0,0
2297,487,685,488,366,8,367,189,9,489,6,11,1,2298,0,0,0,0,0,0,0,0,0,0,0,0,0,0,0,0,0,0,0,0,0,0,0,0,0
2297,448,686,4,5,1152,3,1153,2,22,2,17,25,366,161,687,10,688,2,1,2298,0,0,0,0,0,0,0,0,0,0,0,0,0,0,0,0,0,0
2297,6,14,5,1154,1155,15,1156,18,27,1157,18,23,1158,9,1159,23,39,490,51,1,2298,0,0,0,0,0,0,0,0,0,0,0,0,0,0,0,0,0
2297,190,5,23,1160,23,491,16,1,2298,0,0,0,0,0,0,0,0,0,0,0,0,0,0,0,0,0,0,0,0,0,0,0,0,0,0,0,0,0
2297,7,12,1161,492,1162,8,59,1,2298,0,0,0,0,0,0,0,0,0,0,0,0,0,0,0,0,0,0,0,0,0,0,0,0,0,0,0,0,0
2297,67,12,368,689,161,277,19,1163,1164,42,1,2298,0,0,0,0,0,0,0,0,0,0,0,0,0,0,0,0,0,0,0,0,0,0,0,0,0,0
2297,690,278,142,8,691,2,13,369,1,2298,0,0,0,0,0,0,0,0,0,0,0,0,0,0,0,0,0,0,0,0,0,0,0,0,0,0,0,0
2297,1165,8,95,13,1166,1167,17,6,459,10,178,1168,82,8,1169,2,1,2298,0,0,0,0,0,0,0,0,0,0,0,0,0,0,0,0,0,0,0,0
2297,493,90,1170,370,371,51,13,372,494,15,493,8,162,62,47,14,16,1,2298,0,0,0,0,0,0,0,0,0,0,0,0,0,0,0,0,0,0,0
2297,26,12,146,25,1171,1172,10,71,271,2,1,2298,0,0,0,0,0,0,0,0,0,0,0,0,0,0,0,0,0,0,0,0,0,0,0,0,0,0
2297,6,191,692,9,464,279,1173,13,221,5,24,4,28,60,25,22,2,20,11,1,2298,0,0,0,0,0,0,0,0,0,0,0,0,0,0,0,0,0
2297,7,222,12,22,3,2,20,33,1,2298,0,0,0,0,0,0,0,0,0,0,0,0,0,0,0,0,0,0,0,0,0,0,0,0,0,0,0,0
2297,692,10,74,14,5,373,374,223,98,13,24,3,22,2,17,3,108,2,14,3,74,14,16,1,2298,0,0,0,0,0,0,0,0,0,0,0,0,0
2297,693,88,8,96,9,375,4,5,192,1174,91,19,129,1,2298,0,0,0,0,0,0,0,0,0,0,0,0,0,0,0,0,0,0,0,0,0,0,0
2297,7,12,193,1175,190,694,695,8,1176,696,194,495,117,76,1177,3,69,1178,696,194,495,697,1179,10,69,376,37,1180,2,1,2298,0,0,0,0,0,0,0
2297,7,75,12,280,112,109,468,14,3,74,1,2298,0,0,0,0,0,0,0,0,0,0,0,0,0,0,0,0,0,0,0,0,0,0,0,0,0,0
2297,6,14,5,147,4,6,1181,48,2,224,9,225,50,7,4,9,1182,3,157,2,116,7,4,9,1183,496,3,281,2,147,4,6,144,33,14,3,2298,0
2297,1184,26,1185,13,64,1186,3,57,1187,497,5,33,53,2298,0,0,0,0,0,0,0,0,0,0,0,0,0,0,0,0,0,0,0,0,0,0,0,0
2297,32,12,113,19,369,15,51,27,161,282,226,46,39,77,2,1,2298,0,0,0,0,0,0,0,0,0,0,0,0,0,0,0,0,0,0,0,0,0
2297,1188,9,227,4,5,698,10,2,83,699,82,700,3,1189,1,2298,0,0,0,0,0,0,0,0,0,0,0,0,0,0,0,0,0,0,0,0,0,0
2297,67,12,359,15,2,20,11,14,701,1190,18,1,2298,0,0,0,0,0,0,0,0,0,0,0,0,0,0,0,0,0,0,0,0,0,0,0,0,0
2297,1191,377,216,88,8,13,1192,702,1193,378,12,2,1194,1195,50,9,113,283,8,155,37,11,1,2298,0,0,0,0,0,0,0,0,0,0,0,0,0,0
2297,7,12,1196,27,488,144,1197,3,498,1,2298,0,0,0,0,0,0,0,0,0,0,0,0,0,0,0,0,0,0,0,0,0,0,0,0,0,0,0
2297,220,12,379,216,88,41,1198,2,21,1,2298,0,0,0,0,0,0,0,0,0,0,0,0,0,0,0,0,0,0,0,0,0,0,0,0,0,0,0
2297,26,9,1199,5,1200,3,71,57,143,499,30,59,1,2298,0,0,0,0,0,0,0,0,0,0,0,0,0,0,0,0,0,0,0,0,0,0,0,0
2297,158,5,228,355,24,6,7,121,27,703,36,125,1,2298,0,0,0,0,0,0,0,0,0,0,0,0,0,0,0,0,0,0,0,0,0,0,0,0
2297,380,163,284,130,470,6,11,1,2298,0,0,0,0,0,0,0,0,0,0,0,0,0,0,0,0,0,0,0,0,0,0,0,0,0,0,0,0,0
2297,85,118,41,704,44,50,164,1201,195,480,6,11,705,13,7,706,55,75,4,5,7,4,9,1202,3,95,1,2298,0,0,0,0,0,0,0,0,0,0
2297,17,4,6,500,285,10,165,261,707,2,13,501,1203,2,708,381,16,1,2298,0,0,0,0,0,0,0,0,0,0,0,0,0,0,0,0,0,0,0
2297,140,6,196,12,502,382,1204,11,1,2298,0,0,0,0,0,0,0,0,0,0,0,0,0,0,0,0,0,0,0,0,0,0,0,0,0,0,0,0
2297,121,68,378,15,1205,709,3,286,11,27,7,131,6,7,9,287,30,1206,51,1,2298,0,0,0,0,0,0,0,0,0,0,0,0,0,0,0,0,0
2297,1207,8,1208,212,12,7,9,710,8,11,1209,3,711,712,5,383,10,59,7,9,277,91,30,132,1,2298,0,0,0,0,0,0,0,0,0,0,0,0
2297,228,13,699,700,5,229,3,713,57,20,503,83,52,48,51,1,2298,0,0,0,0,0,0,0,0,0,0,0,0,0,0,0,0,0,0,0,0,0
2297,7,4,5,504,3,99,37,505,11,1,2298,0,0,0,0,0,0,0,0,0,0,0,0,0,0,0,0,0,0,0,0,0,0,0,0,0,0,0
2297,7,714,28,13,6,197,4,5,353,4,6,32,9,506,8,1210,2,384,13,288,230,1211,10,1212,11,1,2298,0,0,0,0,0,0,0,0,0,0,0
2297,507,508,2,376,133,2298,0,0,0,0,0,0,0,0,0,0,0,0,0,0,0,0,0,0,0,0,0,0,0,0,0,0,0,0,0,0,0,0
2297,88,385,1213,166,1214,1215,289,133,2298,0,0,0,0,0,0,0,0,0,0,0,0,0,0,0,0,0,0,0,0,0,0,0,0,0,0,0,0,0
2297,90,715,12,17,4,9,449,19,1216,43,231,3,1217,14,3,100,1,2298,0,0,0,0,0,0,0,0,0,0,0,0,0,0,0,0,0,0,0,0
2297,58,1218,7,130,15,66,232,112,716,21,1,2298,0,0,0,0,0,0,0,0,0,0,0,0,0,0,0,0,0,0,0,0,0,0,0,0,0,0
2297,6,14,5,686,4,6,456,1219,6,290,717,5,98,1,7,4,5,1220,1221,1222,1223,8,718,719,3,284,2,14,509,1,2298,0,0,0,0,0,0,0
2297,32,9,138,291,5,1224,133,2298,0,0,0,0,0,0,0,0,0,0,0,0,0,0,0,0,0,0,0,0,0,0,0,0,0,0,0,0,0,0
2297,2,386,15,292,19,280,4,31,198,129,1,2298,0,0,0,0,0,0,0,0,0,0,0,0,0,0,0,0,0,0,0,0,0,0,0,0,0,0
2297,341,12,266,43,350,217,28,1225,3,2,1,2298,0,0,0,0,0,0,0,0,0,0,0,0,0,0,0,0,0,0,0,0,0,0,0,0,0,0
2297,58,32,15,291,2,2,293,55,1226,9,387,15,11,13,24,5,181,510,387,16,1,2298,0,0,0,0,0,0,0,0,0,0,0,0,0,0,0,0
2297,182,388,41,60,4,6,1227,3,1228,21,14,6,473,142,1229,1230,233,19,1231,17,4,8,389,34,511,6,141,1232,11,1,2298,0,0,0,0,0,0,0
2297,167,134,15,2,99,11,13,24,5,7,154,6,288,19,1233,1234,128,720,11,390,161,1235,2,116,1236,6,294,14,16,1,2298,0,0,0,0,0,0,0
2297,1237,1238,721,234,19,391,1239,377,115,17,4,6,392,48,1,2298,0,0,0,0,0,0,0,0,0,0,0,0,0,0,0,0,0,0,0,0,0,0
2297,1240,61,49,168,1241,8,7,17,5,722,15,1242,1243,1244,213,16,1,2298,0,0,0,0,0,0,0,0,0,0,0,0,0,0,0,0,0,0,0,0
2297,64,148,723,42,109,295,1,2298,0,0,0,0,0,0,0,0,0,0,0,0,0,0,0,0,0,0,0,0,0,0,0,0,0,0,0,0,0,0
2297,2,101,15,724,9,1245,10,725,11,27,459,15,7,25,1246,1247,2,11,199,1,2298,0,0,0,0,0,0,0,0,0,0,0,0,0,0,0,0,0
2297,58,24,4,5,393,44,50,1248,10,1249,2,27,23,7,101,23,260,8,23,7,4,23,3,52,2,14,31,66,192,196,47,509,1,2298,0,0,0,0
2297,104,12,200,139,6,29,13,104,12,24,4,3,200,92,6,33,1,2298,0,0,0,0,0,0,0,0,0,0,0,0,0,0,0,0,0,0,0,0
2297,296,9,512,41,79,513,1250,44,50,130,726,97,8,105,235,15,149,727,18,1,2298,0,0,0,0,0,0,0,0,0,0,0,0,0,0,0,0,0
2297,1251,13,292,80,73,29,17,4,6,297,19,52,18,728,232,50,130,10,52,34,42,1,2298,0,0,0,0,0,0,0,0,0,0,0,0,0,0,0
2297,167,182,373,1,2298,0,0,0,0,0,0,0,0,0,0,0,0,0,0,0,0,0,0,0,0,0,0,0,0,0,0,0,0,0,0,0,0,0
2297,121,68,368,13,67,12,1252,2,394,25,729,66,1253,10,514,1,2298,0,0,0,0,0,0,0,0,0,0,0,0,0,0,0,0,0,0,0,0,0
2297,227,15,77,2,1,49,35,5,236,3,515,516,11,21,46,2298,0,0,0,0,0,0,0,0,0,0,0,0,0,0,0,0,0,0,0,0,0,0
2297,32,15,288,469,9,730,731,230,1254,506,10,157,2,7,68,5,72,270,19,110,9,1255,732,6,18,14,16,1,2298,0,0,0,0,0,0,0,0,0
2297,733,4,25,11,395,5,1256,11,734,38,275,36,29,14,3,135,2,1,2298,0,0,0,0,0,0,0,0,0,0,0,0,0,0,0,0,0,0,0
2297,65,15,49,517,42,735,46,2,22,2,146,5,49,632,136,1257,298,10,518,2,1,2298,0,0,0,0,0,0,0,0,0,0,0,0,0,0,0,0
2297,736,8,32,4,9,299,300,31,1258,737,9,299,300,738,739,2,20,11,1,2298,0,0,0,0,0,0,0,0,0,0,0,0,0,0,0,0,0,0
2297,24,5,72,19,117,385,237,169,234,3,1259,2,14,89,9,110,15,48,1,2298,0,0,0,0,0,0,0,0,0,0,0,0,0,0,0,0,0,0
2297,124,4,5,396,1,2298,0,0,0,0,0,0,0,0,0,0,0,0,0,0,0,0,0,0,0,0,0,0,0,0,0,0,0,0,0,0,0,0
2297,7,12,519,9,520,31,180,4,3,740,14,16,1,2298,0,0,0,0,0,0,0,0,0,0,0,0,0,0,0,0,0,0,0,0,0,0,0,0
2297,140,741,9,1260,16,1,2298,0,0,0,0,0,0,0,0,0,0,0,0,0,0,0,0,0,0,0,0,0,0,0,0,0,0,0,0,0,0,0
2297,24,4,5,60,9,1261,3,1262,56,13,1263,3,521,57,742,79,4,3,490,397,743,2,14,16,1,2298,0,0,0,0,0,0,0,0,0,0,0,0
2297,65,15,522,10,150,2,744,15,745,6,18,14,16,1,2298,0,0,0,0,0,0,0,0,0,0,0,0,0,0,0,0,0,0,0,0,0,0,0
2297,7,89,746,12,7,63,6,1264,9,747,161,1265,1266,14,16,1,2298,0,0,0,0,0,0,0,0,0,0,0,0,0,0,0,0,0,0,0,0,0
2297,394,5,1267,2,13,23,398,238,136,2298,0,0,0,0,0,0,0,0,0,0,0,0,0,0,0,0,0,0,0,0,0,0,0,0,0,0,0,0
2297,6,523,5,7,1268,25,1269,3,71,17,9,719,3,725,1,2298,0,0,0,0,0,0,0,0,0,0,0,0,0,0,0,0,0,0,0,0,0,0
2297,6,14,5,524,8,525,134,15,11,14,3,399,1,2298,0,0,0,0,0,0,0,0,0,0,0,0,0,0,0,0,0,0,0,0,0,0,0,0
2297,158,29,224,9,526,44,748,4,6,72,1270,19,749,1,2298,0,0,0,0,0,0,0,0,0,0,0,0,0,0,0,0,0,0,0,0,0,0,0
2297,1271,2,27,12,750,9,301,10,239,2,126,11,1,2298,0,0,0,0,0,0,0,0,0,0,0,0,0,0,0,0,0,0,0,0,0,0,0,0
2297,527,9,290,1272,12,302,15,528,751,18,14,3,135,2,14,169,13,24,5,1273,752,302,529,10,135,2,18,1,2298,0,0,0,0,0,0,0,0,0
2297,1274,1275,753,61,1276,385,234,9,197,16,1,2298,0,0,0,0,0,0,0,0,0,0,0,0,0,0,0,0,0,0,0,0,0,0,0,0,0,0
2297,16,754,755,1277,1278,755,8,756,757,8,1279,2,1280,3,471,37,120,303,3,338,28,1281,20,11,150,530,6,1282,62,16,1,2298,0,0,0,0,0,0
2297,758,400,5,32,4,96,6,201,27,2,141,694,508,2,38,14,16,1,2298,0,0,0,0,0,0,0,0,0,0,0,0,0,0,0,0,0,0,0
2297,24,5,1283,175,16,1,2298,0,0,0,0,0,0,0,0,0,0,0,0,0,0,0,0,0,0,0,0,0,0,0,0,0,0,0,0,0,0,0
2297,96,9,392,18,17,4,5,1284,3,27,1285,401,3,1286,11,1,2298,0,0,0,0,0,0,0,0,0,0,0,0,0,0,0,0,0,0,0,0,0
2297,1287,8,759,1288,531,33,7,12,145,3,2,2,176,1,2298,0,0,0,0,0,0,0,0,0,0,0,0,0,0,0,0,0,0,0,0,0,0,0
2297,67,12,24,3,2,14,3,1289,1,2298,0,0,0,0,0,0,0,0,0,0,0,0,0,0,0,0,0,0,0,0,0,0,0,0,0,0,0,0
2297,85,240,4,6,123,396,402,3,1290,12,21,13,85,402,4,5,66,47,3,2,1,2298,0,0,0,0,0,0,0,0,0,0,0,0,0,0,0,0
2297,24,4,5,380,163,8,45,7,278,9,1291,6,1292,2,760,1293,46,39,22,2,1,2298,0,0,0,0,0,0,0,0,0,0,0,0,0,0,0,0
2297,402,6,1294,14,169,82,12,304,1295,30,1296,14,16,1,2298,0,0,0,0,0,0,0,0,0,0,0,0,0,0,0,0,0,0,0,0,0,0,0
2297,6,14,5,502,1297,267,1298,3,1299,2,393,44,1300,10,1301,10,20,33,14,3,305,1,2298,0,0,0,0,0,0,0,0,0,0,0,0,0,0,0
2297,32,403,5,36,29,92,3,1302,19,183,14,16,1,2298,0,0,0,0,0,0,0,0,0,0,0,0,0,0,0,0,0,0,0,0,0,0,0,0
2297,2,761,6,762,11,47,3,763,764,241,1,2298,0,0,0,0,0,0,0,0,0,0,0,0,0,0,0,0,0,0,0,0,0,0,0,0,0,0
2297,6,242,19,202,12,532,9,243,30,1303,2,14,16,1,2298,0,0,0,0,0,0,0,0,0,0,0,0,0,0,0,0,0,0,0,0,0,0,0
2297,7,12,201,27,200,116,8,765,6,11,1,2298,0,0,0,0,0,0,0,0,0,0,0,0,0,0,0,0,0,0,0,0,0,0,0,0,0,0
2297,193,12,766,767,9,22,3,95,13,194,4,6,196,2,384,75,4,3,1304,718,533,2,1,2298,0,0,0,0,0,0,0,0,0,0,0,0,0,0
2297,58,24,5,155,534,11,1,2298,0,0,0,0,0,0,0,0,0,0,0,0,0,0,0,0,0,0,0,0,0,0,0,0,0,0,0,0,0,0
2297,17,4,9,233,31,1305,8,93,1306,2,86,34,42,1,2298,0,0,0,0,0,0,0,0,0,0,0,0,0,0,0,0,0,0,0,0,0,0,0
2297,29,17,4,6,1307,9,493,5,370,68,169,13,357,9,188,535,40,370,535,1308,13,188,1309,1310,12,448,370,63,2,1,2298,0,0,0,0,0,0,0
2297,269,146,5,49,26,1311,298,518,768,238,214,39,1312,77,2,1,2298,0,0,0,0,0,0,0,0,0,0,0,0,0,0,0,0,0,0,0,0,0
2297,26,12,303,3,2,27,13,536,10,537,769,10,86,2,1,2298,0,0,0,0,0,0,0,0,0,0,0,0,0,0,0,0,0,0,0,0,0,0
2297,244,538,4,5,404,1313,8,499,19,476,245,20,11,1,2298,0,0,0,0,0,0,0,0,0,0,0,0,0,0,0,0,0,0,0,0,0,0,0
2297,67,12,449,19,47,2,1,2298,0,0,0,0,0,0,0,0,0,0,0,0,0,0,0,0,0,0,0,0,0,0,0,0,0,0,0,0,0,0
2297,7,190,68,163,1314,539,15,711,7,147,3,1315,1,2298,0,0,0,0,0,0,0,0,0,0,0,0,0,0,0,0,0,0,0,0,0,0,0,0
2297,7,15,60,5,674,128,297,3,52,2,21,77,2,27,13,1316,5,73,670,1,2298,0,0,0,0,0,0,0,0,0,0,0,0,0,0,0,0,0
2297,64,47,770,1317,4,5,7,1318,8,658,1319,2,14,16,1,2298,0,0,0,0,0,0,0,0,0,0,0,0,0,0,0,0,0,0,0,0,0,0
2297,771,5,499,8,540,1320,10,1321,2,246,10,2,20,33,1,2298,0,0,0,0,0,0,0,0,0,0,0,0,0,0,0,0,0,0,0,0,0,0
2297,772,9,541,247,80,773,1322,15,405,774,1323,775,128,1324,11,1,2298,0,0,0,0,0,0,0,0,0,0,0,0,0,0,0,0,0,0,0,0,0
2297,542,406,4,5,776,92,6,203,36,777,62,8,6,14,3,1325,2,1,2298,0,0,0,0,0,0,0,0,0,0,0,0,0,0,0,0,0,0,0
2297,407,5,1326,91,8,132,20,11,1,2298,0,0,0,0,0,0,0,0,0,0,0,0,0,0,0,0,0,0,0,0,0,0,0,0,0,0,0,0
2297,1327,500,285,10,1328,2,127,123,248,6,48,1,2298,0,0,0,0,0,0,0,0,0,0,0,0,0,0,0,0,0,0,0,0,0,0,0,0,0
2297,121,68,13,1329,61,541,185,75,4,6,49,32,12,778,9,543,8,21,14,6,1330,46,39,22,2,14,3,45,1,2298,0,0,0,0,0,0,0,0
2297,7,12,306,1331,3,99,37,477,114,307,4,3,74,243,2,1,2298,0,0,0,0,0,0,0,0,0,0,0,0,0,0,0,0,0,0,0,0,0
2297,104,12,35,4,127,168,15,779,1332,10,1333,1334,780,102,1335,84,1336,16,1,2298,0,0,0,0,0,0,0,0,0,0,0,0,0,0,0,0,0,0
2297,269,13,35,5,218,781,31,782,13,55,1337,1338,10,150,2,20,11,18,1,2298,0,0,0,0,0,0,0,0,0,0,0,0,0,0,0,0,0,0
2297,67,12,1339,8,641,48,1,2298,0,0,0,0,0,0,0,0,0,0,0,0,0,0,0,0,0,0,0,0,0,0,0,0,0,0,0,0,0,0
2297,408,204,28,1340,11,1341,1342,308,10,1343,151,146,31,26,12,409,8,45,82,2,1344,10,783,1,2298,0,0,0,0,0,0,0,0,0,0,0,0,0
2297,55,111,10,45,38,1,2298,0,0,0,0,0,0,0,0,0,0,0,0,0,0,0,0,0,0,0,0,0,0,0,0,0,0,0,0,0,0,0
2297,7,4,5,544,1345,784,1346,14,16,1,2298,0,0,0,0,0,0,0,0,0,0,0,0,0,0,0,0,0,0,0,0,0,0,0,0,0,0,0
2297,140,338,10,1347,7,545,491,27,9,60,9,546,4,8,93,1348,521,86,34,42,1,2298,0,0,0,0,0,0,0,0,0,0,0,0,0,0,0,0
2297,7,12,410,163,361,785,47,2,1349,1,2298,0,0,0,0,0,0,0,0,0,0,0,0,0,0,0,0,0,0,0,0,0,0,0,0,0,0,0
2297,23,350,12,170,544,1350,26,12,129,27,786,62,47,787,788,39,22,2,46,2298,0,0,0,0,0,0,0,0,0,0,0,0,0,0,0,0,0,0
2297,789,88,2,1351,1352,15,159,115,309,4,25,7,4,9,107,6,145,1353,37,199,1,2298,0,0,0,0,0,0,0,0,0,0,0,0,0,0,0,0
2297,7,4,5,6,79,4,6,149,162,219,4,106,10,310,14,3,102,62,8,7,79,4,3,151,1354,790,10,547,20,11,1,2298,0,0,0,0,0,0
2297,171,791,4,5,1355,792,524,3,1356,78,751,267,3,1357,20,11,1,2298,0,0,0,0,0,0,0,0,0,0,0,0,0,0,0,0,0,0,0,0
2297,548,8,294,17,4,5,179,10,52,2,14,6,793,18,21,1358,2,1,2298,0,0,0,0,0,0,0,0,0,0,0,0,0,0,0,0,0,0,0
2297,120,130,15,29,17,4,8,187,52,48,1,2298,0,0,0,0,0,0,0,0,0,0,0,0,0,0,0,0,0,0,0,0,0,0,0,0,0,0
2297,549,794,59,1359,8,685,3,411,49,32,287,1360,10,1361,65,1362,8,411,311,46,39,22,2,1,2298,0,0,0,0,0,0,0,0,0,0,0,0,0
2297,7,12,7,141,189,9,285,1363,235,2,27,76,137,63,2,1,2298,0,0,0,0,0,0,0,0,0,0,0,0,0,0,0,0,0,0,0,0,0
2297,17,4,9,795,10,1364,78,57,13,796,12,29,231,9,773,10,144,42,797,295,1,2298,0,0,0,0,0,0,0,0,0,0,0,0,0,0,0,0
2297,798,18,742,799,4,5,800,10,103,36,708,1,2298,0,0,0,0,0,0,0,0,0,0,0,0,0,0,0,0,0,0,0,0,0,0,0,0,0
2297,6,14,6,266,10,1365,119,1,2298,0,0,0,0,0,0,0,0,0,0,0,0,0,0,0,0,0,0,0,0,0,0,0,0,0,0,0,0,0
2297,147,4,6,246,10,226,1366,21,337,67,12,67,15,657,2,14,3,1367,2,274,33,1,2298,0,0,0,0,0,0,0,0,0,0,0,0,0,0,0
2297,801,133,2298,0,0,0,0,0,0,0,0,0,0,0,0,0,0,0,0,0,0,0,0,0,0,0,0,0,0,0,0,0,0,0,0,0,0,0
2297,1368,61,201,222,16,1,2298,0,0,0,0,0,0,0,0,0,0,0,0,0,0,0,0,0,0,0,0,0,0,0,0,0,0,0,0,0,0,0
2297,7,190,41,145,3,186,14,412,53,2298,0,0,0,0,0,0,0,0,0,0,0,0,0,0,0,0,0,0,0,0,0,0,0,0,0,0,0,0
2297,35,5,802,9,72,28,312,20,11,1,2298,0,0,0,0,0,0,0,0,0,0,0,0,0,0,0,0,0,0,0,0,0,0,0,0,0,0,0
2297,7,4,5,1369,543,9,124,8,59,2,1,2298,0,0,0,0,0,0,0,0,0,0,0,0,0,0,0,0,0,0,0,0,0,0,0,0,0,0
2297,7,1370,550,1371,15,18,194,9,63,6,409,8,45,21,1,2298,0,0,0,0,0,0,0,0,0,0,0,0,0,0,0,0,0,0,0,0,0,0
2297,23,1372,13,451,29,21,1,2298,0,0,0,0,0,0,0,0,0,0,0,0,0,0,0,0,0,0,0,0,0,0,0,0,0,0,0,0,0,0
2297,313,77,2,13,23,413,46,2298,0,0,0,0,0,0,0,0,0,0,0,0,0,0,0,0,0,0,0,0,0,0,0,0,0,0,0,0,0,0
2297,17,4,5,551,19,1373,1374,3,183,1375,8,93,26,25,383,10,1376,1,2298,0,0,0,0,0,0,0,0,0,0,0,0,0,0,0,0,0,0,0
2297,17,4,5,1377,92,8,2,84,14,3,2,20,11,1,2298,0,0,0,0,0,0,0,0,0,0,0,0,0,0,0,0,0,0,0,0,0,0,0
2297,552,16,1,2298,0,0,0,0,0,0,0,0,0,0,0,0,0,0,0,0,0,0,0,0,0,0,0,0,0,0,0,0,0,0,0,0,0,0
2297,58,13,1378,1379,1380,17,4,6,203,36,553,1381,34,143,1382,523,3,803,86,2,1,2298,0,0,0,0,0,0,0,0,0,0,0,0,0,0,0,0
2297,249,8,147,4,6,669,15,60,9,352,10,260,2,2,20,11,13,7,4,5,804,3,547,1,2298,0,0,0,0,0,0,0,0,0,0,0,0,0
2297,7,454,5,17,9,805,112,414,7,91,41,1383,683,11,1,2298,0,0,0,0,0,0,0,0,0,0,0,0,0,0,0,0,0,0,0,0,0,0
2297,806,51,807,61,1384,16,1,2298,0,0,0,0,0,0,0,0,0,0,0,0,0,0,0,0,0,0,0,0,0,0,0,0,0,0,0,0,0,0
2297,1385,13,221,1,168,205,5,1386,1387,16,1,2298,0,0,0,0,0,0,0,0,0,0,0,0,0,0,0,0,0,0,0,0,0,0,0,0,0,0
2297,808,1388,80,195,809,164,51,195,1389,164,10,415,2,14,16,1,2298,0,0,0,0,0,0,0,0,0,0,0,0,0,0,0,0,0,0,0,0,0
2297,159,1390,52,172,1391,8,676,3,38,35,9,1392,6,409,8,45,450,1,35,5,107,3,416,11,14,6,98,450,1,2298,0,0,0,0,0,0,0,0
2297,6,97,3,52,2,227,4,5,538,4,25,229,3,638,21,409,417,404,2,20,11,1,2298,0,0,0,0,0,0,0,0,0,0,0,0,0,0,0
2297,1393,4,6,1394,810,91,30,314,11,1,2298,0,0,0,0,0,0,0,0,0,0,0,0,0,0,0,0,0,0,0,0,0,0,0,0,0,0,0
2297,339,12,75,4,25,811,315,377,267,1395,127,184,2,201,1396,1397,554,1,2298,0,0,0,0,0,0,0,0,0,0,0,0,0,0,0,0,0,0,0
2297,23,32,15,515,1398,3,812,2,20,33,555,160,12,515,813,33,62,16,46,7,12,1399,22,2,1,2298,0,0,0,0,0,0,0,0,0,0,0,0
2297,88,1400,9,76,336,43,814,8,29,138,3,99,37,11,1,2298,0,0,0,0,0,0,0,0,0,0,0,0,0,0,0,0,0,0,0,0,0,0
2297,222,110,15,316,152,22,418,8,241,11,1,2298,0,0,0,0,0,0,0,0,0,0,0,0,0,0,0,0,0,0,0,0,0,0,0,0,0,0
2297,219,4,6,815,816,19,155,127,18,1401,1402,233,3,556,14,6,419,8,105,1403,19,473,1,2298,0,0,0,0,0,0,0,0,0,0,0,0,0,0
2297,317,206,48,817,102,17,5,420,40,33,14,66,13,818,819,4,5,261,11,1,2298,0,0,0,0,0,0,0,0,0,0,0,0,0,0,0,0,0
2297,7,4,5,90,17,9,805,262,1404,3,533,318,250,17,9,22,3,108,2,14,3,74,1,2298,0,0,0,0,0,0,0,0,0,0,0,0,0,0
2297,7,15,492,10,282,83,7,12,1405,2,557,15,347,3,1406,11,14,3,38,1,2298,0,0,0,0,0,0,0,0,0,0,0,0,0,0,0,0,0
2297,317,156,53,2298,0,0,0,0,0,0,0,0,0,0,0,0,0,0,0,0,0,0,0,0,0,0,0,0,0,0,0,0,0,0,0,0,0,0
2297,558,70,251,820,38,1,2298,0,0,0,0,0,0,0,0,0,0,0,0,0,0,0,0,0,0,0,0,0,0,0,0,0,0,0,0,0,0,0
2297,111,10,45,13,715,12,767,3,451,481,3,1407,1408,10,1409,14,16,1,2298,0,0,0,0,0,0,0,0,0,0,0,0,0,0,0,0,0,0,0
2297,7,747,41,821,494,10,346,2,188,115,17,6,11,13,1410,15,188,152,1411,50,14,30,63,48,1,2298,0,0,0,0,0,0,0,0,0,0,0,0
2297,559,807,59,421,282,11,822,319,1,2298,0,0,0,0,0,0,0,0,0,0,0,0,0,0,0,0,0,0,0,0,0,0,0,0,0,0,0,0
2297,1412,68,41,73,1413,1,64,756,68,41,823,6,18,1,2298,0,0,0,0,0,0,0,0,0,0,0,0,0,0,0,0,0,0,0,0,0,0,0
2297,824,317,29,560,4,6,320,25,1414,825,10,348,14,412,10,408,561,4,6,22,56,826,3,1415,184,2,300,3,1416,28,422,2,62,6,2298,0,0,0
2297,800,79,15,827,7,4,5,1417,1418,30,7,4,6,38,117,316,152,9,123,828,10,829,1,2298,0,0,0,0,0,0,0,0,0,0,0,0,0,0
2297,64,148,7,4,5,252,10,2,57,352,8,122,49,1419,23,562,23,1420,205,30,49,39,22,2,1421,830,252,10,86,34,42,1,2298,0,0,0,0,0
2297,1422,831,13,832,13,1423,1,2298,0,0,0,0,0,0,0,0,0,0,0,0,0,0,0,0,0,0,0,0,0,0,0,0,0,0,0,0,0,0
2297,226,12,563,31,154,3,1424,173,2,18,1,2298,0,0,0,0,0,0,0,0,0,0,0,0,0,0,0,0,0,0,0,0,0,0,0,0,0,0
2297,6,564,4,5,220,39,484,1,2298,0,0,0,0,0,0,0,0,0,0,0,0,0,0,0,0,0,0,0,0,0,0,0,0,0,0,0,0,0
2297,6,14,5,149,1425,38,275,833,44,16,1,2298,0,0,0,0,0,0,0,0,0,0,0,0,0,0,0,0,0,0,0,0,0,0,0,0,0,0
2297,58,13,7,1426,41,1427,40,11,1,2298,0,0,0,0,0,0,0,0,0,0,0,0,0,0,0,0,0,0,0,0,0,0,0,0,0,0,0,0
2297,7,4,5,1428,10,1429,1430,15,1431,10,282,11,1432,3,2,1,2298,0,0,0,0,0,0,0,0,0,0,0,0,0,0,0,0,0,0,0,0,0
2297,1433,9,1434,15,94,9,321,3,1435,78,106,34,1436,1437,3,99,37,11,1,2298,0,0,0,0,0,0,0,0,0,0,0,0,0,0,0,0,0,0
2297,22,4,90,565,4,38,275,36,1438,371,13,36,76,1439,10,71,1,2298,0,0,0,0,0,0,0,0,0,0,0,0,0,0,0,0,0,0,0,0
2297,834,5,353,8,105,727,10,2,27,1440,14,169,13,736,8,251,80,85,224,9,1441,1442,423,10,1443,2,14,16,1,2298,0,0,0,0,0,0,0,0
2297,23,167,396,482,3,63,2,14,5,17,4,3,36,364,1444,1445,42,1,2298,0,0,0,0,0,0,0,0,0,0,0,0,0,0,0,0,0,0,0
2297,1446,1447,7,12,1448,9,1449,3,284,835,10,1450,836,534,1451,1,2298,0,0,0,0,0,0,0,0,0,0,0,0,0,0,0,0,0,0,0,0,0
2297,131,6,23,314,46,39,22,2,1,2298,0,0,0,0,0,0,0,0,0,0,0,0,0,0,0,0,0,0,0,0,0,0,0,0,0,0,0,0
2297,22,2,83,546,2,14,8,93,1452,1453,1,2298,0,0,0,0,0,0,0,0,0,0,0,0,0,0,0,0,0,0,0,0,0,0,0,0,0,0
2297,206,18,704,1454,3,95,17,4,5,181,60,4,9,1455,3,424,8,1456,11,14,16,1,2298,0,0,0,0,0,0,0,0,0,0,0,0,0,0,0
2297,388,8,13,837,4,5,6,134,10,566,56,13,7,1457,1458,1459,9,92,83,838,839,8,489,3,1460,11,13,7,190,30,316,2298,0,0,0,0,0,0
2297,1461,636,9,47,3,471,37,35,31,403,4,6,1462,37,11,1,2298,0,0,0,0,0,0,0,0,0,0,0,0,0,0,0,0,0,0,0,0,0
2297,114,1463,8,93,840,2,263,2298,0,0,0,0,0,0,0,0,0,0,0,0,0,0,0,0,0,0,0,0,0,0,0,0,0,0,0,0,0,0
2297,182,1464,9,207,6,1465,44,50,841,10,842,20,11,1,2298,0,0,0,0,0,0,0,0,0,0,0,0,0,0,0,0,0,0,0,0,0,0,0
2297,1466,1467,831,13,1468,9,72,1469,1470,357,6,1471,4,9,843,3,71,27,567,12,1472,2,1,2298,0,0,0,0,0,0,0,0,0,0,0,0,0,0
2297,1473,844,9,845,4,5,165,568,54,17,4,5,24,4,6,1474,9,345,3,52,2,353,4,8,187,569,48,271,34,42,1,2298,0,0,0,0,0,0
2297,273,1475,1476,8,13,29,17,4,5,24,3,1477,63,2,21,1,2298,0,0,0,0,0,0,0,0,0,0,0,0,0,0,0,0,0,0,0,0,0
2297,55,235,4,5,846,8,570,571,4,3,305,1,2298,0,0,0,0,0,0,0,0,0,0,0,0,0,0,0,0,0,0,0,0,0,0,0,0,0
2297,94,4,25,60,4,3,1478,2,137,572,15,1479,21,62,8,779,29,1480,6,1481,48,1482,174,1483,87,37,540,1,2298,0,0,0,0,0,0,0,0,0
2297,296,322,293,55,248,41,1484,13,1485,13,213,1486,13,1487,287,418,6,346,18,1,2298,0,0,0,0,0,0,0,0,0,0,0,0,0,0,0,0,0
2297,573,12,1488,166,1489,51,198,769,10,2,11,1,2298,0,0,0,0,0,0,0,0,0,0,0,0,0,0,0,0,0,0,0,0,0,0,0,0,0
2297,253,1490,15,847,88,8,848,48,14,3,87,37,11,53,2298,0,0,0,0,0,0,0,0,0,0,0,0,0,0,0,0,0,0,0,0,0,0,0
2297,131,6,77,2,13,23,660,13,1491,319,1,2298,0,0,0,0,0,0,0,0,0,0,0,0,0,0,0,0,0,0,0,0,0,0,0,0,0,0
2297,1492,41,407,6,211,336,11,24,5,165,192,1493,363,186,20,33,1,2298,0,0,0,0,0,0,0,0,0,0,0,0,0,0,0,0,0,0,0,0
2297,574,207,5,1494,849,128,1495,283,19,850,240,178,30,132,1,2298,0,0,0,0,0,0,0,0,0,0,0,0,0,0,0,0,0,0,0,0,0,0
2297,1496,851,19,852,1497,1498,19,13,1499,853,43,1500,853,15,1501,8,187,724,28,52,48,1,2298,0,0,0,0,0,0,0,0,0,0,0,0,0,0,0
2297,854,45,7,237,10,855,2,97,166,17,4,25,575,1502,31,539,13,1503,3,69,14,31,66,166,8,105,453,15,29,1,2298,0,0,0,0,0,0,0
2297,1504,9,856,3,1505,172,1506,857,13,474,9,117,123,1507,89,9,110,12,17,9,1508,236,1509,666,667,9,856,16,1,2298,0,0,0,0,0,0,0,0
2297,158,41,17,4,9,1510,91,8,220,10,106,34,497,6,33,2298,0,0,0,0,0,0,0,0,0,0,0,0,0,0,0,0,0,0,0,0,0,0
2297,425,70,76,1,2298,0,0,0,0,0,0,0,0,0,0,0,0,0,0,0,0,0,0,0,0,0,0,0,0,0,0,0,0,0,0,0,0,0
2297,26,12,858,859,42,1,2298,0,0,0,0,0,0,0,0,0,0,0,0,0,0,0,0,0,0,0,0,0,0,0,0,0,0,0,0,0,0,0
2297,705,8,13,231,3,576,17,4,5,393,44,50,344,38,1511,116,92,6,860,36,294,1,2298,0,0,0,0,0,0,0,0,0,0,0,0,0,0,0
2297,861,146,5,49,177,862,291,2,21,1,2298,0,0,0,0,0,0,0,0,0,0,0,0,0,0,0,0,0,0,0,0,0,0,0,0,0,0,0
2297,35,6,863,21,27,13,2,530,9,139,5,863,321,3,106,34,572,10,204,20,11,1,2298,0,0,0,0,0,0,0,0,0,0,0,0,0,0,0
2297,309,4,9,864,41,865,42,36,29,264,15,45,13,36,29,264,15,1512,7,4,25,76,14,412,53,2298,0,0,0,0,0,0,0,0,0,0,0,0
2297,1513,12,86,18,866,1514,6,1515,366,6,310,1,2298,0,0,0,0,0,0,0,0,0,0,0,0,0,0,0,0,0,0,0,0,0,0,0,0,0
2297,577,7,79,10,867,868,91,8,411,1,2298,0,0,0,0,0,0,0,0,0,0,0,0,0,0,0,0,0,0,0,0,0,0,0,0,0,0,0
2297,66,300,30,1516,1517,22,2,74,20,11,1,2298,0,0,0,0,0,0,0,0,0,0,0,0,0,0,0,0,0,0,0,0,0,0,0,0,0,0
2297,2,309,15,23,168,107,5,182,76,118,8,132,14,16,46,39,77,2,1,2298,0,0,0,0,0,0,0,0,0,0,0,0,0,0,0,0,0,0
2297,234,9,1518,208,107,8,1519,18,1,2298,0,0,0,0,0,0,0,0,0,0,0,0,0,0,0,0,0,0,0,0,0,0,0,0,0,0,0,0
2297,292,796,12,179,52,8,11,406,4,3,1520,78,1521,224,9,869,3,578,56,11,1,2298,0,0,0,0,0,0,0,0,0,0,0,0,0,0,0,0
2297,149,523,1522,12,472,1523,30,323,13,1524,12,1525,1526,30,323,1,2298,0,0,0,0,0,0,0,0,0,0,0,0,0,0,0,0,0,0,0,0,0
2297,7,4,89,9,2,17,6,1527,1528,10,870,67,9,1529,19,871,1530,464,2,1531,10,1532,86,2,1,2298,0,0,0,0,0,0,0,0,0,0,0,0
2297,7,12,359,205,40,284,21,579,1,2298,0,0,0,0,0,0,0,0,0,0,0,0,0,0,0,0,0,0,0,0,0,0,0,0,0,0,0,0
2297,872,13,545,8,507,40,179,10,52,34,44,6,33,17,6,548,8,324,873,15,36,254,1,2298,0,0,0,0,0,0,0,0,0,0,0,0,0,0
2297,65,486,43,26,12,1533,47,3,874,2,1,2298,0,0,0,0,0,0,0,0,0,0,0,0,0,0,0,0,0,0,0,0,0,0,0,0,0,0
2297,875,12,1534,125,21,20,11,13,478,580,7,876,12,125,1,2298,0,0,0,0,0,0,0,0,0,0,0,0,0,0,0,0,0,0,0,0,0,0
2297,7,4,9,426,12,390,8,99,21,14,16,1,2298,0,0,0,0,0,0,0,0,0,0,0,0,0,0,0,0,0,0,0,0,0,0,0,0,0
2297,7,12,7,427,25,23,304,507,36,1535,3,1536,13,1537,1538,14,16,23,39,475,2,1,2298,0,0,0,0,0,0,0,0,0,0,0,0,0,0,0
2297,1539,216,83,1540,1541,61,7,9,1542,1543,428,10,568,1544,30,119,110,9,1545,1546,3,1547,37,11,1,2298,0,0,0,0,0,0,0,0,0,0,0,0
2297,49,255,877,325,19,1548,3,691,2,46,39,1549,30,63,2,1,2298,0,0,0,0,0,0,0,0,0,0,0,0,0,0,0,0,0,0,0,0,0
2297,251,235,12,90,17,4,6,1550,570,571,4,40,305,1,2298,0,0,0,0,0,0,0,0,0,0,0,0,0,0,0,0,0,0,0,0,0,0,0
2297,58,520,1551,1552,2,21,14,3,87,37,11,1,120,104,12,7,1553,356,168,63,3,878,879,2,1,1554,2298,0,0,0,0,0,0,0,0,0,0,0
2297,581,12,32,15,55,177,880,4,3,108,56,72,9,1555,10,582,2,27,479,3,69,1,2298,0,0,0,0,0,0,0,0,0,0,0,0,0,0,0
2297,192,881,1556,10,289,185,15,1557,153,10,73,882,883,11,1,2298,0,0,0,0,0,0,0,0,0,0,0,0,0,0,0,0,0,0,0,0,0,0
2297,171,224,9,429,5,884,16,1,2298,0,0,0,0,0,0,0,0,0,0,0,0,0,0,0,0,0,0,0,0,0,0,0,0,0,0,0,0,0
2297,90,1558,31,252,13,64,430,885,8,93,886,87,37,84,1,2298,0,0,0,0,0,0,0,0,0,0,0,0,0,0,0,0,0,0,0,0,0,0
2297,1559,1560,61,400,3,418,8,1561,68,37,84,2,13,1562,8,758,400,3,848,2,1,2298,0,0,0,0,0,0,0,0,0,0,0,0,0,0,0,0
2297,519,9,180,13,326,5,583,234,19,296,30,51,14,16,1,2298,0,0,0,0,0,0,0,0,0,0,0,0,0,0,0,0,0,0,0,0,0,0
2297,6,14,5,72,9,55,247,322,321,6,54,1563,584,97,16,1,2298,0,0,0,0,0,0,0,0,0,0,0,0,0,0,0,0,0,0,0,0,0
2297,395,5,1564,9,1565,858,152,1566,42,1,2298,0,0,0,0,0,0,0,0,0,0,0,0,0,0,0,0,0,0,0,0,0,0,0,0,0,0,0
2297,24,4,5,455,189,9,76,887,16,1,2298,0,0,0,0,0,0,0,0,0,0,0,0,0,0,0,0,0,0,0,0,0,0,0,0,0,0,0
2297,17,4,40,1567,12,98,1,2298,0,0,0,0,0,0,0,0,0,0,0,0,0,0,0,0,0,0,0,0,0,0,0,0,0,0,0,0,0,0
2297,304,22,2,13,320,9,489,6,838,839,106,8,11,53,2298,0,0,0,0,0,0,0,0,0,0,0,0,0,0,0,0,0,0,0,0,0,0,0
2297,431,166,1568,166,1569,3,119,1570,5,1571,4,6,585,86,2,1,2298,0,0,0,0,0,0,0,0,0,0,0,0,0,0,0,0,0,0,0,0,0
2297,1572,31,1573,308,8,13,236,888,1574,5,889,80,144,1575,1576,13,1577,80,1578,13,1579,43,1580,80,774,2298,0,0,0,0,0,0,0,0,0,0,0,0
2297,120,890,4,6,406,9,1581,1582,3,673,2,27,410,1583,10,1584,2,1,2298,0,0,0,0,0,0,0,0,0,0,0,0,0,0,0,0,0,0,0
2297,293,1585,28,1586,22,2,46,39,22,2,1,2298,0,0,0,0,0,0,0,0,0,0,0,0,0,0,0,0,0,0,0,0,0,0,0,0,0,0
2297,32,15,171,97,30,219,3,281,2,1587,15,11,53,2298,0,0,0,0,0,0,0,0,0,0,0,0,0,0,0,0,0,0,0,0,0,0,0,0
2297,90,7,4,5,1588,17,33,47,3,2,532,1589,10,2,20,11,2,1,2298,0,0,0,0,0,0,0,0,0,0,0,0,0,0,0,0,0,0,0
2297,54,675,15,341,25,199,1,23,317,17,4,5,65,15,162,65,15,891,85,14,3,1590,8,284,760,892,14,3,102,421,432,1591,2298,0,0,0,0,0
2297,1592,1593,13,315,266,15,171,240,4,3,109,24,4,40,1594,3,71,1,2298,0,0,0,0,0,0,0,0,0,0,0,0,0,0,0,0,0,0,0
2297,893,70,1595,1596,238,53,2298,0,0,0,0,0,0,0,0,0,0,0,0,0,0,0,0,0,0,0,0,0,0,0,0,0,0,0,0,0,0,0
2297,1597,1598,8,54,17,6,7,222,10,157,2,1,2298,0,0,0,0,0,0,0,0,0,0,0,0,0,0,0,0,0,0,0,0,0,0,0,0,0
2297,7,4,5,138,13,1599,13,1600,418,31,66,1601,14,4,8,95,60,4,3,1602,521,171,14,4,3,7,4,25,1603,1604,4,3,150,2,1,2298,0,0
2297,58,894,5,49,32,9,75,4,5,474,1605,19,895,11,13,32,12,7,4,3,896,20,33,1,2298,0,0,0,0,0,0,0,0,0,0,0,0,0
2297,72,9,54,247,80,897,734,31,1606,6,898,1607,56,11,13,94,4,5,898,455,1608,28,586,18,1,2298,0,0,0,0,0,0,0,0,0,0,0,0
2297,24,5,481,899,1609,11,1,2298,0,0,0,0,0,0,0,0,0,0,0,0,0,0,0,0,0,0,0,0,0,0,0,0,0,0,0,0,0,0
2297,1610,9,640,1611,6,671,38,36,1612,587,8,1613,62,8,799,4,6,424,8,433,2,11,1,2298,0,0,0,0,0,0,0,0,0,0,0,0,0,0
2297,94,5,72,900,9,901,3,902,172,1614,903,1615,9,144,1616,3,94,6,47,56,11,1,2298,0,0,0,0,0,0,0,0,0,0,0,0,0,0,0
2297,142,8,13,894,5,277,19,125,1617,10,1618,2,1,2298,0,0,0,0,0,0,0,0,0,0,0,0,0,0,0,0,0,0,0,0,0,0,0,0
2297,7,4,5,588,11,1619,10,1620,250,164,98,195,39,22,2,14,3,589,34,42,1,2298,0,0,0,0,0,0,0,0,0,0,0,0,0,0,0,0
2297,85,114,248,3,95,14,260,8,13,17,4,5,7,4,60,9,263,31,904,8,905,324,150,2,268,3,74,2,14,16,1,2298,0,0,0,0,0,0
2297,24,5,299,15,261,590,160,16,1,2298,0,0,0,0,0,0,0,0,0,0,0,0,0,0,0,0,0,0,0,0,0,0,0,0,0,0,0,0
2297,1621,30,13,906,907,1622,322,1623,572,15,292,9,908,1624,43,1625,85,17,25,852,11,1,2298,0,0,0,0,0,0,0,0,0,0,0,0,0,0,0
2297,7,4,89,1626,8,122,11,2,17,6,22,2,1,2298,0,0,0,0,0,0,0,0,0,0,0,0,0,0,0,0,0,0,0,0,0,0,0,0
2297,909,8,186,20,33,14,5,563,31,55,154,4,16,1,2298,0,0,0,0,0,0,0,0,0,0,0,0,0,0,0,0,0,0,0,0,0,0,0
2297,910,142,8,206,2,1,2298,0,0,0,0,0,0,0,0,0,0,0,0,0,0,0,0,0,0,0,0,0,0,0,0,0,0,0,0,0,0,0
2297,911,912,4,5,7,913,3,157,34,338,1627,13,434,3,348,1,2298,0,0,0,0,0,0,0,0,0,0,0,0,0,0,0,0,0,0,0,0,0
2297,123,914,1628,3,289,2,101,15,1629,153,10,95,73,878,883,11,1,2298,0,0,0,0,0,0,0,0,0,0,0,0,0,0,0,0,0,0,0,0
2297,55,17,4,5,273,15,165,1630,6,915,916,63,2,1,2298,0,0,0,0,0,0,0,0,0,0,0,0,0,0,0,0,0,0,0,0,0,0,0
2297,1631,13,542,17,4,5,1632,1633,9,1634,3,525,71,397,1,2298,0,0,0,0,0,0,0,0,0,0,0,0,0,0,0,0,0,0,0,0,0,0
2297,7,222,12,208,280,112,1635,20,11,509,1,2298,0,0,0,0,0,0,0,0,0,0,0,0,0,0,0,0,0,0,0,0,0,0,0,0,0,0
2297,6,209,5,1636,16,1,2298,0,0,0,0,0,0,0,0,0,0,0,0,0,0,0,0,0,0,0,0,0,0,0,0,0,0,0,0,0,0,0
2297,7,4,5,47,3,1637,2,1638,6,1639,1,2298,0,0,0,0,0,0,0,0,0,0,0,0,0,0,0,0,0,0,0,0,0,0,0,0,0,0
2297,253,251,1640,5,13,1641,96,9,17,4,6,60,6,917,3,2,11,14,3,591,1642,173,2,13,29,592,19,435,18,11,36,2298,0,0,0,0,0,0
2297,1643,13,911,101,4,9,436,5,1644,44,50,899,28,437,94,4,5,435,664,3,665,1,2298,0,0,0,0,0,0,0,0,0,0,0,0,0,0,0
2297,7,4,5,82,10,918,19,181,919,1645,1646,3,99,37,11,13,1647,24,3,537,21,133,7,4,9,170,438,1648,170,59,1649,7,4,3,439,311,11,2298
2297,49,38,13,1650,1651,8,11,17,4,6,1652,192,13,1653,112,137,46,2298,0,0,0,0,0,0,0,0,0,0,0,0,0,0,0,0,0,0,0,0
2297,159,272,142,41,17,4,6,36,327,920,716,21,14,16,1,2298,0,0,0,0,0,0,0,0,0,0,0,0,0,0,0,0,0,0,0,0,0,0
2297,191,115,101,15,124,1654,8,122,1,2298,0,0,0,0,0,0,0,0,0,0,0,0,0,0,0,0,0,0,0,0,0,0,0,0,0,0,0,0
2297,1655,9,54,227,4,5,306,860,775,9,1656,15,921,8,76,391,6,18,20,11,22,2,1,2298,0,0,0,0,0,0,0,0,0,0,0,0,0,0
2297,421,57,143,1657,59,69,53,2298,0,0,0,0,0,0,0,0,0,0,0,0,0,0,0,0,0,0,0,0,0,0,0,0,0,0,0,0,0,0
2297,583,26,12,662,10,312,1658,593,1,2298,0,0,0,0,0,0,0,0,0,0,0,0,0,0,0,0,0,0,0,0,0,0,0,0,0,0,0,0
2297,7,4,5,54,102,53,2298,0,0,0,0,0,0,0,0,0,0,0,0,0,0,0,0,0,0,0,0,0,0,0,0,0,0,0,0,0,0,0
2297,7,124,5,1659,543,8,11,1,2298,0,0,0,0,0,0,0,0,0,0,0,0,0,0,0,0,0,0,0,0,0,0,0,0,0,0,0,0,0
2297,118,15,1660,2,27,13,431,5,26,25,7,43,198,1661,10,1662,37,2,1,2298,0,0,0,0,0,0,0,0,0,0,0,0,0,0,0,0,0,0
2297,55,17,4,5,1663,13,823,315,914,922,10,103,11,126,11,1,2298,0,0,0,0,0,0,0,0,0,0,0,0,0,0,0,0,0,0,0,0,0
2297,7,12,457,923,44,50,134,10,99,37,51,241,164,35,6,26,38,268,3,36,81,102,1664,39,594,7,428,9,345,924,50,431,1665,59,2298,0,0,0
2297,925,285,926,7,47,5,1666,279,10,119,14,16,1,2298,0,0,0,0,0,0,0,0,0,0,0,0,0,0,0,0,0,0,0,0,0,0,0,0
2297,7,185,15,595,927,32,15,783,82,10,1667,46,2,77,2,1,2298,0,0,0,0,0,0,0,0,0,0,0,0,0,0,0,0,0,0,0,0,0
2297,928,173,18,1668,13,1669,236,52,13,64,929,6,72,9,236,930,3,1670,56,11,1,2298,0,0,0,0,0,0,0,0,0,0,0,0,0,0,0,0
2297,24,4,5,1671,22,412,53,2298,0,0,0,0,0,0,0,0,0,0,0,0,0,0,0,0,0,0,0,0,0,0,0,0,0,0,0,0,0,0
2297,49,65,15,291,2,2,14,5,931,202,38,328,932,14,593,46,2298,0,0,0,0,0,0,0,0,0,0,0,0,0,0,0,0,0,0,0,0,0
2297,367,1,1672,178,9,55,307,1673,1674,10,399,307,782,9,196,70,1675,196,2298,0,0,0,0,0,0,0,0,0,0,0,0,0,0,0,0,0,0,0
2297,32,403,5,124,8,11,1,2298,0,0,0,0,0,0,0,0,0,0,0,0,0,0,0,0,0,0,0,0,0,0,0,0,0,0,0,0,0,0
2297,789,91,11,7,1676,12,17,4,3,1677,76,933,237,28,265,14,934,46,39,77,2,1,2298,0,0,0,0,0,0,0,0,0,0,0,0,0,0,0
2297,29,17,4,6,325,19,552,368,10,596,11,1,2298,0,0,0,0,0,0,0,0,0,0,0,0,0,0,0,0,0,0,0,0,0,0,0,0,0
2297,170,17,4,5,413,15,306,7,4,25,597,43,1678,3,272,340,1679,142,2,63,2,1,2298,0,0,0,0,0,0,0,0,0,0,0,0,0,0,0
2297,67,12,213,106,8,1680,3,45,11,1,2298,0,0,0,0,0,0,0,0,0,0,0,0,0,0,0,0,0,0,0,0,0,0,0,0,0,0,0
2297,378,12,67,9,329,3,1681,71,7,131,495,329,3,59,935,598,28,420,14,40,935,44,6,33,1,2298,0,0,0,0,0,0,0,0,0,0,0,0
2297,362,55,17,4,5,362,55,77,3,2,14,16,1,2298,0,0,0,0,0,0,0,0,0,0,0,0,0,0,0,0,0,0,0,0,0,0,0,0
2297,7,4,5,936,8,937,44,50,77,3,2,7,8,1682,435,217,34,42,1,2298,0,0,0,0,0,0,0,0,0,0,0,0,0,0,0,0,0,0
2297,49,255,652,3,63,56,11,127,98,46,55,650,651,15,77,2,1,2298,0,0,0,0,0,0,0,0,0,0,0,0,0,0,0,0,0,0,0,0
2297,938,1683,41,413,491,15,11,1,2298,0,0,0,0,0,0,0,0,0,0,0,0,0,0,0,0,0,0,0,0,0,0,0,0,0,0,0,0,0
2297,58,117,461,11,1684,3,2,1685,12,1686,9,271,1687,1688,16,1,2298,0,0,0,0,0,0,0,0,0,0,0,0,0,0,0,0,0,0,0,0,0
2297,1689,4,5,1690,28,939,3,109,375,4,5,1691,43,1692,1693,3,100,1,2298,0,0,0,0,0,0,0,0,0,0,0,0,0,0,0,0,0,0,0
2297,599,51,440,5,7,4,31,505,84,13,7,101,75,4,5,206,2,84,21,1,824,599,51,440,5,7,101,2298,0,0,0,0,0,0,0,0,0,0
2297,23,111,13,102,214,39,77,56,13,7,12,1694,940,10,104,1695,600,86,2,1,2298,0,0,0,0,0,0,0,0,0,0,0,0,0,0,0,0,0
2297,941,61,29,748,19,7,9,942,6,943,116,479,3,69,1,2298,0,0,0,0,0,0,0,0,0,0,0,0,0,0,0,0,0,0,0,0,0,0
2297,7,101,12,814,3,215,22,2,1,2298,0,0,0,0,0,0,0,0,0,0,0,0,0,0,0,0,0,0,0,0,0,0,0,0,0,0,0,0
2297,111,10,45,13,23,101,23,61,23,17,23,30,944,14,169,13,23,1696,4,23,5,23,1697,4,23,6,18,14,16,1,2298,0,0,0,0,0,0,0
2297,171,160,28,29,888,1698,80,60,4,9,945,3,946,57,76,601,10,52,34,42,1,2298,0,0,0,0,0,0,0,0,0,0,0,0,0,0,0,0
2297,188,191,15,18,13,96,9,17,4,5,141,1699,9,564,10,346,2,1700,189,9,1701,10,103,1,2298,0,0,0,0,0,0,0,0,0,0,0,0,0
2297,452,637,5,54,232,40,52,2,21,13,85,6,4,6,7,135,10,108,34,42,1,2298,0,0,0,0,0,0,0,0,0,0,0,0,0,0,0,0
2297,1702,929,5,262,335,813,363,155,37,11,1703,900,25,293,110,9,525,134,16,1,2298,0,0,0,0,0,0,0,0,0,0,0,0,0,0,0,0,0
2297,58,947,5,130,10,108,2,173,2,13,1704,6,22,2,14,3,87,194,3,20,33,1,2298,0,0,0,0,0,0,0,0,0,0,0,0,0,0,0
2297,941,61,7,9,942,19,1705,9,948,427,42,1,2298,0,0,0,0,0,0,0,0,0,0,0,0,0,0,0,0,0,0,0,0,0,0,0,0,0
2297,102,7,68,5,296,9,123,1706,593,1,2298,0,0,0,0,0,0,0,0,0,0,0,0,0,0,0,0,0,0,0,0,0,0,0,0,0,0,0
2297,167,602,41,1707,949,166,487,1708,1709,904,8,1710,905,1711,3,949,2,14,166,6,73,1712,18,14,16,1,179,10,281,2,35,5,2298,0,0,0,0,0
2297,603,70,26,12,950,246,10,2,822,319,1,1713,165,604,1,203,330,1,2298,0,0,0,0,0,0,0,0,0,0,0,0,0,0,0,0,0,0,0
2297,229,3,764,57,35,9,210,8,605,3,1714,14,3,508,2,376,1,2298,0,0,0,0,0,0,0,0,0,0,0,0,0,0,0,0,0,0,0,0
2297,90,7,4,5,252,89,41,1715,875,8,93,143,223,217,56,13,951,920,1716,3,580,28,1717,397,241,91,18,14,30,780,1,2298,0,0,0,0,0,0
2297,49,26,12,7,10,57,47,3,2,11,1,2298,0,0,0,0,0,0,0,0,0,0,0,0,0,0,0,0,0,0,0,0,0,0,0,0,0,0
2297,242,5,952,36,1718,44,30,48,11,13,249,8,594,43,602,1719,9,309,4,6,7,4,9,1720,3,953,2,21,13,32,9,242,5,28,2298,0,0,0
2297,23,54,343,136,175,8,129,17,6,199,1,2298,0,0,0,0,0,0,0,0,0,0,0,0,0,0,0,0,0,0,0,0,0,0,0,0,0,0
2297,430,13,7,555,954,5,406,4,6,277,28,306,1721,2,256,15,33,92,31,684,3,1722,2,20,11,14,16,1,2298,0,0,0,0,0,0,0,0,0
2297,441,955,428,8,776,2,1723,806,61,113,8,441,504,3,490,556,14,3,102,1,2298,0,0,0,0,0,0,0,0,0,0,0,0,0,0,0,0,0
2297,121,68,794,51,1724,6,1725,8,437,1726,7,4,5,1727,15,1728,255,14,3,102,1,2298,0,0,0,0,0,0,0,0,0,0,0,0,0,0,0,0
2297,23,930,6,840,2,1729,10,95,631,3,274,33,46,39,1730,331,50,1731,1732,61,22,2,1,2298,0,0,0,0,0,0,0,0,0,0,0,0,0,0
2297,317,16,53,2298,0,0,0,0,0,0,0,0,0,0,0,0,0,0,0,0,0,0,0,0,0,0,0,0,0,0,0,0,0,0,0,0,0,0
2297,442,27,301,10,239,62,8,7,9,1733,944,1,2298,0,0,0,0,0,0,0,0,0,0,0,0,0,0,0,0,0,0,0,0,0,0,0,0,0
2297,220,15,68,27,17,4,5,1734,3,144,606,21,1,2298,0,0,0,0,0,0,0,0,0,0,0,0,0,0,0,0,0,0,0,0,0,0,0,0
2297,272,104,318,6,363,13,753,61,23,1735,46,39,77,2,1,2298,0,0,0,0,0,0,0,0,0,0,0,0,0,0,0,0,0,0,0,0,0,0
2297,32,12,423,10,38,312,126,11,956,2,312,126,11,1,2298,0,0,0,0,0,0,0,0,0,0,0,0,0,0,0,0,0,0,0,0,0,0,0
2297,1736,121,68,1737,8,7,12,485,107,3,416,1,2298,0,0,0,0,0,0,0,0,0,0,0,0,0,0,0,0,0,0,0,0,0,0,0,0,0
2297,189,13,607,13,350,13,22,13,1738,13,443,43,66,1739,15,81,83,7,4,3,1740,830,533,318,250,13,197,4,5,7,4,313,15,107,3,416,506,2298
2297,32,12,90,948,957,382,1741,4,3,836,14,16,1,2298,0,0,0,0,0,0,0,0,0,0,0,0,0,0,0,0,0,0,0,0,0,0,0,0
2297,1742,2,358,6,588,785,22,2,1,23,444,257,13,608,1743,257,3,1744,183,1745,958,238,136,2298,0,0,0,0,0,0,0,0,0,0,0,0,0,0
2297,6,14,6,181,1746,1747,766,1748,1749,59,193,4,25,1750,4,9,954,3,1751,2,69,60,6,59,606,959,37,960,2,160,16,1,2298,0,0,0,0,0
2297,961,209,31,85,252,10,578,2,14,16,1,2298,0,0,0,0,0,0,0,0,0,0,0,0,0,0,0,0,0,0,0,0,0,0,0,0,0,0
2297,1752,341,12,7,609,83,332,659,2,1,2298,0,0,0,0,0,0,0,0,0,0,0,0,0,0,0,0,0,0,0,0,0,0,0,0,0,0,0
2297,255,75,4,3,1753,84,21,46,39,22,2,1,2298,0,0,0,0,0,0,0,0,0,0,0,0,0,0,0,0,0,0,0,0,0,0,0,0,0
2297,7,4,5,877,227,43,197,4,6,7,4,9,1754,3,962,78,97,3,963,10,964,2,1,2298,0,0,0,0,0,0,0,0,0,0,0,0,0,0
2297,64,148,7,12,231,13,741,13,266,13,443,9,589,10,871,918,8,24,3,1755,965,1,2298,0,0,0,0,0,0,0,0,0,0,0,0,0,0,0
2297,966,9,730,731,15,157,18,445,1756,12,1757,8,1758,967,176,1,2298,0,0,0,0,0,0,0,0,0,0,0,0,0,0,0,0,0,0,0,0,0
2297,47,1759,80,939,1760,1761,2,57,302,610,128,1762,610,3,281,34,42,1,2298,0,0,0,0,0,0,0,0,0,0,0,0,0,0,0,0,0,0,0
2297,968,65,1763,6,1764,969,1765,226,133,2298,0,0,0,0,0,0,0,0,0,0,0,0,0,0,0,0,0,0,0,0,0,0,0,0,0,0,0,0
2297,893,70,102,1,2298,0,0,0,0,0,0,0,0,0,0,0,0,0,0,0,0,0,0,0,0,0,0,0,0,0,0,0,0,0,0,0,0,0
2297,253,970,5,648,971,29,75,4,6,1766,14,3,972,15,18,14,973,290,63,2,1,2298,0,0,0,0,0,0,0,0,0,0,0,0,0,0,0,0
2297,64,1767,191,315,7,714,8,191,152,1768,9,564,15,215,86,34,42,1,2298,0,0,0,0,0,0,0,0,0,0,0,0,0,0,0,0,0,0,0
2297,1769,5,22,4,701,106,34,347,16,1,2298,0,0,0,0,0,0,0,0,0,0,0,0,0,0,0,0,0,0,0,0,0,0,0,0,0,0,0
2297,158,29,17,4,6,297,8,777,1770,2,20,11,1,120,7,4,5,410,7,4,6,218,54,339,44,974,1771,44,511,1772,1773,2298,0,0,0,0,0,0
2297,374,223,98,446,35,6,388,8,1774,10,975,924,10,2,13,156,21,27,38,401,8,324,873,15,36,254,1,2298,0,0,0,0,0,0,0,0,0,0
2297,64,148,444,257,5,1775,28,437,147,4,25,588,959,37,22,2,1,2298,0,0,0,0,0,0,0,0,0,0,0,0,0,0,0,0,0,0,0,0
2297,365,19,1776,27,13,35,5,151,11,181,7,611,139,3,151,20,11,176,1,2298,0,0,0,0,0,0,0,0,0,0,0,0,0,0,0,0,0,0
2297,207,5,90,976,9,1777,184,2,300,3,196,78,126,11,1,2298,0,0,0,0,0,0,0,0,0,0,0,0,0,0,0,0,0,0,0,0,0,0
2297,64,225,4,6,6,219,4,3,109,207,5,225,9,210,30,314,1,2298,0,0,0,0,0,0,0,0,0,0,0,0,0,0,0,0,0,0,0,0
2297,612,12,1778,2,116,8,1779,15,256,33,1,2298,0,0,0,0,0,0,0,0,0,0,0,0,0,0,0,0,0,0,0,0,0,0,0,0,0,0
2297,977,12,613,447,8,163,3,109,614,1780,8,118,10,610,2,1781,2,1,7,12,614,1782,8,118,8,333,2,1,2298,0,0,0,0,0,0,0,0,0
2297,1783,61,1784,361,81,62,8,246,10,2,20,33,1,2298,0,0,0,0,0,0,0,0,0,0,0,0,0,0,0,0,0,0,0,0,0,0,0,0
2297,978,5,1785,8,294,246,10,2,173,2,1,2298,0,0,0,0,0,0,0,0,0,0,0,0,0,0,0,0,0,0,0,0,0,0,0,0,0,0
2297,251,9,54,1786,10,1787,2,14,550,422,2,14,5,88,72,9,121,592,1788,762,11,979,16,1,2298,0,0,0,0,0,0,0,0,0,0,0,0,0
2297,304,22,2,13,7,4,5,130,10,328,74,268,3,578,2,253,1789,4,3,1790,2,1,2298,0,0,0,0,0,0,0,0,0,0,0,0,0,0,0
2297,26,12,7,79,15,980,1791,1,2298,0,0,0,0,0,0,0,0,0,0,0,0,0,0,0,0,0,0,0,0,0,0,0,0,0,0,0,0,0
2297,72,408,247,9,227,4,6,404,89,8,483,6,52,18,14,3,1792,57,772,30,59,1,2298,0,0,0,0,0,0,0,0,0,0,0,0,0,0,0
2297,398,510,387,12,6,242,8,981,7,54,224,9,387,38,1793,36,1794,20,11,1,2298,0,0,0,0,0,0,0,0,0,0,0,0,0,0,0,0,0
2297,111,10,45,113,19,1795,30,277,31,1796,18,179,1797,8,122,14,6,85,17,25,982,14,5,98,1,2298,0,0,0,0,0,0,0,0,0,0,0,0
2297,7,12,802,9,1798,8,93,886,144,384,21,1,2298,0,0,0,0,0,0,0,0,0,0,0,0,0,0,0,0,0,0,0,0,0,0,0,0,0
2297,7,4,5,678,679,365,3,1799,12,21,1,2298,0,0,0,0,0,0,0,0,0,0,0,0,0,0,0,0,0,0,0,0,0,0,0,0,0,0
2297,229,6,414,160,12,158,225,9,213,15,379,216,1800,739,2,27,729,414,62,16,1,2298,0,0,0,0,0,0,0,0,0,0,0,0,0,0,0,0
2297,49,104,14,6,1801,757,16,46,39,342,212,15,819,2,1,2298,0,0,0,0,0,0,0,0,0,0,0,0,0,0,0,0,0,0,0,0,0,0
2297,7,12,114,1802,153,4,3,151,114,14,4,3,74,243,2,1,2298,0,0,0,0,0,0,0,0,0,0,0,0,0,0,0,0,0,0,0,0,0
2297,1803,207,6,1804,8,314,1805,30,245,21,1,2298,0,0,0,0,0,0,0,0,0,0,0,0,0,0,0,0,0,0,0,0,0,0,0,0,0,0
2297,120,7,9,573,12,7,25,1806,8,59,159,530,9,139,3,1807,39,2,1,2298,0,0,0,0,0,0,0,0,0,0,0,0,0,0,0,0,0,0
2297,55,1808,2,221,5,983,13,984,13,130,10,22,2,737,4,3,81,108,2,20,11,1,2298,0,0,0,0,0,0,0,0,0,0,0,0,0,0,0
2297,985,44,30,94,4,5,36,327,47,3,172,258,496,3,71,20,33,48,1,2298,0,0,0,0,0,0,0,0,0,0,0,0,0,0,0,0,0,0
2297,7,462,17,4,5,1809,7,248,8,105,986,10,1810,1,2298,0,0,0,0,0,0,0,0,0,0,0,0,0,0,0,0,0,0,0,0,0,0,0
2297,141,177,313,117,125,445,12,1811,16,1,2298,0,0,0,0,0,0,0,0,0,0,0,0,0,0,0,0,0,0,0,0,0,0,0,0,0,0,0
2297,487,561,4,5,60,4,9,615,331,4,9,960,8,95,560,4,25,60,6,7,1812,8,117,982,17,1813,3,1814,78,243,2,1,2298,0,0,0,0,0
2297,585,8,32,12,29,849,4,3,38,1,2298,0,0,0,0,0,0,0,0,0,0,0,0,0,0,0,0,0,0,0,0,0,0,0,0,0,0,0
2297,987,4,5,494,15,162,1815,143,962,34,14,3,1816,2,1,2298,0,0,0,0,0,0,0,0,0,0,0,0,0,0,0,0,0,0,0,0,0,0
2297,7,462,7,4,5,1817,616,3,183,116,570,617,9,231,6,36,988,1,2298,0,0,0,0,0,0,0,0,0,0,0,0,0,0,0,0,0,0,0
2297,1818,989,252,28,1819,10,119,84,1,2298,0,0,0,0,0,0,0,0,0,0,0,0,0,0,0,0,0,0,0,0,0,0,0,0,0,0,0,0
2297,7,209,5,354,19,1820,447,153,16,1,2298,0,0,0,0,0,0,0,0,0,0,0,0,0,0,0,0,0,0,0,0,0,0,0,0,0,0,0
2297,7,154,5,73,1821,48,11,208,2,1822,6,391,1823,1824,381,245,1,2298,0,0,0,0,0,0,0,0,0,0,0,0,0,0,0,0,0,0,0,0
2297,190,1825,145,3,2,958,238,136,2298,0,0,0,0,0,0,0,0,0,0,0,0,0,0,0,0,0,0,0,0,0,0,0,0,0,0,0,0,0
2297,55,6,4,40,865,42,921,3,528,137,1,2298,0,0,0,0,0,0,0,0,0,0,0,0,0,0,0,0,0,0,0,0,0,0,0,0,0,0
2297,121,68,463,50,1826,1827,990,6,55,191,115,463,4,31,198,649,8,289,1,2298,0,0,0,0,0,0,0,0,0,0,0,0,0,0,0,0,0,0
2297,32,12,124,30,1828,3,59,13,552,368,41,1829,1830,3,312,14,16,1,2298,0,0,0,0,0,0,0,0,0,0,0,0,0,0,0,0,0,0,0
2297,174,526,502,5,501,1831,3,589,2,57,1832,18,14,16,1,2298,0,0,0,0,0,0,0,0,0,0,0,0,0,0,0,0,0,0,0,0,0,0
2297,36,123,134,12,17,4,6,165,29,236,3,1833,14,16,1,2298,0,0,0,0,0,0,0,0,0,0,0,0,0,0,0,0,0,0,0,0,0,0
2297,360,28,13,991,618,992,1834,3,405,759,993,1835,8,1836,2,20,11,1,2298,0,0,0,0,0,0,0,0,0,0,0,0,0,0,0,0,0,0,0
2297,809,994,1837,31,614,910,8,415,18,14,16,1,2298,0,0,0,0,0,0,0,0,0,0,0,0,0,0,0,0,0,0,0,0,0,0,0,0,0
2297,234,80,302,529,15,117,461,11,1838,237,89,110,16,1,2298,0,0,0,0,0,0,0,0,0,0,0,0,0,0,0,0,0,0,0,0,0,0,0
2297,146,31,26,12,149,1839,8,134,15,11,1,2298,0,0,0,0,0,0,0,0,0,0,0,0,0,0,0,0,0,0,0,0,0,0,0,0,0,0
2297,35,5,54,438,3,995,295,13,114,438,3,150,2,1840,10,103,11,1,2298,0,0,0,0,0,0,0,0,0,0,0,0,0,0,0,0,0,0,0
2297,138,6,996,53,2298,0,0,0,0,0,0,0,0,0,0,0,0,0,0,0,0,0,0,0,0,0,0,0,0,0,0,0,0,0,0,0,0,0
2297,882,997,3,384,1,2298,0,0,0,0,0,0,0,0,0,0,0,0,0,0,0,0,0,0,0,0,0,0,0,0,0,0,0,0,0,0,0,0
2297,7,12,1841,10,52,2,13,577,947,6,957,19,245,1842,78,1,2298,0,0,0,0,0,0,0,0,0,0,0,0,0,0,0,0,0,0,0,0,0
2297,120,26,12,868,3,998,1843,999,1844,295,1,2298,0,0,0,0,0,0,0,0,0,0,0,0,0,0,0,0,0,0,0,0,0,0,0,0,0,0
2297,558,70,7,12,1000,31,419,10,1001,37,24,4,31,198,1845,3,1846,1000,3,390,514,311,1,64,419,10,1001,37,1847,419,10,514,311,607,10,2298,0,0
2297,415,92,5,1848,12,1849,447,31,613,1850,1,2298,0,0,0,0,0,0,0,0,0,0,0,0,0,0,0,0,0,0,0,0,0,0,0,0,0,0
2297,7,12,177,10,57,1851,3,1852,1,2298,0,0,0,0,0,0,0,0,0,0,0,0,0,0,0,0,0,0,0,0,0,0,0,0,0,0,0,0
2297,7,4,5,617,512,8,235,2,86,2,13,575,1853,3,65,476,1,2298,0,0,0,0,0,0,0,0,0,0,0,0,0,0,0,0,0,0,0,0
2297,1854,315,1855,278,356,13,7,209,9,616,1856,1857,8,1858,697,352,15,11,1859,57,383,10,286,1,2298,0,0,0,0,0,0,0,0,0,0,0,0,0
2297,7,9,1860,12,435,2,1002,1,2298,0,0,0,0,0,0,0,0,0,0,0,0,0,0,0,0,0,0,0,0,0,0,0,0,0,0,0,0,0
2297,7,12,1861,106,8,208,10,110,417,24,3,434,1862,28,211,1003,1,2298,0,0,0,0,0,0,0,0,0,0,0,0,0,0,0,0,0,0,0,0
2297,619,339,41,1863,3,106,34,969,15,33,1,2298,0,0,0,0,0,0,0,0,0,0,0,0,0,0,0,0,0,0,0,0,0,0,0,0,0,0
2297,58,410,101,42,1864,319,2,1,2298,0,0,0,0,0,0,0,0,0,0,0,0,0,0,0,0,0,0,0,0,0,0,0,0,0,0,0,0,0
2297,620,12,7,10,81,554,97,3,87,37,11,1,2298,0,0,0,0,0,0,0,0,0,0,0,0,0,0,0,0,0,0,0,0,0,0,0,0,0
2297,522,12,690,1004,169,744,12,1865,1004,16,1,2298,0,0,0,0,0,0,0,0,0,0,0,0,0,0,0,0,0,0,0,0,0,0,0,0,0,0
2297,426,12,7,4,3,1866,56,11,1,2298,0,0,0,0,0,0,0,0,0,0,0,0,0,0,0,0,0,0,0,0,0,0,0,0,0,0,0,0
2297,372,1005,427,15,48,14,16,133,2298,0,0,0,0,0,0,0,0,0,0,0,0,0,0,0,0,0,0,0,0,0,0,0,0,0,0,0,0,0
2297,1867,9,1868,13,1869,13,259,19,51,1870,13,602,8,105,1871,13,64,32,233,322,1872,196,15,1873,10,1874,2,1,2298,0,0,0,0,0,0,0,0,0
2297,1875,279,771,1876,61,798,22,2,1,49,201,303,2,18,1877,118,496,3,71,259,3,891,1006,10,1878,2,20,11,2298,0,0,0,0,0,0,0,0,0
2297,320,40,248,3,95,14,6,290,22,2,20,12,33,1,2298,0,0,0,0,0,0,0,0,0,0,0,0,0,0,0,0,0,0,0,0,0,0,0
2297,366,30,1879,18,945,6,35,9,113,161,937,1880,18,14,16,1,2298,0,0,0,0,0,0,0,0,0,0,0,0,0,0,0,0,0,0,0,0,0
2297,440,5,1007,803,10,218,1,2298,0,0,0,0,0,0,0,0,0,0,0,0,0,0,0,0,0,0,0,0,0,0,0,0,0,0,0,0,0,0
2297,430,35,5,35,9,1881,10,1008,1882,343,84,21,1,2298,0,0,0,0,0,0,0,0,0,0,0,0,0,0,0,0,0,0,0,0,0,0,0,0
2297,7,12,7,9,584,436,28,17,4,25,81,981,48,1,2298,0,0,0,0,0,0,0,0,0,0,0,0,0,0,0,0,0,0,0,0,0,0,0
2297,114,466,34,17,1883,85,14,4,6,79,513,1884,2,137,1,2298,0,0,0,0,0,0,0,0,0,0,0,0,0,0,0,0,0,0,0,0,0,0
2297,1885,5,72,15,304,827,14,3,135,2,1,2298,0,0,0,0,0,0,0,0,0,0,0,0,0,0,0,0,0,0,0,0,0,0,0,0,0,0
2297,24,5,897,1886,3,1887,78,13,7,4,6,158,9,118,10,36,81,108,2,330,1,2298,0,0,0,0,0,0,0,0,0,0,0,0,0,0,0,0
2297,7,12,54,2,2,53,2298,0,0,0,0,0,0,0,0,0,0,0,0,0,0,0,0,0,0,0,0,0,0,0,0,0,0,0,0,0,0,0
2297,1888,10,1009,1889,2,2,971,795,10,103,18,1,2298,0,0,0,0,0,0,0,0,0,0,0,0,0,0,0,0,0,0,0,0,0,0,0,0,0
2297,2,20,33,324,87,14,16,1,2298,0,0,0,0,0,0,0,0,0,0,0,0,0,0,0,0,0,0,0,0,0,0,0,0,0,0,0,0,0
2297,35,6,1890,1010,44,50,438,3,99,37,11,13,24,3,975,1891,20,11,1,2298,0,0,0,0,0,0,0,0,0,0,0,0,0,0,0,0,0,0
2297,612,10,289,443,9,1892,15,810,19,749,11,1,2298,0,0,0,0,0,0,0,0,0,0,0,0,0,0,0,0,0,0,0,0,0,0,0,0,0
2297,7,12,306,332,47,2,1,2298,0,0,0,0,0,0,0,0,0,0,0,0,0,0,0,0,0,0,0,0,0,0,0,0,0,0,0,0,0,0
2297,309,4,5,140,36,327,1893,485,976,4,28,211,1894,1895,209,8,93,241,1896,21,53,2298,0,0,0,0,0,0,0,0,0,0,0,0,0,0,0,0
2297,26,12,420,40,915,239,21,1011,1,2298,0,0,0,0,0,0,0,0,0,0,0,0,0,0,0,0,0,0,0,0,0,0,0,0,0,0,0,0
2297,7,4,5,326,6,182,584,565,39,22,2,1,2298,0,0,0,0,0,0,0,0,0,0,0,0,0,0,0,0,0,0,0,0,0,0,0,0,0
2297,228,13,1897,15,117,125,14,16,1,2298,0,0,0,0,0,0,0,0,0,0,0,0,0,0,0,0,0,0,0,0,0,0,0,0,0,0,0,0
2297,65,15,1898,8,1899,2,555,160,12,268,6,546,10,2,73,254,62,16,1,2298,0,0,0,0,0,0,0,0,0,0,0,0,0,0,0,0,0,0
2297,29,938,19,17,4,5,1900,8,1901,3,109,13,375,4,5,81,1902,989,3,100,1,2298,0,0,0,0,0,0,0,0,0,0,0,0,0,0,0,0
2297,58,619,107,4,5,1012,1903,590,14,6,98,1,2298,0,0,0,0,0,0,0,0,0,0,0,0,0,0,0,0,0,0,0,0,0,0,0,0,0
2297,111,10,45,13,54,17,4,5,478,217,10,2,21,17,3,1904,21,63,2,1,2298,0,0,0,0,0,0,0,0,0,0,0,0,0,0,0,0,0
2297,141,152,480,5,231,3,576,14,3,1013,2,1,2298,0,0,0,0,0,0,0,0,0,0,0,0,0,0,0,0,0,0,0,0,0,0,0,0,0
2297,273,43,66,114,680,6,310,27,12,1905,24,8,389,34,923,3,656,78,2,256,15,11,1,2298,0,0,0,0,0,0,0,0,0,0,0,0,0,0
2297,7,12,180,1906,9,1907,19,7,114,237,10,2,1908,8,367,1909,885,30,855,2,1,2298,0,0,0,0,0,0,0,0,0,0,0,0,0,0,0,0
2297,407,6,597,8,132,13,597,15,1910,6,310,1,2298,0,0,0,0,0,0,0,0,0,0,0,0,0,0,0,0,0,0,0,0,0,0,0,0,0
2297,54,240,4,5,1911,601,10,1912,318,250,1913,219,4,230,60,3,1014,2,1,2298,0,0,0,0,0,0,0,0,0,0,0,0,0,0,0,0,0,0
2297,58,13,1914,1915,40,91,48,500,285,8,389,34,114,763,15,1916,48,1,2298,0,0,0,0,0,0,0,0,0,0,0,0,0,0,0,0,0,0,0
2297,175,8,129,2,17,6,621,347,3,95,468,13,82,1917,8,122,11,1918,45,1015,10,38,1,2298,0,0,0,0,0,0,0,0,0,0,0,0,0,0
2297,320,1919,60,6,596,259,3,103,11,17,5,182,622,6,76,63,2,1,2298,0,0,0,0,0,0,0,0,0,0,0,0,0,0,0,0,0,0,0
2297,519,12,7,10,354,8,11,663,19,740,14,16,1,2298,0,0,0,0,0,0,0,0,0,0,0,0,0,0,0,0,0,0,0,0,0,0,0,0
2297,1920,19,26,12,1921,601,12,32,25,618,617,9,482,30,334,2,14,3,1922,2,1,2298,0,0,0,0,0,0,0,0,0,0,0,0,0,0,0,0
2297,67,12,936,2,913,1923,10,100,1,2298,0,0,0,0,0,0,0,0,0,0,0,0,0,0,0,0,0,0,0,0,0,0,0,0,0,0,0,0
2297,111,10,45,13,423,170,1924,1925,1926,170,31,170,1927,170,9,1928,1929,10,119,116,52,18,1930,1931,345,6,1932,382,912,4,25,2298,0,0,0,0,0,0
2297,931,623,3,226,587,250,623,3,74,20,11,1,2298,0,0,0,0,0,0,0,0,0,0,0,0,0,0,0,0,0,0,0,0,0,0,0,0,0
2297,140,13,326,1016,12,74,14,3,100,1,2298,0,0,0,0,0,0,0,0,0,0,0,0,0,0,0,0,0,0,0,0,0,0,0,0,0,0,0
2297,221,6,130,13,983,13,984,10,398,81,87,37,11,14,3,22,1933,1,2298,0,0,0,0,0,0,0,0,0,0,0,0,0,0,0,0,0,0,0
2297,6,4,331,4,5,1934,9,560,4,6,100,615,10,119,457,1,2298,0,0,0,0,0,0,0,0,0,0,0,0,0,0,0,0,0,0,0,0,0
2297,1935,61,426,15,245,540,83,8,67,9,1936,3,1937,2,62,8,246,10,2,20,33,1,2298,0,0,0,0,0,0,0,0,0,0,0,0,0,0,0
2297,620,12,595,118,8,132,2,201,194,6,11,1,2298,0,0,0,0,0,0,0,0,0,0,0,0,0,0,0,0,0,0,0,0,0,0,0,0,0
2297,24,5,262,580,10,86,2,27,362,15,1938,606,330,1,2298,0,0,0,0,0,0,0,0,0,0,0,0,0,0,0,0,0,0,0,0,0,0,0
2297,26,12,32,15,150,34,82,10,295,927,67,15,168,498,7,82,10,1939,1,2298,0,0,0,0,0,0,0,0,0,0,0,0,0,0,0,0,0,0
2297,29,92,6,294,577,7,4,5,1940,535,8,333,2,1,2298,0,0,0,0,0,0,0,0,0,0,0,0,0,0,0,0,0,0,0,0,0,0,0
2297,60,6,203,36,364,14,3,157,2,14,16,1,2298,0,0,0,0,0,0,0,0,0,0,0,0,0,0,0,0,0,0,0,0,0,0,0,0,0
2297,993,1,1941,19,1942,1943,26,134,70,342,212,8,105,1944,511,3,1945,2,14,16,1,2298,0,0,0,0,0,0,0,0,0,0,0,0,0,0,0,0
2297,49,206,22,2,768,1,2298,0,0,0,0,0,0,0,0,0,0,0,0,0,0,0,0,0,0,0,0,0,0,0,0,0,0,0,0,0,0,0
2297,49,980,189,214,431,5,1946,1,2298,0,0,0,0,0,0,0,0,0,0,0,0,0,0,0,0,0,0,0,0,0,0,0,0,0,0,0,0,0
2297,23,24,40,1947,1948,238,1,2298,0,0,0,0,0,0,0,0,0,0,0,0,0,0,0,0,0,0,0,0,0,0,0,0,0,0,0,0,0,0
2297,26,9,201,559,1949,61,367,859,42,1,2298,0,0,0,0,0,0,0,0,0,0,0,0,0,0,0,0,0,0,0,0,0,0,0,0,0,0,0
2297,64,148,26,12,283,9,2,185,15,45,11,82,10,38,48,49,24,23,5,1950,1951,82,16,1,2298,0,0,0,0,0,0,0,0,0,0,0,0,0
2297,6,14,6,961,14,3,1952,604,119,46,1953,4,89,2,358,6,22,2,1,2298,0,0,0,0,0,0,0,0,0,0,0,0,0,0,0,0,0,0
2297,120,32,12,1954,581,40,526,44,232,39,22,2,20,11,1,2298,0,0,0,0,0,0,0,0,0,0,0,0,0,0,0,0,0,0,0,0,0,0
2297,156,65,15,35,25,1017,1955,10,203,1956,42,46,2298,0,0,0,0,0,0,0,0,0,0,0,0,0,0,0,0,0,0,0,0,0,0,0,0,0
2297,545,41,146,6,251,10,38,298,10,165,1018,2,62,8,26,12,213,15,1008,1,2298,0,0,0,0,0,0,0,0,0,0,0,0,0,0,0,0,0
2297,26,12,113,8,994,770,8,59,723,143,139,3,200,1957,10,157,2,1,2298,0,0,0,0,0,0,0,0,0,0,0,0,0,0,0,0,0,0,0
2297,35,6,249,270,8,263,6,11,13,270,8,105,139,3,200,1,2298,0,0,0,0,0,0,0,0,0,0,0,0,0,0,0,0,0,0,0,0,0
2297,510,242,322,1019,5,54,732,80,1958,76,14,943,167,13,1020,52,18,73,843,44,6,18,20,11,1,2298,0,0,0,0,0,0,0,0,0,0,0,0
2297,1959,1960,1961,5,689,8,415,18,14,16,1,2298,0,0,0,0,0,0,0,0,0,0,0,0,0,0,0,0,0,0,0,0,0,0,0,0,0,0
2297,634,43,633,313,19,270,12,17,4,25,73,125,1,2298,0,0,0,0,0,0,0,0,0,0,0,0,0,0,0,0,0,0,0,0,0,0,0,0
2297,595,402,3,71,1,2298,0,0,0,0,0,0,0,0,0,0,0,0,0,0,0,0,0,0,0,0,0,0,0,0,0,0,0,0,0,0,0,0
2297,34,563,142,8,13,6,538,4,9,542,12,1962,698,48,1,2298,0,0,0,0,0,0,0,0,0,0,0,0,0,0,0,0,0,0,0,0,0,0
2297,111,10,45,13,746,97,5,147,4,25,135,10,108,2,27,161,1963,110,10,1964,2,45,14,3,1965,34,42,1,2298,0,0,0,0,0,0,0,0,0
2297,1021,3,1022,14,5,7,9,259,16,1,2298,0,0,0,0,0,0,0,0,0,0,0,0,0,0,0,0,0,0,0,0,0,0,0,0,0,0,0
2297,7,4,5,583,163,361,590,14,16,1,2298,0,0,0,0,0,0,0,0,0,0,0,0,0,0,0,0,0,0,0,0,0,0,0,0,0,0,0
2297,64,148,193,12,643,9,287,30,59,13,7,15,1018,1966,1967,14,3,38,1,23,51,13,6,324,1968,1969,30,286,18,1,2298,0,0,0,0,0,0,0
2297,985,1970,19,17,4,6,7,9,436,3,1971,1972,51,1,2298,0,0,0,0,0,0,0,0,0,0,0,0,0,0,0,0,0,0,0,0,0,0,0
2297,111,10,45,13,96,9,987,4,5,821,15,6,4,55,1973,382,129,162,291,2,14,16,1,2298,0,0,0,0,0,0,0,0,0,0,0,0,0,0
2297,73,29,240,4,6,60,3,1014,2,1974,26,605,13,1975,1976,3,99,37,11,1,2298,0,0,0,0,0,0,0,0,0,0,0,0,0,0,0,0,0
2297,90,745,5,7,68,83,150,2,21,791,47,126,11,1,2298,0,0,0,0,0,0,0,0,0,0,0,0,0,0,0,0,0,0,0,0,0,0,0
2297,978,61,65,559,16,1,2298,0,0,0,0,0,0,0,0,0,0,0,0,0,0,0,0,0,0,0,0,0,0,0,0,0,0,0,0,0,0,0
2297,23,446,156,13,35,5,7,4,25,1977,6,209,3,579,22,2,14,6,76,14,934,214,39,7,761,6,475,2,1,2298,0,0,0,0,0,0,0,0
2297,1978,967,21,17,4,5,23,349,1979,23,10,1980,1981,3,7,154,8,183,84,2,14,16,1,2298,0,0,0,0,0,0,0,0,0,0,0,0,0,0
2297,1982,1983,1984,33,1,2298,0,0,0,0,0,0,0,0,0,0,0,0,0,0,0,0,0,0,0,0,0,0,0,0,0,0,0,0,0,0,0,0
2297,140,32,12,1985,503,10,57,332,47,56,11,1,2298,0,0,0,0,0,0,0,0,0,0,0,0,0,0,0,0,0,0,0,0,0,0,0,0,0
2297,837,4,8,187,13,24,5,553,1986,31,581,869,308,19,422,2,14,38,275,36,1987,135,10,1988,1,2298,0,0,0,0,0,0,0,0,0,0,0,0
2297,7,12,307,4,9,717,3,108,2,116,765,3,1989,1,2298,0,0,0,0,0,0,0,0,0,0,0,0,0,0,0,0,0,0,0,0,0,0,0
2297,585,41,23,208,1990,1991,23,1992,10,74,84,520,356,879,1,2298,0,0,0,0,0,0,0,0,0,0,0,0,0,0,0,0,0,0,0,0,0,0
2297,26,12,67,25,608,369,15,579,199,1,2298,0,0,0,0,0,0,0,0,0,0,0,0,0,0,0,0,0,0,0,0,0,0,0,0,0,0,0
2297,444,257,5,36,327,465,274,33,13,1993,3,998,1994,132,1,2298,0,0,0,0,0,0,0,0,0,0,0,0,0,0,0,0,0,0,0,0,0,0
2297,1995,50,75,4,5,149,1996,6,996,1010,44,50,1997,355,3,103,18,1,2298,0,0,0,0,0,0,0,0,0,0,0,0,0,0,0,0,0,0,0
2297,64,90,55,29,14,4,3,2,20,11,1,2298,0,0,0,0,0,0,0,0,0,0,0,0,0,0,0,0,0,0,0,0,0,0,0,0,0,0
2297,26,9,1998,12,334,2,14,16,1,2298,0,0,0,0,0,0,0,0,0,0,0,0,0,0,0,0,0,0,0,0,0,0,0,0,0,0,0,0
2297,7,12,1999,184,9,2000,8,93,447,83,624,2,1,2298,0,0,0,0,0,0,0,0,0,0,0,0,0,0,0,0,0,0,0,0,0,0,0,0
2297,64,244,54,17,4,5,2001,922,10,99,37,11,1,2298,0,0,0,0,0,0,0,0,0,0,0,0,0,0,0,0,0,0,0,0,0,0,0,0
2297,180,70,2002,19,24,3,682,53,2298,0,0,0,0,0,0,0,0,0,0,0,0,0,0,0,0,0,0,0,0,0,0,0,0,0,0,0,0,0
2297,35,5,175,19,129,14,3,100,13,621,19,129,14,3,100,53,2298,0,0,0,0,0,0,0,0,0,0,0,0,0,0,0,0,0,0,0,0,0
2297,180,4,31,26,12,616,83,8,2003,2004,8,334,2,14,16,1,2298,0,0,0,0,0,0,0,0,0,0,0,0,0,0,0,0,0,0,0,0,0
2297,24,738,290,1023,16,1,2298,0,0,0,0,0,0,0,0,0,0,0,0,0,0,0,0,0,0,0,0,0,0,0,0,0,0,0,0,0,0,0
2297,2005,210,3,103,84,85,17,4,5,429,3,81,109,2,256,15,11,1,2298,0,0,0,0,0,0,0,0,0,0,0,0,0,0,0,0,0,0,0
2297,141,17,6,2006,91,8,122,11,1,2298,0,0,0,0,0,0,0,0,0,0,0,0,0,0,0,0,0,0,0,0,0,0,0,0,0,0,0,0
2297,54,235,4,5,208,2007,3,2008,14,2009,286,571,4,3,305,1,2298,0,0,0,0,0,0,0,0,0,0,0,0,0,0,0,0,0,0,0,0,0
2297,24,5,2010,16,1,2298,0,0,0,0,0,0,0,0,0,0,0,0,0,0,0,0,0,0,0,0,0,0,0,0,0,0,0,0,0,0,0,0
2297,2011,9,573,70,65,15,850,27,223,2012,101,4,5,951,681,283,8,99,21,1,2298,0,0,0,0,0,0,0,0,0,0,0,0,0,0,0,0,0
2297,220,12,149,591,91,2013,40,2,1,2298,0,0,0,0,0,0,0,0,0,0,0,0,0,0,0,0,0,0,0,0,0,0,0,0,0,0,0,0
2297,7,4,5,7,9,22,8,687,10,688,13,492,10,2014,21,1,2298,0,0,0,0,0,0,0,0,0,0,0,0,0,0,0,0,0,0,0,0,0
2297,49,441,2015,163,8,104,9,113,8,333,172,2016,1024,2,46,2298,0,0,0,0,0,0,0,0,0,0,0,0,0,0,0,0,0,0,0,0,0,0
2297,111,10,45,13,7,4,5,2017,15,2018,247,3,2019,2,2,126,11,2020,2021,6,144,2022,119,126,11,1,2298,0,0,0,0,0,0,0,0,0,0,0
2297,407,6,32,210,178,8,132,13,2023,401,6,45,18,1,2298,0,0,0,0,0,0,0,0,0,0,0,0,0,0,0,0,0,0,0,0,0,0,0
2297,23,622,6,76,13,156,136,2298,0,0,0,0,0,0,0,0,0,0,0,0,0,0,0,0,0,0,0,0,0,0,0,0,0,0,0,0,0,0
2297,26,12,79,10,417,69,1011,1,2298,0,0,0,0,0,0,0,0,0,0,0,0,0,0,0,0,0,0,0,0,0,0,0,0,0,0,0,0,0
2297,24,5,29,385,17,4,25,833,15,11,1,2298,0,0,0,0,0,0,0,0,0,0,0,0,0,0,0,0,0,0,0,0,0,0,0,0,0,0
2297,149,2024,14,2025,134,10,611,2,2026,9,611,139,6,98,344,15,11,1,2298,0,0,0,0,0,0,0,0,0,0,0,0,0,0,0,0,0,0,0
2297,22,2,14,3,74,623,3,74,14,31,66,1,2298,0,0,0,0,0,0,0,0,0,0,0,0,0,0,0,0,0,0,0,0,0,0,0,0,0
2297,159,115,75,4,6,32,4,2027,8,11,1,2298,0,0,0,0,0,0,0,0,0,0,0,0,0,0,0,0,0,0,0,0,0,0,0,0,0,0
2297,446,7,15,442,27,301,10,239,21,13,544,7,12,565,15,18,21,14,16,1,2298,0,0,0,0,0,0,0,0,0,0,0,0,0,0,0,0,0
2297,359,532,566,2,14,6,117,29,884,3,59,69,1,2298,0,0,0,0,0,0,0,0,0,0,0,0,0,0,0,0,0,0,0,0,0,0,0,0
2297,23,168,15,2028,50,2029,2030,3,103,11,13,2031,6,2032,11,1,2298,0,0,0,0,0,0,0,0,0,0,0,0,0,0,0,0,0,0,0,0,0
2297,167,2033,12,206,2034,21,1,2298,0,0,0,0,0,0,0,0,0,0,0,0,0,0,0,0,0,0,0,0,0,0,0,0,0,0,0,0,0,0
2297,2,185,15,92,3,87,37,84,539,10,103,21,1,2298,0,0,0,0,0,0,0,0,0,0,0,0,0,0,0,0,0,0,0,0,0,0,0,0
2297,32,12,373,183,1,2298,0,0,0,0,0,0,0,0,0,0,0,0,0,0,0,0,0,0,0,0,0,0,0,0,0,0,0,0,0,0,0,0
2297,7,990,5,244,2,131,3,78,378,25,329,3,103,69,2,1,2298,0,0,0,0,0,0,0,0,0,0,0,0,0,0,0,0,0,0,0,0,0
2297,527,9,2035,15,2036,2,88,880,6,24,8,93,143,87,127,18,1,2298,0,0,0,0,0,0,0,0,0,0,0,0,0,0,0,0,0,0,0,0
2297,1025,4,6,743,10,261,2,13,24,5,1025,4,6,790,10,867,116,29,92,3,397,256,15,33,14,3,135,2,1,2298,0,0,0,0,0,0,0,0
2297,24,5,297,2037,2038,925,548,926,276,484,1,2298,0,0,0,0,0,0,0,0,0,0,0,0,0,0,0,0,0,0,0,0,0,0,0,0,0,0
2297,326,5,442,27,301,10,239,625,3,2039,2,1,2298,0,0,0,0,0,0,0,0,0,0,0,0,0,0,0,0,0,0,0,0,0,0,0,0,0
2297,2040,5,396,2041,10,103,11,158,575,854,128,401,19,186,20,11,14,31,874,7,205,3,797,1,2298,0,0,0,0,0,0,0,0,0,0,0,0,0
2297,32,313,15,67,10,432,84,67,15,501,118,28,437,458,11,67,25,88,933,1,2298,0,0,0,0,0,0,0,0,0,0,0,0,0,0,0,0,0
2297,121,68,599,51,440,6,124,8,59,1,2298,0,0,0,0,0,0,0,0,0,0,0,0,0,0,0,0,0,0,0,0,0,0,0,0,0,0,0
2297,7,1026,41,233,6,73,2042,44,16,62,8,17,4,5,1027,24,8,2043,377,2044,2,1,2298,0,0,0,0,0,0,0,0,0,0,0,0,0,0,0
2297,2045,792,524,3,582,2,57,143,13,890,4,5,2046,1024,172,258,55,17,4,3,2047,2,14,31,66,184,3,793,2,274,33,1,2298,0,0,0,0,0
2297,2048,10,2049,172,258,2050,8,93,2051,10,825,2,21,14,5,2052,16,1,2298,0,0,0,0,0,0,0,0,0,0,0,0,0,0,0,0,0,0,0
2297,202,9,970,128,2053,10,399,2,27,12,2054,226,1028,1,2298,0,0,0,0,0,0,0,0,0,0,0,0,0,0,0,0,0,0,0,0,0,0,0
2297,65,15,710,8,122,11,27,13,1007,79,2,557,15,551,3,2055,68,534,314,1,2298,0,0,0,0,0,0,0,0,0,0,0,0,0,0,0,0,0
2297,909,92,83,733,2056,4,5,109,516,536,10,2057,20,33,1,2298,0,0,0,0,0,0,0,0,0,0,0,0,0,0,0,0,0,0,0,0,0,0
2297,58,2058,15,265,14,3,104,40,2059,42,1,2298,0,0,0,0,0,0,0,0,0,0,0,0,0,0,0,0,0,0,0,0,0,0,0,0,0,0
2297,330,2060,1,2298,0,0,0,0,0,0,0,0,0,0,0,0,0,0,0,0,0,0,0,0,0,0,0,0,0,0,0,0,0,0,0,0,0,0
2297,54,75,4,25,881,6,2061,21,228,706,41,928,173,18,14,6,33,1,2298,0,0,0,0,0,0,0,0,0,0,0,0,0,0,0,0,0,0,0
2297,426,12,149,49,2062,13,202,12,2063,2064,131,2065,214,39,2066,2,1,2298,0,0,0,0,0,0,0,0,0,0,0,0,0,0,0,0,0,0,0,0
2297,67,12,49,369,15,34,92,88,8,956,59,1,2298,0,0,0,0,0,0,0,0,0,0,0,0,0,0,0,0,0,0,0,0,0,0,0,0,0
2297,65,15,23,2067,2068,23,8,59,472,2069,522,10,38,1,2298,0,0,0,0,0,0,0,0,0,0,0,0,0,0,0,0,0,0,0,0,0,0,0
2297,17,4,5,24,3,2070,38,2071,2072,88,784,24,6,398,2073,39,467,14,16,1,2298,0,0,0,0,0,0,0,0,0,0,0,0,0,0,0,0,0
2297,325,8,242,9,29,2074,3,2075,51,7,9,113,30,192,621,654,3,150,34,2,101,9,217,15,11,1,2298,0,0,0,0,0,0,0,0,0,0,0
2297,24,5,244,781,6,265,1,2298,0,0,0,0,0,0,0,0,0,0,0,0,0,0,0,0,0,0,0,0,0,0,0,0,0,0,0,0,0,0
2297,58,26,12,952,2076,14,3,102,1,562,13,65,15,536,10,847,537,2077,13,26,12,36,328,932,20,11,1,2298,0,0,0,0,0,0,0,0,0,0
2297,549,32,12,267,112,241,2078,702,357,9,2079,3,186,20,11,1,2298,0,0,0,0,0,0,0,0,0,0,0,0,0,0,0,0,0,0,0,0,0
2297,2080,9,248,3,95,21,17,4,5,320,857,2081,30,586,18,1,2298,0,0,0,0,0,0,0,0,0,0,0,0,0,0,0,0,0,0,0,0,0
2297,612,12,90,955,2,254,138,6,2082,45,1,2298,0,0,0,0,0,0,0,0,0,0,0,0,0,0,0,0,0,0,0,0,0,0,0,0,0,0
2297,35,5,372,6,14,6,360,28,36,29,229,3,645,2,14,276,63,2,14,16,1,2298,0,0,0,0,0,0,0,0,0,0,0,0,0,0,0,0
2297,111,10,45,2083,2084,4,5,752,2085,174,3,335,582,2,57,82,28,18,642,2086,3,2087,2,1,2298,0,0,0,0,0,0,0,0,0,0,0,0,0
2297,7,423,12,337,661,693,2088,321,6,54,305,11,1,2298,0,0,0,0,0,0,0,0,0,0,0,0,0,0,0,0,0,0,0,0,0,0,0,0
2297,288,12,424,8,433,2,11,1,2298,0,0,0,0,0,0,0,0,0,0,0,0,0,0,0,0,0,0,0,0,0,0,0,0,0,0,0,0,0
2297,2089,15,2090,1029,8,162,27,7,9,403,5,2091,8,11,2,428,8,138,3,2092,2,7,9,210,3,392,78,1017,392,2093,8,2094,2,2298,0,0,0,0
2297,7,75,12,280,112,129,1,2298,0,0,0,0,0,0,0,0,0,0,0,0,0,0,0,0,0,0,0,0,0,0,0,0,0,0,0,0,0,0
2297,470,2095,2096,147,4,5,73,2097,11,1,2298,0,0,0,0,0,0,0,0,0,0,0,0,0,0,0,0,0,0,0,0,0,0,0,0,0,0,0
2297,2098,12,336,10,2099,56,26,12,832,488,846,2,1,2298,0,0,0,0,0,0,0,0,0,0,0,0,0,0,0,0,0,0,0,0,0,0,0,0
2297,1005,3,820,311,27,7,12,2100,2101,10,1013,2,1,2298,0,0,0,0,0,0,0,0,0,0,0,0,0,0,0,0,0,0,0,0,0,0,0,0
2297,395,5,90,2102,3,566,56,754,17,4,3,629,14,31,66,1030,184,3,2,1031,2103,2,1,2298,0,0,0,0,0,0,0,0,0,0,0,0,0,0
2297,326,1016,12,131,16,27,13,709,3,81,200,173,2,1,2298,0,0,0,0,0,0,0,0,0,0,0,0,0,0,0,0,0,0,0,0,0,0,0
2297,49,259,6,145,2104,340,136,39,7,12,199,1,2298,0,0,0,0,0,0,0,0,0,0,0,0,0,0,0,0,0,0,0,0,0,0,0,0,0
2297,587,2105,133,2106,2107,133,2298,0,0,0,0,0,0,0,0,0,0,0,0,0,0,0,0,0,0,0,0,0,0,0,0,0,0,0,0,0,0,0
2297,171,2108,6,2109,549,41,13,7,4,5,20,503,83,7,4,3,439,51,2110,230,2111,18,20,11,14,16,1,2298,0,0,0,0,0,0,0,0,0,0
2297,2112,175,1032,233,6,2113,9,2114,16,2115,2116,2117,9,815,351,62,8,655,4,5,895,18,968,903,3,2118,18,2298,0,0,0,0,0,0,0,0,0,0
2297,1033,51,1034,61,7,9,695,1035,8,2119,71,1,2298,0,0,0,0,0,0,0,0,0,0,0,0,0,0,0,0,0,0,0,0,0,0,0,0,0
2297,269,26,12,2120,10,2121,49,517,42,735,46,39,298,10,518,1,2298,0,0,0,0,0,0,0,0,0,0,0,0,0,0,0,0,0,0,0,0,0
2297,7,4,5,626,10,2122,28,829,626,15,2,2123,2,1,2298,0,0,0,0,0,0,0,0,0,0,0,0,0,0,0,0,0,0,0,0,0,0,0
2297,567,9,175,4,19,379,115,17,4,6,452,299,28,162,239,1,2298,0,0,0,0,0,0,0,0,0,0,0,0,0,0,0,0,0,0,0,0,0
2297,2124,2125,2126,303,460,9,1036,721,627,20,11,2127,40,988,1,303,460,9,6,1036,6,181,96,9,2128,43,2129,6,2130,2,609,6,2298,0,0,0,0,0
2297,96,9,177,19,193,4,6,101,2131,38,2132,10,36,100,14,5,2133,1,2298,0,0,0,0,0,0,0,0,0,0,0,0,0,0,0,0,0,0,0
2297,2134,2135,442,9,147,4,5,804,3,547,456,97,6,11,1,2298,0,0,0,0,0,0,0,0,0,0,0,0,0,0,0,0,0,0,0,0,0,0
2297,405,1015,4,31,2136,2137,4,5,991,9,618,992,247,3,2138,844,2139,2140,668,2,1,2298,0,0,0,0,0,0,0,0,0,0,0,0,0,0,0,0
2297,221,5,215,198,917,3,2,20,11,1,2298,0,0,0,0,0,0,0,0,0,0,0,0,0,0,0,0,0,0,0,0,0,0,0,0,0,0,0
2297,140,7,4,5,7,237,973,79,513,986,11,205,3,151,2,1,2298,0,0,0,0,0,0,0,0,0,0,0,0,0,0,0,0,0,0,0,0,0
2297,325,41,408,99,160,15,11,1,2298,0,0,0,0,0,0,0,0,0,0,0,0,0,0,0,0,0,0,0,0,0,0,0,0,0,0,0,0,0
2297,104,12,2141,628,427,15,18,84,1,2298,0,0,0,0,0,0,0,0,0,0,0,0,0,0,0,0,0,0,0,0,0,0,0,0,0,0,0,0
2297,1029,2142,8,342,212,43,26,12,635,8,333,2,1,2298,0,0,0,0,0,0,0,0,0,0,0,0,0,0,0,0,0,0,0,0,0,0,0,0
2297,207,5,225,8,187,323,117,916,646,89,9,110,16,1,2298,0,0,0,0,0,0,0,0,0,0,0,0,0,0,0,0,0,0,0,0,0,0,0
2297,413,383,8,105,997,6,2143,73,2144,1,2298,0,0,0,0,0,0,0,0,0,0,0,0,0,0,0,0,0,0,0,0,0,0,0,0,0,0,0
2297,167,75,4,6,193,230,7,4,6,256,28,2,263,3,71,18,13,7,4,5,1012,528,109,18,2145,6,204,127,18,1,2298,0,0,0,0,0,0,0
2297,977,70,76,13,2146,13,26,203,40,43,204,2147,53,2298,0,0,0,0,0,0,0,0,0,0,0,0,0,0,0,0,0,0,0,0,0,0,0,0
2297,2148,51,712,5,469,19,940,12,89,16,1,2298,0,0,0,0,0,0,0,0,0,0,0,0,0,0,0,0,0,0,0,0,0,0,0,0,0,0
2297,7,278,5,35,6,6,2149,4,3,71,69,458,1,2298,0,0,0,0,0,0,0,0,0,0,0,0,0,0,0,0,0,0,0,0,0,0,0,0
2297,23,156,176,46,394,6,22,2,1,23,167,36,125,14,5,123,434,3,574,411,556,14,6,2150,46,2298,0,0,0,0,0,0,0,0,0,0,0,0
2297,156,420,40,421,100,21,788,2298,0,0,0,0,0,0,0,0,0,0,0,0,0,0,0,0,0,0,0,0,0,0,0,0,0,0,0,0,0,0
2297,269,35,6,2151,11,83,35,9,2152,44,50,864,6,6,264,8,93,63,56,35,5,135,11,107,3,2153,639,176,1,2298,0,0,0,0,0,0,0,0
2297,1033,51,1034,61,2154,8,329,3,2155,1035,19,2156,25,329,3,69,1,2298,0,0,0,0,0,0,0,0,0,0,0,0,0,0,0,0,0,0,0,0
2297,58,13,29,197,4,5,2157,15,2158,2159,8,433,2,432,56,11,1,2298,0,0,0,0,0,0,0,0,0,0,0,0,0,0,0,0,0,0,0,0
2297,58,249,8,607,8,389,34,107,3,416,622,6,33,14,16,1,2298,0,0,0,0,0,0,0,0,0,0,0,0,0,0,0,0,0,0,0,0,0
2297,58,7,4,6,38,316,152,14,6,17,6,258,974,828,6,2160,7,4,5,6,14,3,7,4,9,626,39,63,3,2,14,16,1,2298,0,0,0,0
2297,146,70,65,486,9,2161,10,151,11,89,16,1,68,203,330,133,2162,12,68,896,20,11,1,2298,0,0,0,0,0,0,0,0,0,0,0,0,0,0
2297,390,19,7,4,5,22,2,14,3,74,1,2298,0,0,0,0,0,0,0,0,0,0,0,0,0,0,0,0,0,0,0,0,0,0,0,0,0,0
2297,145,703,13,7,400,876,12,2163,17,4,374,223,98,750,40,424,8,433,2,2,62,8,1037,21,1,2298,0,0,0,0,0,0,0,0,0,0,0,0
2297,120,2164,908,9,29,17,4,6,2165,3,2166,906,907,30,2167,11,1,2298,0,0,0,0,0,0,0,0,0,0,0,0,0,0,0,0,0,0,0,0
2297,2168,4,31,179,331,4,5,6,1038,47,14,66,21,1038,10,57,2169,327,332,243,2,51,1,2298,0,0,0,0,0,0,0,0,0,0,0,0,0,0
2297,316,152,28,32,12,334,3,106,34,85,2170,10,2171,2,1,2298,0,0,0,0,0,0,0,0,0,0,0,0,0,0,0,0,0,0,0,0,0,0
2297,255,29,138,3,2172,20,11,964,2,1,2298,0,0,0,0,0,0,0,0,0,0,0,0,0,0,0,0,0,0,0,0,0,0,0,0,0,0,0
2297,364,677,3,63,34,17,4,5,393,44,50,344,38,159,278,574,365,6,45,1,2298,0,0,0,0,0,0,0,0,0,0,0,0,0,0,0,0,0
2297,562,13,372,36,125,13,35,6,7,190,8,145,3,186,14,550,10,2173,422,2,53,2298,0,0,0,0,0,0,0,0,0,0,0,0,0,0,0,0
2297,296,2174,5,129,1039,2175,3,2,18,14,16,1,2298,0,0,0,0,0,0,0,0,0,0,0,0,0,0,0,0,0,0,0,0,0,0,0,0,0
2297,7,349,12,360,28,568,154,6,2176,18,148,288,223,34,2177,28,2178,14,16,1,2298,0,0,0,0,0,0,0,0,0,0,0,0,0,0,0,0,0
2297,111,13,325,8,11,1,2298,0,0,0,0,0,0,0,0,0,0,0,0,0,0,0,0,0,0,0,0,0,0,0,0,0,0,0,0,0,0,0
2297,292,80,386,1040,4,9,301,110,10,82,8,204,28,439,417,14,30,7,4,3,2179,1,2298,0,0,0,0,0,0,0,0,0,0,0,0,0,0,0
2297,2180,9,94,4,5,2181,10,870,348,11,1,2298,0,0,0,0,0,0,0,0,0,0,0,0,0,0,0,0,0,0,0,0,0,0,0,0,0,0
2297,26,12,2182,627,153,15,414,27,161,282,1,2298,0,0,0,0,0,0,0,0,0,0,0,0,0,0,0,0,0,0,0,0,0,0,0,0,0,0
2297,253,107,4,5,2183,453,15,215,2,20,11,1,2298,0,0,0,0,0,0,0,0,0,0,0,0,0,0,0,0,0,0,0,0,0,0,0,0,0
2297,142,41,164,2184,131,195,6,2185,164,2186,222,195,51,66,2187,2188,4,3,193,13,2189,13,64,257,4,230,71,18,1,2298,0,0,0,0,0,0,0,0
2297,104,12,628,43,2190,10,100,628,10,36,100,1,2298,0,0,0,0,0,0,0,0,0,0,0,0,0,0,0,0,0,0,0,0,0,0,0,0,0
2297,2191,5,79,321,3,135,2,1,2298,0,0,0,0,0,0,0,0,0,0,0,0,0,0,0,0,0,0,0,0,0,0,0,0,0,0,0,0,0
2297,35,5,2192,8,2193,14,16,1,2298,0,0,0,0,0,0,0,0,0,0,0,0,0,0,0,0,0,0,0,0,0,0,0,0,0,0,0,0,0
2297,6,43,66,2194,2195,5,297,9,1019,6,103,110,9,2196,16,1,2298,0,0,0,0,0,0,0,0,0,0,0,0,0,0,0,0,0,0,0,0,0
2297,131,5,122,1,2298,0,0,0,0,0,0,0,0,0,0,0,0,0,0,0,0,0,0,0,0,0,0,0,0,0,0,0,0,0,0,0,0,0
2297,7,4,9,995,118,19,999,720,11,1,2298,0,0,0,0,0,0,0,0,0,0,0,0,0,0,0,0,0,0,0,0,0,0,0,0,0,0,0
2297,851,9,1041,43,7,1032,9,569,4,5,966,2197,9,2198,30,586,18,1,2298,0,0,0,0,0,0,0,0,0,0,0,0,0,0,0,0,0,0,0
2297,293,55,240,4,5,60,3,963,2199,119,1037,343,1,2298,0,0,0,0,0,0,0,0,0,0,0,0,0,0,0,0,0,0,0,0,0,0,0,0
2297,446,79,826,3,218,13,817,2200,10,2201,2,57,2202,15,35,9,210,3,2203,2,14,16,1,2298,0,0,0,0,0,0,0,0,0,0,0,0,0,0
2297,64,148,7,12,199,13,23,211,465,136,2298,0,0,0,0,0,0,0,0,0,0,0,0,0,0,0,0,0,0,0,0,0,0,0,0,0,0,0
2297,24,5,228,6,98,1,2298,0,0,0,0,0,0,0,0,0,0,0,0,0,0,0,0,0,0,0,0,0,0,0,0,0,0,0,0,0,0,0
2297,2204,625,2205,8,13,94,3,2206,2,307,4,5,96,9,834,2207,19,2208,48,51,1,2298,0,0,0,0,0,0,0,0,0,0,0,0,0,0,0,0
2297,58,197,4,5,1042,9,845,6,391,2209,381,91,8,225,8,187,323,20,11,2210,866,1,2298,0,0,0,0,0,0,0,0,0,0,0,0,0,0,0
2297,386,15,2211,10,109,207,5,7,386,9,210,8,132,1,2298,0,0,0,0,0,0,0,0,0,0,0,0,0,0,0,0,0,0,0,0,0,0,0
2297,26,12,7,185,15,7,82,10,45,7,2212,3,1043,14,3,2213,7,15,7,82,10,168,498,14,3,432,12,2214,65,2215,3,467,20,2298,0,0,0,0
2297,425,70,287,2216,10,2,11,1,2298,0,0,0,0,0,0,0,0,0,0,0,0,0,0,0,0,0,0,0,0,0,0,0,0,0,0,0,0,0
2297,512,887,279,12,2217,328,1002,2,1,2298,0,0,0,0,0,0,0,0,0,0,0,0,0,0,0,0,0,0,0,0,0,0,0,0,0,0,0,0
2297,2218,2219,576,2220,16,972,56,13,192,722,62,8,2221,2222,1,2298,0,0,0,0,0,0,0,0,0,0,0,0,0,0,0,0,0,0,0,0,0,0
2297,58,379,216,88,8,13,2223,4,5,605,3,52,2,229,3,713,97,3,953,2,1,2298,0,0,0,0,0,0,0,0,0,0,0,0,0,0,0,0
2297,2224,14,5,443,4,308,19,1023,16,1,2298,0,0,0,0,0,0,0,0,0,0,0,0,0,0,0,0,0,0,0,0,0,0,0,0,0,0,0
2297,35,5,619,107,4,3,57,1006,2,2,1,2298,0,0,0,0,0,0,0,0,0,0,0,0,0,0,0,0,0,0,0,0,0,0,0,0,0,0
2297,249,1044,15,778,112,155,127,18,13,1044,40,206,137,787,1,2298,0,0,0,0,0,0,0,0,0,0,0,0,0,0,0,0,0,0,0,0,0,0
2297,58,29,197,4,5,7,569,4,5,553,445,44,50,2225,169,13,1041,40,162,17,4,6,2226,18,81,323,434,2227,47,374,276,22,2,1,2298,0,0,0
2297,191,26,70,380,5,165,2228,1,202,9,130,2229,5,608,11,53,2298,0,0,0,0,0,0,0,0,0,0,0,0,0,0,0,0,0,0,0,0,0
2297,1040,4,112,32,40,32,60,3,60,9,630,30,439,1,2298,0,0,0,0,0,0,0,0,0,0,0,0,0,0,0,0,0,0,0,0,0,0,0
2297,221,5,26,25,604,950,134,10,2230,127,2,20,11,1,2298,0,0,0,0,0,0,0,0,0,0,0,0,0,0,0,0,0,0,0,0,0,0,0
2297,6,232,10,52,318,250,32,12,55,232,10,22,2,17,4,31,624,2,20,11,7,4,3,38,81,108,2,20,11,1,2298,0,0,0,0,0,0,0
2297,65,205,5,425,16,1,2298,0,0,0,0,0,0,0,0,0,0,0,0,0,0,0,0,0,0,0,0,0,0,0,0,0,0,0,0,0,0,0
2297,558,70,65,15,202,2231,113,8,59,254,1,2298,0,0,0,0,0,0,0,0,0,0,0,0,0,0,0,0,0,0,0,0,0,0,0,0,0,0
2297,2232,9,728,2233,279,12,2234,16,1,2298,0,0,0,0,0,0,0,0,0,0,0,0,0,0,0,0,0,0,0,0,0,0,0,0,0,0,0,0
2297,613,2235,8,441,504,34,358,6,333,2,1,2298,0,0,0,0,0,0,0,0,0,0,0,0,0,0,0,0,0,0,0,0,0,0,0,0,0,0
2297,244,2236,153,258,13,2237,172,258,13,2238,2,2,14,66,298,10,2239,40,2,1,2298,0,0,0,0,0,0,0,0,0,0,0,0,0,0,0,0,0
2297,388,41,2240,808,2241,6,7,349,154,9,1021,3,1022,1,2298,0,0,0,0,0,0,0,0,0,0,0,0,0,0,0,0,0,0,0,0,0,0,0
2297,64,531,245,835,10,946,86,2,1,2298,0,0,0,0,0,0,0,0,0,0,0,0,0,0,0,0,0,0,0,0,0,0,0,0,0,0,0,0
2297,7,12,280,4,6,7,283,8,1027,1043,14,3,102,1,2298,0,0,0,0,0,0,0,0,0,0,0,0,0,0,0,0,0,0,0,0,0,0,0
2297,145,6,1020,48,2242,2243,243,2,2,1,2298,0,0,0,0,0,0,0,0,0,0,0,0,0,0,0,0,0,0,0,0,0,0,0,0,0,0,0
2297,249,35,6,2244,44,50,647,28,9,2245,3,2246,12,1045,94,89,8,178,2,13,49,2247,23,892,205,3,2248,516,1,2298,0,0,0,0,0,0,0,0
2297,7,12,2249,436,3,2250,477,1,2298,0,0,0,0,0,0,0,0,0,0,0,0,0,0,0,0,0,0,0,0,0,0,0,0,0,0,0,0,0
2297,32,12,429,3,119,2251,2,14,3,100,1,2298,0,0,0,0,0,0,0,0,0,0,0,0,0,0,0,0,0,0,0,0,0,0,0,0,0,0
2297,7,1026,8,26,12,2252,6,627,164,2253,9,79,195,644,2254,139,3,151,11,1,2298,0,0,0,0,0,0,0,0,0,0,0,0,0,0,0,0,0
2297,7,12,2255,6,18,672,218,1,2298,0,0,0,0,0,0,0,0,0,0,0,0,0,0,0,0,0,0,0,0,0,0,0,0,0,0,0,0,0
2297,189,2,557,15,7,131,4,31,505,11,1,2298,0,0,0,0,0,0,0,0,0,0,0,0,0,0,0,0,0,0,0,0,0,0,0,0,0,0
2297,64,148,7,12,208,91,8,2256,10,965,1,861,24,5,2257,4,308,9,497,3,211,1003,1,2298,0,0,0,0,0,0,0,0,0,0,0,0,0,0
2297,395,5,2258,10,2259,56,174,8,105,2260,3,399,1031,28,371,1,2298,0,0,0,0,0,0,0,0,0,0,0,0,0,0,0,0,0,0,0,0,0
2297,35,6,1046,2261,19,404,3,71,18,592,2,376,1,2298,0,0,0,0,0,0,0,0,0,0,0,0,0,0,0,0,0,0,0,0,0,0,0,0
2297,818,2,979,3,841,1028,1,2298,0,0,0,0,0,0,0,0,0,0,0,0,0,0,0,0,0,0,0,0,0,0,0,0,0,0,0,0,0,0
2297,405,2262,27,862,375,4,5,551,8,454,3,2263,1,2298,0,0,0,0,0,0,0,0,0,0,0,0,0,0,0,0,0,0,0,0,0,0,0,0
2297,567,259,9,2264,10,1045,115,94,6,902,56,11,1,2298,0,0,0,0,0,0,0,0,0,0,0,0,0,0,0,0,0,0,0,0,0,0,0,0
2297,594,28,2265,2266,355,19,707,2,2267,4,5,96,2268,4,16,1,2298,0,0,0,0,0,0,0,0,0,0,0,0,0,0,0,0,0,0,0,0,0
2297,244,67,12,2269,10,2,57,113,30,600,40,2,180,4,31,198,2270,19,517,3,2271,40,2,1,2298,0,0,0,0,0,0,0,0,0,0,0,0,0
2297,2,394,6,7,9,2272,4,25,92,2273,8,93,624,56,11,1,2298,0,0,0,0,0,0,0,0,0,0,0,0,0,0,0,0,0,0,0,0,0
2297,2274,3,281,2,17,40,11,1,2298,0,0,0,0,0,0,0,0,0,0,0,0,0,0,0,0,0,0,0,0,0,0,0,0,0,0,0,0,0
2297,54,27,12,24,4,3,919,2,1,2298,0,0,0,0,0,0,0,0,0,0,0,0,0,0,0,0,0,0,0,0,0,0,0,0,0,0,0,0
2297,603,70,801,13,425,1,26,603,319,1,202,337,2275,2,11,53,2298,0,0,0,0,0,0,0,0,0,0,0,0,0,0,0,0,0,0,0,0,0
2297,7,9,194,6,118,8,132,27,13,620,12,7,75,25,200,286,97,3,554,786,28,2276,2,1,2298,0,0,0,0,0,0,0,0,0,0,0,0,0
2297,54,17,4,5,625,3,2,13,54,17,4,5,1039,128,124,66,373,209,3,151,600,10,596,1,2298,0,0,0,0,0,0,0,0,0,0,0,0,0
2297,253,228,3,87,37,11,62,8,13,96,9,561,4,5,7,4,3,40,43,204,615,331,4,3,2277,34,42,1,2298,0,0,0,0,0,0,0,0,0
2297,96,9,529,2278,302,12,527,19,812,18,1,2298,0,0,0,0,0,0,0,0,0,0,0,0,0,0,0,0,0,0,0,0,0,0,0,0,0,0
2297,334,5,872,1,2298,0,0,0,0,0,0,0,0,0,0,0,0,0,0,0,0,0,0,0,0,0,0,0,0,0,0,0,0,0,0,0,0,0
2297,171,47,9,598,28,94,5,811,9,901,381,531,2279,10,71,173,56,11,13,430,2280,2281,8,598,12,591,33,816,16,1,2298,0,0,0,0,0,0,0
2297,17,4,6,7,4,9,22,3,108,2,14,5,254,21,65,2282,6,43,26,12,7,4,9,22,3,108,2,20,11,1,2298,0,0,0,0,0,0,0
2297,2283,2284,13,2285,13,2286,10,52,2,429,3,109,14,6,2287,2288,28,371,1,2298,0,0,0,0,0,0,0,0,0,0,0,0,0,0,0,0,0,0
2297,541,1046,889,445,41,2289,115,1030,174,31,2,115,1047,174,6,11,7,1047,174,3,188,152,174,2290,2291,1,2298,0,0,0,0,0,0,0,0,0,0,0
2297,1042,9,97,5,726,609,3,2292,78,204,20,11,271,34,42,1,2298,0,0,0,0,0,0,0,0,0,0,0,0,0,0,0,0,0,0,0,0,0
2297,332,47,2,13,7,9,2293,5,328,2294,1,2298,0,0,0,0,0,0,0,0,0,0,0,0,0,0,0,0,0,0,0,0,0,0,0,0,0,0
2297,444,257,5,159,1048,3,1009,262,2,1048,19,842,2295,8,2296,310,1,2298,0,0,0,0,0,0,0,0,0,0,0,0,0,0,0,0,0,0,0,0
2297,26,12,380,163,299,255,14,3,38,1,2298,0,0,0,0,0,0,0,0,0,0,0,0,0,0,0,0,0,0,0,0,0,0,0,0,0,0,0
2297,7,12,7,4,25,22,2,1,2298,0,0,0,0,0,0,0,0,0,0,0,0,0,0,0,0,0,0,0,0,0,0,0,0,0,0,0,0,0
