사원번호,부서,성과등급,연봉,근속연수,교육참가횟수,만족도
E0001,Marketing,B,73200000,14.0,5,6.0
E0002,IR,A,95100000,3.0,4,9.0
E0003,Manager,B,44700000,5.0,2,8.0
E0004,IR,B,122100000,16.0,3,8.0
E0005,IR,C,66000000,,4,8.0
E0006,HR,B,148600000,4.0,6,
E0007,Manager,C,54100000,2.0,1,8.0
E0008,Manager,B,85200000,18.0,1,6.0
E0009,Manager,B,134400000,19.0,3,2.0
E0010,IR,B,41900000,19.0,2,2.0
E0011,Marketing,C,110900000,17.0,4,8.0
E0012,Manager,C,70500000,14.0,2,1.0
E0013,Finance,A,46100000,19.0,1,6.0
E0014,IR,C,144700000,13.0,2,6.0
E0015,HR,C,149600000,12.0,1,4.0
E0016,Marketing,C,76200000,6.0,2,3.0
E0017,Finance,C,50500000,4.0,3,3.0
E0018,Finance,A,93300000,19.0,5,1.0
E0019,HR,C,63200000,16.0,3,3.0
E0020,Marketing,B,143500000,13.0,3,4.0
E0021,IR,B,129500000,4.0,5,5.0
E0022,Sales,C,41900000,17.0,5,3.0
E0023,Marketing,C,81600000,1.0,4,
E0024,HR,B,125100000,18.0,4,5.0
E0025,Finance,B,88200000,20.0,3,3.0
E0026,IR,A,65900000,17.0,3,6.0
E0027,Marketing,B,145300000,15.0,1,6.0
E0028,Sales,B,148700000,11.0,1,8.0
E0029,Sales,C,121700000,13.0,4,2.0
E0030,Manager,B,91700000,1.0,6,1.0
E0031,Manager,A,142900000,17.0,6,4.0
E0032,HR,B,47700000,6.0,4,
E0033,Marketing,C,81600000,4.0,1,3.0
E0034,Marketing,C,92100000,20.0,1,
E0035,Finance,B,109000000,16.0,6,5.0
E0036,Finance,C,72900000,15.0,2,5.0
E0037,Finance,A,147900000,15.0,2,3.0
E0038,Manager,A,117000000,6.0,1,9.0
E0039,Marketing,B,145300000,,2,4.0
E0040,Marketing,B,139900000,,5,3.0
E0041,Sales,B,76100000,11.0,4,
E0042,Manager,C,81400000,7.0,4,9.0
E0043,IR,A,142800000,9.0,1,4.0
E0044,Manager,A,50700000,16.0,3,3.0
E0045,IR,C,122600000,5.0,6,7.0
E0046,Sales,A,56100000,20.0,1,8.0
E0047,HR,B,49300000,10.0,2,2.0
E0048,Marketing,B,111200000,18.0,6,7.0
E0049,Sales,B,116100000,3.0,3,5.0
E0050,Marketing,A,121100000,13.0,2,
E0051,Finance,B,60800000,11.0,5,3.0
E0052,HR,C,78000000,17.0,2,5.0
E0053,HR,C,91700000,13.0,5,2.0
E0054,Sales,A,139900000,6.0,6,4.0
E0055,HR,C,100100000,17.0,5,6.0
E0056,IR,C,109400000,13.0,6,1.0
E0057,HR,A,149700000,19.0,6,4.0
E0058,Marketing,B,44700000,19.0,6,6.0
E0059,Marketing,B,67900000,10.0,6,9.0
E0060,Marketing,B,128100000,3.0,6,
E0061,Marketing,A,116900000,14.0,2,
E0062,IR,C,93400000,19.0,6,6.0
E0063,Manager,B,57000000,5.0,2,2.0
E0064,Finance,B,90200000,5.0,6,8.0
E0065,Sales,A,106400000,20.0,5,
E0066,Marketing,B,140400000,17.0,6,5.0
E0067,HR,A,51100000,10.0,3,5.0
E0068,Marketing,C,66200000,5.0,6,7.0
E0069,HR,A,106100000,4.0,6,9.0
E0070,Finance,A,139400000,6.0,5,9.0
E0071,Finance,A,77900000,4.0,4,9.0
E0072,Finance,A,68100000,7.0,5,6.0
E0073,HR,C,140900000,7.0,3,
E0074,Marketing,C,101600000,18.0,4,3.0
E0075,Finance,B,113100000,3.0,1,1.0
E0076,IR,C,68200000,1.0,1,7.0
E0077,HR,C,51900000,4.0,3,4.0
E0078,HR,B,74800000,6.0,5,1.0
E0079,Marketing,C,140600000,9.0,2,8.0
E0080,HR,A,72300000,14.0,3,6.0
E0081,HR,A,120700000,12.0,4,6.0
E0082,Finance,B,51300000,20.0,4,2.0
E0083,Marketing,B,94100000,4.0,6,
E0084,Finance,B,146200000,,1,2.0
E0085,Finance,A,69100000,10.0,4,4.0
E0086,Marketing,C,85600000,,3,2.0
E0087,Sales,A,68400000,3.0,4,1.0
E0088,Finance,B,141000000,14.0,3,7.0
E0089,IR,C,55600000,10.0,2,8.0
E0090,IR,C,73500000,16.0,6,6.0
E0091,HR,A,103600000,16.0,1,4.0
E0092,IR,B,112600000,10.0,4,6.0
E0093,HR,A,106500000,13.0,3,3.0
E0094,Sales,C,67300000,6.0,5,8.0
E0095,Marketing,A,46400000,12.0,1,2.0
E0096,Marketing,A,71200000,9.0,2,5.0
E0097,Marketing,B,109000000,13.0,3,1.0
E0098,IR,B,42800000,4.0,6,6.0
E0099,Sales,C,143200000,11.0,6,2.0
E0100,IR,A,74900000,20.0,2,4.0
E0101,IR,A,101100000,18.0,2,6.0
E0102,Sales,A,42000000,,6,8.0
E0103,Sales,C,78700000,4.0,4,8.0
E0104,Sales,C,94500000,,4,
E0105,Sales,B,140800000,1.0,3,4.0
E0106,Marketing,B,61300000,7.0,5,8.0
E0107,Manager,B,65200000,6.0,3,8.0
E0108,Manager,A,133000000,15.0,5,1.0
E0109,Sales,A,44600000,18.0,2,4.0
E0110,Manager,B,118500000,11.0,1,4.0
E0111,Manager,A,109900000,20.0,3,7.0
E0112,Sales,B,108300000,15.0,3,7.0
E0113,Manager,C,114300000,16.0,5,8.0
E0114,IR,B,77400000,7.0,2,5.0
E0115,HR,C,87200000,10.0,2,
E0116,HR,A,59400000,12.0,5,8.0
E0117,Sales,B,98000000,14.0,2,9.0
E0118,Marketing,A,118900000,5.0,6,3.0
E0119,Sales,C,124900000,18.0,4,3.0
E0120,Marketing,C,88400000,5.0,6,4.0
E0121,HR,C,145200000,3.0,1,5.0
E0122,Sales,A,96400000,5.0,3,1.0
E0123,Finance,A,110300000,17.0,1,7.0
E0124,IR,A,129100000,,3,
E0125,Manager,A,145800000,19.0,4,8.0
E0126,Marketing,C,91200000,12.0,2,5.0
E0127,Finance,C,149000000,9.0,6,4.0
E0128,Manager,B,140400000,1.0,5,7.0
E0129,Manager,B,87600000,18.0,6,5.0
E0130,Sales,A,122700000,4.0,4,7.0
E0131,Manager,C,50800000,,1,1.0
E0132,IR,C,86300000,7.0,5,1.0
E0133,Finance,C,106500000,1.0,2,3.0
E0134,Manager,B,88800000,17.0,4,2.0
E0135,Sales,B,58700000,2.0,5,2.0
E0136,IR,C,63200000,11.0,4,
E0137,HR,C,90600000,9.0,4,2.0
E0138,Finance,C,115800000,7.0,2,4.0
E0139,Manager,B,95700000,17.0,3,2.0
E0140,Sales,C,72400000,17.0,5,6.0
E0141,HR,C,49700000,2.0,2,8.0
E0142,HR,A,65200000,6.0,4,
E0143,Marketing,A,42300000,14.0,2,5.0
E0144,IR,B,41800000,6.0,3,4.0
E0145,Manager,C,116800000,2.0,6,3.0
E0146,Sales,C,144800000,1.0,5,5.0
E0147,Marketing,A,78000000,10.0,3,9.0
E0148,IR,B,138100000,5.0,1,8.0
E0149,Marketing,A,127900000,2.0,5,8.0
E0150,Finance,A,145300000,16.0,3,8.0
E0151,IR,A,118700000,2.0,4,8.0
E0152,IR,A,77100000,10.0,5,7.0
E0153,Manager,C,118000000,2.0,5,8.0
E0154,IR,C,52600000,16.0,2,8.0
E0155,Marketing,A,124800000,16.0,4,8.0
E0156,IR,B,117000000,19.0,1,7.0
E0157,Manager,B,93100000,7.0,6,
E0158,Manager,B,127800000,12.0,3,4.0
E0159,Finance,B,74700000,15.0,2,4.0
E0160,Marketing,A,104400000,,3,
E0161,HR,C,65500000,6.0,1,6.0
E0162,HR,B,103100000,10.0,1,4.0
E0163,IR,A,142000000,3.0,5,2.0
E0164,Finance,B,55700000,19.0,1,6.0
E0165,Sales,B,81000000,17.0,3,8.0
E0166,IR,A,71000000,7.0,4,8.0
E0167,Finance,C,135200000,,4,7.0
E0168,Marketing,C,84300000,4.0,5,6.0
E0169,Marketing,A,43000000,14.0,6,2.0
E0170,Marketing,C,140200000,20.0,3,7.0
E0171,Marketing,A,136100000,15.0,3,5.0
E0172,Marketing,A,116700000,8.0,1,6.0
E0173,Finance,A,87800000,15.0,3,8.0
E0174,Finance,C,61200000,20.0,2,
E0175,Manager,A,114600000,14.0,6,3.0
E0176,HR,B,101400000,9.0,1,7.0
E0177,Marketing,C,85600000,8.0,2,1.0
E0178,Sales,C,100600000,17.0,5,1.0
E0179,Finance,C,58600000,2.0,4,7.0
E0180,Sales,C,143800000,3.0,5,9.0
E0181,Sales,B,115600000,8.0,4,7.0
E0182,Sales,C,114000000,12.0,5,5.0
E0183,Manager,C,58100000,1.0,3,
E0184,Finance,A,106900000,10.0,2,2.0
E0185,Sales,C,133300000,20.0,4,9.0
E0186,Marketing,B,126300000,3.0,1,6.0
E0187,IR,B,85500000,6.0,2,9.0
E0188,Sales,B,44200000,7.0,1,2.0
E0189,Manager,B,102900000,20.0,2,3.0
E0190,Finance,C,43100000,18.0,2,
E0191,Manager,C,73100000,11.0,5,1.0
E0192,Sales,B,119600000,19.0,4,7.0
E0193,Finance,B,113700000,5.0,4,7.0
E0194,IR,C,49900000,,2,1.0
E0195,Sales,B,101600000,11.0,3,
E0196,Manager,A,100700000,12.0,3,8.0
E0197,HR,B,113700000,10.0,1,4.0
E0198,Marketing,B,66300000,8.0,1,5.0
E0199,Manager,A,44900000,9.0,5,2.0
E0200,Finance,A,43600000,4.0,2,9.0
E0201,Sales,C,40600000,5.0,1,6.0
E0202,Marketing,C,91800000,,1,3.0
E0203,Sales,A,110200000,9.0,6,7.0
E0204,Finance,A,66800000,15.0,2,9.0
E0205,Sales,C,107900000,15.0,5,3.0
E0206,HR,B,144700000,16.0,1,2.0
E0207,Marketing,A,129700000,14.0,5,7.0
E0208,Marketing,C,62700000,8.0,4,
E0209,Finance,B,62000000,18.0,5,4.0
E0210,HR,A,63100000,,3,9.0
E0211,Manager,B,82400000,20.0,3,8.0
E0212,Sales,C,70500000,6.0,5,1.0
E0213,IR,A,115200000,12.0,3,1.0
E0214,Sales,B,149000000,2.0,4,5.0
E0215,Sales,A,143400000,7.0,2,6.0
E0216,Manager,B,118900000,16.0,3,3.0
E0217,Sales,C,148000000,3.0,3,9.0
E0218,HR,C,129500000,13.0,5,6.0
E0219,HR,A,74800000,3.0,4,4.0
E0220,Marketing,B,119500000,18.0,2,7.0
E0221,Finance,A,123100000,11.0,5,8.0
E0222,IR,A,146000000,8.0,5,9.0
E0223,Sales,B,101200000,6.0,6,6.0
E0224,Sales,B,48700000,1.0,4,
E0225,Manager,B,93300000,1.0,2,8.0
E0226,Finance,C,127000000,8.0,4,5.0
E0227,HR,A,69400000,5.0,2,3.0
E0228,IR,A,54400000,16.0,4,3.0
E0229,Marketing,C,51300000,11.0,5,6.0
E0230,HR,B,101500000,5.0,5,
E0231,Finance,C,121000000,4.0,1,6.0
E0232,Marketing,C,86000000,6.0,3,6.0
E0233,Manager,C,103000000,14.0,6,8.0
E0234,Manager,A,95100000,19.0,4,7.0
E0235,Sales,C,60700000,9.0,6,8.0
E0236,Finance,A,46800000,12.0,1,9.0
E0237,IR,A,53000000,11.0,3,6.0
E0238,Marketing,A,88100000,14.0,4,3.0
E0239,HR,B,112800000,16.0,2,3.0
E0240,Finance,A,64100000,,3,
E0241,Finance,A,76100000,13.0,5,5.0
E0242,Manager,B,137400000,13.0,1,4.0
E0243,Sales,A,42800000,2.0,3,
E0244,Sales,C,145600000,4.0,3,9.0
E0245,Marketing,C,50400000,6.0,5,
E0246,Manager,A,44800000,5.0,4,4.0
E0247,Finance,B,59300000,3.0,2,7.0
E0248,IR,C,71900000,1.0,5,6.0
E0249,Manager,B,124600000,4.0,2,4.0
E0250,Marketing,B,105900000,20.0,4,2.0
E0251,Marketing,C,55000000,2.0,3,1.0
E0252,Manager,B,149500000,5.0,2,4.0
E0253,Marketing,C,105200000,3.0,1,4.0
E0254,Manager,B,102400000,,1,1.0
E0255,HR,C,123400000,20.0,5,6.0
E0256,Manager,A,88700000,6.0,4,4.0
E0257,Manager,C,42800000,18.0,5,1.0
E0258,Marketing,C,92700000,6.0,5,1.0
E0259,Marketing,C,52400000,19.0,6,1.0
E0260,Sales,C,111100000,12.0,5,
E0261,Sales,B,60100000,11.0,6,
E0262,HR,A,148000000,,1,2.0
E0263,Sales,C,62900000,15.0,1,7.0
E0264,Manager,B,42800000,12.0,5,8.0
E0265,Marketing,A,107000000,12.0,1,8.0
E0266,Sales,A,96800000,9.0,4,7.0
E0267,Sales,A,143300000,2.0,6,5.0
E0268,HR,A,64700000,3.0,6,1.0
E0269,Finance,C,108200000,12.0,5,9.0
E0270,HR,C,91900000,16.0,1,
E0271,Manager,B,62300000,1.0,2,2.0
E0272,Marketing,B,137500000,3.0,6,
E0273,HR,B,109000000,20.0,5,2.0
E0274,Sales,A,130900000,2.0,5,1.0
E0275,Marketing,A,44000000,9.0,4,7.0
E0276,Marketing,C,74200000,,3,2.0
E0277,Sales,A,63200000,15.0,3,2.0
E0278,HR,A,98200000,18.0,6,5.0
E0279,Sales,A,114000000,11.0,4,5.0
E0280,Finance,B,88000000,16.0,4,7.0
E0281,Marketing,B,51700000,17.0,4,1.0
E0282,IR,C,120700000,5.0,6,8.0
E0283,IR,A,102000000,12.0,3,3.0
E0284,Manager,A,69700000,11.0,4,4.0
E0285,Sales,C,76500000,15.0,1,9.0
E0286,Sales,A,102900000,3.0,5,4.0
E0287,Manager,A,85900000,1.0,5,5.0
E0288,Manager,B,145400000,20.0,2,7.0
E0289,Manager,C,81600000,16.0,2,4.0
E0290,Marketing,C,92300000,2.0,6,1.0
E0291,Finance,C,91300000,2.0,6,9.0
E0292,Sales,C,115400000,3.0,5,4.0
E0293,Marketing,B,80100000,8.0,1,9.0
E0294,Manager,B,41900000,15.0,3,6.0
E0295,Sales,A,60500000,7.0,3,1.0
E0296,Marketing,A,87700000,6.0,6,3.0
E0297,Finance,A,124100000,9.0,1,2.0
E0298,Marketing,A,100000000,20.0,6,9.0
E0299,Finance,B,121900000,1.0,3,
E0300,Manager,C,54600000,8.0,6,9.0
E0301,Finance,B,84800000,3.0,4,
E0302,Sales,A,74300000,4.0,6,8.0
E0303,Manager,B,45400000,15.0,5,
E0304,Sales,C,105100000,6.0,6,1.0
E0305,IR,C,62300000,15.0,5,
E0306,HR,B,143000000,3.0,1,3.0
E0307,Finance,B,142300000,14.0,3,7.0
E0308,HR,B,115900000,20.0,2,1.0
E0309,HR,A,50100000,14.0,2,1.0
E0310,Finance,B,74100000,4.0,3,5.0
E0311,Manager,B,100700000,12.0,2,5.0
E0312,IR,B,123100000,17.0,6,8.0
E0313,Sales,C,103900000,7.0,1,
E0314,Marketing,C,118000000,9.0,1,8.0
E0315,Sales,A,42000000,3.0,3,6.0
E0316,Marketing,A,117400000,13.0,2,6.0
E0317,Sales,C,131100000,15.0,6,
E0318,Finance,C,118300000,18.0,1,6.0
E0319,IR,C,82400000,19.0,1,5.0
E0320,Marketing,B,75500000,1.0,4,3.0
E0321,Manager,B,145700000,,4,6.0
E0322,Sales,C,72400000,2.0,1,8.0
E0323,Sales,B,133200000,14.0,3,9.0
E0324,Marketing,B,136500000,6.0,5,1.0
E0325,Manager,A,77700000,14.0,5,3.0
E0326,Manager,C,138900000,4.0,6,3.0
E0327,Finance,C,113700000,8.0,1,8.0
E0328,Finance,B,146200000,3.0,1,
E0329,Finance,C,129200000,19.0,1,5.0
E0330,Finance,A,61700000,14.0,3,3.0
E0331,Finance,A,81400000,20.0,4,2.0
E0332,Finance,A,84800000,17.0,1,8.0
E0333,IR,C,73800000,8.0,1,3.0
E0334,Manager,C,70300000,14.0,2,7.0
E0335,Finance,C,72900000,6.0,3,1.0
E0336,Manager,C,83300000,16.0,6,6.0
E0337,Manager,C,113500000,19.0,1,3.0
E0338,HR,A,141300000,14.0,2,8.0
E0339,IR,B,69100000,19.0,5,6.0
E0340,Finance,A,139100000,3.0,6,2.0
E0341,Sales,C,55500000,10.0,1,
E0342,Marketing,A,99400000,19.0,1,7.0
E0343,Sales,C,140300000,9.0,2,5.0
E0344,IR,C,133500000,20.0,3,3.0
E0345,Marketing,A,44300000,13.0,1,4.0
E0346,IR,C,73900000,7.0,5,4.0
E0347,Manager,B,119100000,14.0,1,
E0348,Marketing,C,111200000,9.0,5,1.0
E0349,Manager,B,146900000,19.0,6,4.0
E0350,Sales,B,137100000,15.0,6,
E0351,Sales,C,74200000,20.0,4,1.0
E0352,Marketing,A,71300000,14.0,4,9.0
E0353,Marketing,B,85800000,6.0,5,4.0
E0354,Finance,A,136500000,4.0,3,7.0
E0355,IR,B,146900000,8.0,1,3.0
E0356,Finance,C,146800000,17.0,1,3.0
E0357,IR,C,107200000,9.0,4,8.0
E0358,Finance,B,148100000,1.0,5,8.0
E0359,Manager,C,119500000,20.0,1,1.0
E0360,Marketing,B,148000000,14.0,1,
E0361,Sales,C,132500000,11.0,3,8.0
E0362,IR,A,100200000,3.0,2,1.0
E0363,IR,C,96300000,9.0,4,8.0
E0364,Sales,A,92200000,14.0,4,8.0
E0365,Finance,C,60600000,9.0,2,2.0
E0366,IR,A,68100000,4.0,1,4.0
E0367,Manager,C,89400000,4.0,3,6.0
E0368,Marketing,A,149200000,8.0,3,9.0
E0369,Sales,B,118500000,2.0,4,8.0
E0370,Marketing,B,103500000,9.0,3,8.0
E0371,IR,A,145300000,14.0,6,7.0
E0372,IR,C,146200000,9.0,2,9.0
E0373,Sales,A,53900000,16.0,1,2.0
E0374,Manager,C,121500000,17.0,6,3.0
E0375,HR,B,92200000,16.0,2,8.0
E0376,Sales,C,75000000,12.0,5,
E0377,HR,B,119600000,3.0,4,9.0
E0378,Finance,C,99700000,11.0,3,4.0
E0379,HR,C,51000000,14.0,5,8.0
E0380,Manager,C,73700000,18.0,3,3.0
E0381,Finance,A,95700000,5.0,6,3.0
E0382,HR,A,68700000,16.0,1,8.0
E0383,Finance,B,105100000,20.0,1,
E0384,HR,B,79500000,5.0,1,3.0
E0385,Manager,A,80000000,3.0,3,1.0
E0386,HR,B,93600000,12.0,5,
E0387,HR,A,145400000,1.0,1,9.0
E0388,HR,C,132700000,9.0,5,5.0
E0389,Sales,B,114000000,9.0,3,2.0
E0390,Sales,B,119500000,4.0,6,7.0
E0391,Sales,A,60500000,3.0,5,2.0
E0392,Manager,B,113100000,17.0,6,4.0
E0393,Finance,B,147400000,2.0,3,7.0
E0394,IR,C,125600000,,3,4.0
E0395,HR,B,81500000,8.0,4,
E0396,HR,C,149000000,13.0,3,7.0
E0397,Manager,A,117800000,15.0,3,1.0
E0398,HR,B,64200000,8.0,2,6.0
E0399,Sales,C,129300000,12.0,1,9.0
E0400,IR,A,146500000,,4,2.0
E0401,Marketing,B,96700000,14.0,4,3.0
E0402,HR,A,83400000,15.0,4,5.0
E0403,Sales,B,71800000,15.0,2,9.0
E0404,Marketing,A,115100000,,6,4.0
E0405,IR,A,105100000,19.0,3,1.0
E0406,Marketing,C,88500000,20.0,1,4.0
E0407,Sales,A,47600000,8.0,5,6.0
E0408,Finance,B,111500000,19.0,6,5.0
E0409,Finance,B,146100000,6.0,3,1.0
E0410,Marketing,C,101200000,20.0,2,4.0
E0411,Manager,B,115900000,19.0,3,6.0
E0412,Marketing,B,143500000,4.0,3,4.0
E0413,HR,B,90500000,,2,9.0
E0414,HR,A,110800000,4.0,4,5.0
E0415,Finance,A,117800000,12.0,4,8.0
E0416,Manager,B,149500000,13.0,1,9.0
E0417,Sales,C,121800000,3.0,1,
E0418,HR,A,57700000,12.0,4,6.0
E0419,Finance,C,57600000,2.0,6,1.0
E0420,IR,B,48400000,2.0,5,7.0
E0421,Finance,B,135300000,9.0,3,4.0
E0422,HR,A,141500000,1.0,5,2.0
E0423,HR,B,112800000,8.0,3,5.0
E0424,Finance,A,89300000,6.0,4,3.0
E0425,Sales,B,97300000,6.0,1,6.0
E0426,Marketing,B,120200000,18.0,6,8.0
E0427,HR,A,106300000,17.0,1,7.0
E0428,Finance,A,95600000,12.0,5,3.0
E0429,Finance,A,96600000,6.0,1,8.0
E0430,Manager,B,69500000,8.0,4,2.0
E0431,Marketing,B,108300000,19.0,6,9.0
E0432,IR,C,70100000,10.0,5,4.0
E0433,Sales,A,43100000,1.0,6,1.0
E0434,IR,B,112000000,13.0,3,8.0
E0435,Marketing,B,121700000,17.0,1,7.0
E0436,Marketing,A,145300000,3.0,6,5.0
E0437,Marketing,C,89100000,8.0,2,5.0
E0438,IR,A,54100000,14.0,1,7.0
E0439,Marketing,C,72800000,3.0,3,5.0
E0440,Finance,B,124100000,16.0,6,8.0
E0441,IR,C,62400000,13.0,5,6.0
E0442,Marketing,B,134200000,20.0,3,
E0443,Finance,A,75600000,17.0,2,9.0
E0444,Manager,A,64700000,13.0,6,2.0
E0445,Marketing,A,61200000,6.0,4,1.0
E0446,IR,C,107900000,17.0,1,8.0
E0447,HR,B,136600000,14.0,5,3.0
E0448,Marketing,A,54500000,17.0,4,7.0
E0449,HR,A,66600000,8.0,6,8.0
E0450,Finance,B,84400000,11.0,6,
E0451,Manager,A,80600000,20.0,3,9.0
E0452,Sales,B,64000000,1.0,6,7.0
E0453,Manager,B,146200000,7.0,5,5.0
E0454,Marketing,B,108200000,17.0,4,8.0
E0455,HR,B,143700000,10.0,5,2.0
E0456,HR,B,137100000,11.0,2,7.0
E0457,IR,C,112600000,9.0,2,4.0
E0458,HR,A,103900000,9.0,1,9.0
E0459,IR,C,139400000,5.0,1,1.0
E0460,Finance,A,127100000,17.0,2,7.0
E0461,Sales,C,122400000,9.0,6,6.0
E0462,Marketing,B,48500000,17.0,5,8.0
E0463,IR,A,58700000,19.0,2,5.0
E0464,Sales,A,86600000,7.0,1,1.0
E0465,HR,C,139600000,9.0,2,1.0
E0466,HR,C,73900000,7.0,6,9.0
E0467,Sales,A,88300000,13.0,2,6.0
E0468,HR,C,140500000,11.0,5,5.0
E0469,Finance,C,69700000,14.0,4,1.0
E0470,Finance,C,61000000,19.0,6,6.0
E0471,Sales,B,121800000,11.0,1,6.0
E0472,IR,B,123100000,13.0,5,3.0
E0473,IR,C,61900000,14.0,2,
E0474,Sales,C,97300000,,2,1.0
E0475,IR,B,122000000,1.0,4,1.0
E0476,IR,B,71900000,8.0,1,
E0477,Finance,A,104200000,,1,1.0
E0478,IR,A,105100000,19.0,3,6.0
E0479,Manager,B,77600000,12.0,1,1.0
E0480,Marketing,C,130800000,8.0,4,6.0
E0481,HR,C,61800000,8.0,3,3.0
E0482,Manager,C,142500000,13.0,3,8.0
E0483,IR,C,47300000,12.0,2,
E0484,Finance,A,91800000,16.0,2,1.0
E0485,Sales,B,90800000,1.0,1,5.0
E0486,IR,C,123100000,13.0,3,8.0
E0487,Finance,A,128000000,7.0,2,3.0
E0488,Marketing,C,52100000,5.0,4,
E0489,IR,B,96800000,8.0,2,
E0490,Sales,A,130500000,14.0,6,
E0491,Finance,B,149000000,13.0,6,1.0
E0492,Finance,B,54900000,15.0,2,7.0
E0493,Finance,A,64000000,17.0,3,9.0
E0494,Marketing,A,122400000,15.0,3,2.0
E0495,IR,A,91100000,20.0,5,5.0
E0496,Marketing,A,78000000,18.0,6,4.0
E0497,HR,A,130400000,,4,6.0
E0498,HR,A,117200000,2.0,3,
E0499,IR,A,126400000,4.0,1,2.0
E0500,Marketing,C,143700000,1.0,6,
E0501,Sales,B,121800000,4.0,4,4.0
E0502,Finance,A,82700000,18.0,4,
E0503,Finance,C,50700000,5.0,3,9.0
E0504,IR,C,60700000,19.0,4,7.0
E0505,HR,C,97600000,15.0,3,7.0
E0506,HR,B,101100000,8.0,2,3.0
E0507,Finance,A,59600000,20.0,6,3.0
E0508,IR,C,53800000,17.0,5,1.0
E0509,Marketing,B,52500000,1.0,2,3.0
E0510,HR,B,110600000,12.0,6,3.0
E0511,Marketing,B,95200000,19.0,3,4.0
E0512,HR,C,79900000,15.0,6,4.0
E0513,HR,A,66400000,9.0,3,3.0
E0514,Manager,C,45300000,7.0,2,8.0
E0515,HR,C,56400000,,1,8.0
E0516,Sales,A,124100000,9.0,1,1.0
E0517,IR,A,77200000,10.0,6,7.0
E0518,IR,A,93600000,2.0,1,
E0519,Marketing,B,100900000,19.0,3,1.0
E0520,HR,A,66300000,11.0,4,3.0
E0521,Sales,C,129800000,13.0,3,4.0
E0522,Marketing,A,72300000,10.0,4,6.0
E0523,Manager,C,108200000,14.0,2,5.0
E0524,Marketing,B,144400000,18.0,5,4.0
E0525,Marketing,C,63200000,19.0,4,8.0
E0526,HR,C,126000000,,1,4.0
E0527,Manager,A,141900000,7.0,3,2.0
E0528,Marketing,A,119100000,3.0,2,3.0
E0529,Sales,C,129100000,20.0,1,6.0
E0530,Sales,A,119800000,6.0,2,8.0
E0531,IR,B,77300000,2.0,5,8.0
E0532,Manager,B,146900000,6.0,3,9.0
E0533,Manager,A,105700000,3.0,6,7.0
E0534,IR,B,130000000,16.0,3,2.0
E0535,Marketing,A,70200000,,5,8.0
E0536,Manager,C,68500000,2.0,3,
E0537,Sales,C,62600000,17.0,6,8.0
E0538,Sales,B,129900000,9.0,4,
E0539,HR,A,51600000,,2,7.0
E0540,Manager,A,103200000,3.0,6,9.0
E0541,Marketing,B,98200000,11.0,1,3.0
E0542,IR,C,69300000,1.0,5,6.0
E0543,IR,B,43300000,13.0,4,
E0544,Marketing,C,53100000,15.0,1,2.0
E0545,Finance,A,131200000,5.0,1,5.0
E0546,HR,C,42600000,17.0,5,5.0
E0547,IR,B,61000000,6.0,4,7.0
E0548,Manager,A,142600000,11.0,1,2.0
E0549,HR,B,133900000,18.0,1,7.0
E0550,Manager,B,76900000,4.0,4,5.0
E0551,Sales,C,96300000,3.0,3,
E0552,HR,B,110300000,13.0,1,8.0
E0553,IR,C,65300000,9.0,2,4.0
E0554,HR,A,147900000,6.0,4,7.0
E0555,HR,C,51000000,12.0,1,6.0
E0556,HR,A,127200000,2.0,5,2.0
E0557,Finance,C,136800000,3.0,6,8.0
E0558,HR,B,81700000,3.0,2,9.0
E0559,Manager,C,144200000,12.0,6,5.0
E0560,Sales,C,94900000,15.0,6,4.0
E0561,Marketing,A,134400000,9.0,1,6.0
E0562,HR,B,81600000,,2,8.0
E0563,IR,C,60900000,11.0,2,3.0
E0564,HR,B,69300000,16.0,3,1.0
E0565,IR,C,107300000,4.0,6,4.0
E0566,Manager,C,63600000,1.0,2,
E0567,IR,B,96400000,7.0,3,1.0
E0568,Marketing,C,61500000,2.0,4,9.0
E0569,Sales,B,91900000,5.0,3,3.0
E0570,IR,C,140500000,7.0,5,5.0
E0571,IR,A,57500000,4.0,1,
E0572,Sales,B,72900000,5.0,4,8.0
E0573,Marketing,C,108900000,1.0,4,6.0
E0574,HR,C,130200000,1.0,5,3.0
E0575,IR,A,44900000,15.0,3,6.0
E0576,Sales,B,144500000,,1,1.0
E0577,Manager,C,135200000,19.0,3,4.0
E0578,Sales,A,137100000,10.0,2,
E0579,Manager,C,76400000,18.0,3,7.0
E0580,Marketing,B,61200000,3.0,4,3.0
E0581,HR,C,52600000,11.0,1,9.0
E0582,Sales,C,64100000,15.0,3,
E0583,Finance,C,117500000,11.0,1,1.0
E0584,IR,C,52700000,17.0,1,2.0
E0585,Marketing,A,45200000,17.0,2,1.0
E0586,Sales,A,144300000,6.0,2,9.0
E0587,IR,B,51400000,5.0,4,9.0
E0588,Sales,A,145900000,8.0,5,7.0
E0589,Manager,A,109900000,2.0,1,3.0
E0590,Sales,B,77700000,16.0,5,5.0
E0591,Finance,A,145100000,20.0,4,4.0
E0592,Sales,A,140600000,12.0,1,7.0
E0593,Sales,B,66700000,6.0,1,9.0
E0594,Finance,B,119100000,1.0,6,2.0
E0595,Marketing,B,83000000,4.0,5,8.0
E0596,Sales,C,138300000,17.0,3,9.0
E0597,Finance,C,114100000,13.0,2,9.0
E0598,IR,B,72000000,18.0,3,7.0
E0599,Manager,B,60800000,5.0,5,9.0
E0600,Manager,B,50000000,3.0,2,9.0
E0601,Sales,C,125100000,11.0,3,3.0
E0602,Marketing,C,69400000,13.0,6,4.0
E0603,Marketing,A,85200000,4.0,2,2.0
E0604,IR,A,108500000,14.0,1,
E0605,Sales,B,82800000,11.0,3,5.0
E0606,Manager,C,94300000,10.0,2,5.0
E0607,Marketing,C,72300000,19.0,6,6.0
E0608,Sales,C,85500000,18.0,2,
E0609,Marketing,B,118400000,6.0,2,7.0
E0610,Finance,A,45200000,15.0,6,1.0
E0611,Marketing,B,110800000,10.0,3,2.0
E0612,Manager,A,94200000,,4,9.0
E0613,HR,A,118600000,5.0,3,2.0
E0614,IR,B,100900000,10.0,5,
E0615,IR,A,93600000,5.0,6,1.0
E0616,Manager,A,139900000,3.0,3,3.0
E0617,Marketing,C,103600000,6.0,2,
E0618,Sales,A,112200000,4.0,6,3.0
E0619,Marketing,B,119800000,18.0,1,5.0
E0620,Manager,B,61600000,9.0,3,6.0
E0621,IR,A,51000000,17.0,6,
E0622,Marketing,C,105700000,13.0,3,4.0
E0623,IR,C,141600000,15.0,6,7.0
E0624,Sales,A,94500000,,2,6.0
E0625,IR,A,131800000,17.0,1,2.0
E0626,IR,B,83100000,13.0,1,8.0
E0627,HR,A,142100000,16.0,5,7.0
E0628,HR,C,64300000,4.0,6,7.0
E0629,Finance,A,80700000,5.0,3,8.0
E0630,HR,B,66200000,5.0,1,1.0
E0631,IR,B,83600000,9.0,1,1.0
E0632,Manager,B,99200000,17.0,4,
E0633,IR,B,115000000,13.0,4,4.0
E0634,Manager,B,118500000,2.0,1,5.0
E0635,Manager,A,42300000,13.0,6,8.0
E0636,HR,A,66300000,19.0,5,5.0
E0637,Marketing,A,44700000,3.0,1,4.0
E0638,Sales,A,48600000,10.0,2,6.0
E0639,HR,B,91100000,2.0,3,5.0
E0640,HR,C,73000000,13.0,5,7.0
E0641,Marketing,A,107900000,19.0,2,7.0
E0642,Sales,C,41400000,17.0,5,4.0
E0643,IR,A,115900000,14.0,2,5.0
E0644,Finance,A,77800000,12.0,3,3.0
E0645,Finance,C,148200000,12.0,3,4.0
E0646,IR,B,130400000,11.0,4,4.0
E0647,HR,A,89200000,7.0,6,3.0
E0648,Sales,A,48300000,,2,5.0
E0649,HR,A,58300000,19.0,4,5.0
E0650,Manager,C,135700000,1.0,2,7.0
E0651,HR,B,144100000,3.0,4,4.0
E0652,HR,C,108000000,13.0,3,4.0
E0653,IR,C,58200000,15.0,5,9.0
E0654,IR,B,72300000,2.0,4,6.0
E0655,IR,C,109100000,11.0,2,4.0
E0656,Finance,B,104100000,4.0,2,2.0
E0657,Manager,A,143400000,19.0,6,6.0
E0658,IR,B,127700000,17.0,3,2.0
E0659,Sales,A,101900000,3.0,2,5.0
E0660,Finance,C,114000000,18.0,1,
E0661,Marketing,C,92000000,8.0,5,4.0
E0662,Sales,A,46200000,19.0,4,
E0663,Sales,C,134500000,5.0,6,7.0
E0664,IR,B,106000000,7.0,5,
E0665,Marketing,A,71300000,8.0,3,6.0
E0666,Marketing,C,132400000,5.0,6,
E0667,Finance,A,60000000,17.0,4,
E0668,Marketing,B,57600000,5.0,4,4.0
E0669,Manager,B,144300000,4.0,1,4.0
E0670,IR,C,80400000,19.0,3,4.0
E0671,Marketing,B,75100000,2.0,6,9.0
E0672,Finance,A,83500000,11.0,6,7.0
E0673,Manager,B,46300000,13.0,2,3.0
E0674,HR,A,99600000,15.0,1,3.0
E0675,HR,A,132200000,12.0,1,6.0
E0676,Manager,B,48800000,11.0,6,
E0677,Finance,C,147300000,7.0,6,
E0678,Manager,B,115100000,5.0,5,9.0
E0679,IR,A,58300000,17.0,5,4.0
E0680,IR,A,125100000,20.0,5,9.0
E0681,HR,B,63900000,9.0,1,4.0
E0682,Marketing,C,64500000,14.0,2,2.0
E0683,Finance,C,86500000,12.0,4,2.0
E0684,HR,A,89800000,6.0,5,5.0
E0685,Marketing,A,92700000,17.0,2,4.0
E0686,Marketing,C,70500000,19.0,3,7.0
E0687,IR,B,85000000,19.0,5,5.0
E0688,Sales,A,143100000,16.0,4,6.0
E0689,Sales,A,149500000,12.0,3,4.0
E0690,Manager,C,73800000,12.0,3,2.0
E0691,IR,B,95300000,20.0,4,9.0
E0692,Marketing,C,104500000,6.0,5,
E0693,Finance,B,128600000,4.0,1,4.0
E0694,Sales,B,103800000,6.0,4,3.0
E0695,Marketing,B,91800000,11.0,4,3.0
E0696,Sales,A,122900000,1.0,4,9.0
E0697,Sales,C,87300000,15.0,3,5.0
E0698,Sales,C,82500000,11.0,2,3.0
E0699,Finance,B,77800000,19.0,1,5.0
E0700,IR,A,94000000,18.0,5,2.0
E0701,Finance,A,92900000,17.0,5,4.0
E0702,HR,C,122400000,19.0,2,
E0703,Marketing,A,79000000,14.0,4,2.0
E0704,IR,A,82100000,18.0,1,8.0
E0705,IR,B,124300000,19.0,5,1.0
E0706,IR,A,84100000,15.0,6,
E0707,IR,B,146100000,15.0,5,5.0
E0708,Finance,C,92000000,4.0,4,8.0
E0709,IR,A,49400000,7.0,6,1.0
E0710,Manager,C,57400000,13.0,2,7.0
E0711,Marketing,C,148200000,3.0,1,
E0712,IR,A,87200000,16.0,2,4.0
E0713,Marketing,A,92000000,,2,7.0
E0714,Manager,C,133600000,8.0,1,2.0
E0715,Manager,A,136400000,20.0,1,1.0
E0716,Marketing,B,58400000,13.0,5,
E0717,Sales,B,70500000,17.0,5,1.0
E0718,HR,A,88700000,17.0,1,5.0
E0719,Sales,C,127100000,17.0,6,7.0
E0720,Sales,A,49000000,1.0,3,2.0
E0721,Finance,A,134800000,8.0,5,8.0
E0722,Sales,C,88800000,19.0,3,
E0723,IR,C,122000000,6.0,6,3.0
E0724,Finance,B,108600000,3.0,1,
E0725,Finance,C,108000000,5.0,6,2.0
E0726,Manager,B,111700000,13.0,5,
E0727,Sales,C,130500000,15.0,2,3.0
E0728,Manager,A,112400000,14.0,1,1.0
E0729,Marketing,B,42600000,16.0,4,6.0
E0730,HR,B,108800000,18.0,3,2.0
E0731,Finance,B,58600000,11.0,6,1.0
E0732,Marketing,A,144100000,3.0,1,2.0
E0733,Marketing,A,123700000,10.0,6,6.0
E0734,IR,A,49400000,10.0,1,4.0
E0735,HR,A,147500000,16.0,5,6.0
E0736,Marketing,A,129800000,12.0,5,9.0
E0737,Marketing,B,92200000,2.0,5,8.0
E0738,HR,A,146200000,9.0,6,1.0
E0739,HR,B,119900000,3.0,4,8.0
E0740,Marketing,A,71200000,15.0,5,9.0
E0741,HR,C,43800000,3.0,1,6.0
E0742,Marketing,B,127300000,19.0,5,5.0
E0743,Marketing,C,123600000,18.0,2,6.0
E0744,IR,B,107900000,8.0,5,
E0745,Sales,C,134200000,17.0,6,
E0746,Marketing,A,114700000,8.0,4,4.0
E0747,Manager,A,56100000,7.0,2,2.0
E0748,Finance,A,120400000,7.0,6,
E0749,Sales,B,113300000,3.0,6,2.0
E0750,Sales,C,74900000,1.0,6,9.0
E0751,Sales,A,116500000,4.0,1,2.0
E0752,IR,C,76000000,5.0,6,8.0
E0753,Marketing,C,64200000,1.0,1,9.0
E0754,IR,A,50400000,15.0,6,9.0
E0755,Marketing,A,52400000,5.0,3,9.0
E0756,IR,C,62800000,13.0,2,2.0
E0757,IR,A,42700000,8.0,3,4.0
E0758,Finance,A,40400000,8.0,6,7.0
E0759,Manager,A,99700000,5.0,2,2.0
E0760,IR,B,60000000,9.0,2,1.0
E0761,Finance,C,143300000,1.0,4,3.0
E0762,HR,C,70800000,4.0,3,4.0
E0763,Manager,B,53100000,3.0,4,
E0764,IR,C,142900000,2.0,2,6.0
E0765,Sales,A,94200000,8.0,1,2.0
E0766,HR,C,92400000,,2,9.0
E0767,HR,A,53300000,2.0,4,2.0
E0768,Finance,B,88700000,14.0,3,5.0
E0769,HR,A,126400000,14.0,6,4.0
E0770,Manager,C,94200000,4.0,6,7.0
E0771,IR,C,90100000,6.0,3,8.0
E0772,IR,C,75200000,11.0,6,5.0
E0773,Sales,B,126600000,3.0,6,5.0
E0774,Finance,B,101800000,8.0,4,2.0
E0775,Sales,C,57800000,,3,8.0
E0776,HR,A,96300000,14.0,5,2.0
E0777,Sales,B,119000000,13.0,1,6.0
E0778,Manager,C,72000000,13.0,1,8.0
E0779,IR,C,148100000,2.0,6,6.0
E0780,HR,B,91200000,13.0,1,4.0
E0781,Sales,B,120200000,19.0,3,4.0
E0782,Finance,B,123800000,6.0,3,6.0
E0783,Manager,A,92400000,16.0,2,4.0
E0784,Manager,A,64700000,2.0,2,
E0785,Sales,C,142900000,8.0,1,9.0
E0786,IR,B,111200000,17.0,5,1.0
E0787,Sales,A,84700000,2.0,2,4.0
E0788,HR,B,69000000,10.0,2,4.0
E0789,Sales,C,135700000,16.0,3,2.0
E0790,Manager,A,51900000,6.0,5,6.0
E0791,Sales,A,81100000,2.0,6,3.0
E0792,IR,A,129600000,2.0,1,7.0
E0793,Finance,C,77600000,13.0,2,5.0
E0794,Marketing,B,89800000,15.0,5,4.0
E0795,Sales,A,92000000,2.0,5,5.0
E0796,IR,C,58500000,7.0,1,8.0
E0797,IR,B,121600000,,5,
E0798,Finance,C,76800000,8.0,5,
E0799,Manager,B,120500000,14.0,5,6.0
E0800,IR,C,94000000,7.0,2,
E0801,IR,B,80800000,7.0,1,7.0
E0802,IR,A,144900000,1.0,5,
E0803,IR,B,105600000,17.0,5,1.0
E0804,HR,C,138000000,9.0,2,9.0
E0805,HR,C,65500000,13.0,1,
E0806,Manager,B,48500000,19.0,3,2.0
E0807,Sales,A,145800000,19.0,2,5.0
E0808,IR,A,60600000,17.0,1,4.0
E0809,Finance,B,61900000,10.0,5,7.0
E0810,Sales,B,51100000,10.0,1,8.0
E0811,Finance,C,87600000,4.0,1,1.0
E0812,Sales,A,116700000,,6,5.0
E0813,Manager,B,65200000,20.0,1,3.0
E0814,IR,A,59900000,20.0,3,1.0
E0815,IR,B,118800000,18.0,1,3.0
E0816,Marketing,B,57400000,14.0,3,6.0
E0817,Finance,A,117400000,18.0,5,
E0818,Sales,B,101700000,14.0,3,8.0
E0819,Sales,B,66600000,20.0,5,4.0
E0820,HR,C,104600000,15.0,5,3.0
E0821,Marketing,B,117500000,4.0,3,
E0822,HR,B,129900000,13.0,2,9.0
E0823,HR,B,126400000,8.0,4,6.0
E0824,HR,C,124400000,18.0,1,9.0
E0825,Finance,A,102900000,12.0,6,6.0
E0826,Finance,C,142600000,14.0,4,2.0
E0827,Manager,C,100900000,2.0,1,5.0
E0828,Manager,A,45300000,18.0,1,9.0
E0829,HR,C,122500000,2.0,5,8.0
E0830,Marketing,A,79000000,11.0,1,
E0831,Sales,C,71000000,9.0,6,1.0
E0832,Finance,A,69800000,12.0,1,4.0
E0833,Marketing,B,87600000,17.0,3,7.0
E0834,IR,C,118100000,15.0,4,7.0
E0835,Finance,C,84700000,17.0,3,6.0
E0836,Finance,C,63200000,18.0,6,8.0
E0837,Manager,C,131300000,6.0,1,6.0
E0838,Sales,B,86000000,17.0,6,3.0
E0839,Sales,C,145800000,18.0,5,4.0
E0840,IR,B,69000000,8.0,3,3.0
E0841,IR,B,121100000,9.0,3,1.0
E0842,Finance,B,135800000,6.0,2,5.0
E0843,HR,B,80800000,5.0,1,
E0844,Manager,A,85900000,12.0,5,1.0
E0845,Manager,A,129300000,11.0,3,2.0
E0846,Finance,C,81700000,1.0,3,4.0
E0847,Marketing,A,115000000,11.0,5,6.0
E0848,HR,A,41000000,19.0,6,8.0
E0849,Finance,C,89700000,9.0,6,3.0
E0850,HR,C,63900000,2.0,1,1.0
E0851,HR,C,88100000,12.0,2,3.0
E0852,HR,A,126700000,4.0,3,3.0
E0853,Finance,A,74900000,4.0,2,5.0
E0854,Manager,C,114100000,18.0,6,4.0
E0855,Manager,B,125500000,15.0,6,4.0
E0856,HR,C,100300000,19.0,4,9.0
E0857,Marketing,B,129100000,13.0,1,7.0
E0858,Sales,B,137700000,19.0,4,4.0
E0859,Finance,C,40900000,17.0,4,3.0
E0860,Sales,C,41600000,6.0,4,6.0
E0861,Marketing,C,53200000,16.0,1,3.0
E0862,Finance,A,93600000,12.0,1,6.0
E0863,HR,B,113200000,19.0,5,9.0
E0864,Manager,A,133700000,5.0,2,6.0
E0865,Sales,A,60500000,17.0,2,4.0
E0866,IR,C,65100000,1.0,5,5.0
E0867,IR,A,45400000,10.0,5,6.0
E0868,Marketing,C,44200000,,6,3.0
E0869,HR,B,120900000,11.0,4,8.0
E0870,Sales,C,48100000,,5,4.0
E0871,HR,A,98600000,5.0,3,8.0
E0872,Sales,A,122400000,1.0,2,
E0873,Marketing,C,71900000,,5,7.0
E0874,Marketing,C,63900000,11.0,3,9.0
E0875,IR,A,142100000,17.0,3,
E0876,HR,B,134200000,4.0,3,8.0
E0877,Finance,B,134700000,15.0,6,3.0
E0878,IR,C,124700000,9.0,6,7.0
E0879,HR,B,82800000,20.0,3,3.0
E0880,IR,A,91200000,19.0,6,7.0
E0881,Finance,C,94600000,19.0,4,6.0
E0882,Manager,A,129300000,12.0,3,2.0
E0883,Manager,A,141600000,5.0,4,3.0
E0884,Manager,B,60000000,10.0,4,6.0
E0885,Manager,C,105300000,17.0,3,4.0
E0886,Sales,C,54800000,5.0,2,6.0
E0887,Manager,B,58900000,16.0,3,1.0
E0888,Finance,A,115600000,7.0,3,1.0
E0889,Marketing,A,58300000,9.0,6,3.0
E0890,Marketing,A,51800000,3.0,3,
E0891,Sales,A,76200000,15.0,2,8.0
E0892,Manager,C,94400000,16.0,6,4.0
E0893,Manager,C,94800000,18.0,1,6.0
E0894,Manager,B,49600000,14.0,1,8.0
E0895,IR,B,87500000,3.0,4,7.0
E0896,HR,C,61600000,12.0,4,7.0
E0897,IR,C,49900000,9.0,2,
E0898,HR,A,138900000,7.0,5,
E0899,Manager,A,81400000,9.0,1,6.0
E0900,Manager,B,81800000,13.0,4,3.0
E0901,IR,C,144500000,18.0,1,5.0
E0902,IR,B,137100000,5.0,2,
E0903,HR,C,130900000,13.0,2,5.0
E0904,Marketing,A,72400000,4.0,5,
E0905,HR,B,99100000,2.0,5,9.0
E0906,IR,B,53600000,16.0,6,9.0
E0907,Finance,C,108300000,9.0,2,6.0
E0908,IR,A,123000000,9.0,4,6.0
E0909,Finance,B,75600000,6.0,1,
E0910,Sales,A,91200000,11.0,3,4.0
E0911,IR,B,79500000,1.0,5,6.0
E0912,Sales,A,76700000,4.0,3,
E0913,Marketing,C,100900000,13.0,4,1.0
E0914,HR,B,68800000,13.0,5,7.0
E0915,Finance,B,71000000,,3,
E0916,HR,A,62700000,2.0,4,9.0
E0917,Sales,A,124300000,9.0,1,7.0
E0918,Finance,B,65100000,8.0,4,7.0
E0919,HR,C,100300000,7.0,6,
E0920,IR,A,70700000,4.0,5,9.0
E0921,Manager,A,87100000,18.0,2,
E0922,Sales,A,75100000,3.0,1,6.0
E0923,HR,B,145900000,6.0,3,3.0
E0924,Sales,B,75900000,12.0,5,1.0
E0925,Sales,B,118100000,12.0,2,4.0
E0926,Finance,B,110000000,8.0,4,3.0
E0927,Finance,C,92300000,1.0,2,
E0928,Manager,C,50800000,4.0,5,3.0
E0929,IR,B,45900000,11.0,5,4.0
E0930,Sales,C,40000000,,6,8.0
E0931,HR,A,103000000,13.0,6,9.0
E0932,Marketing,A,88400000,17.0,2,3.0
E0933,Sales,A,49100000,10.0,4,
E0934,Sales,B,87700000,12.0,2,5.0
E0935,Manager,A,56400000,15.0,5,6.0
E0936,IR,C,59700000,10.0,5,4.0
E0937,Marketing,B,143300000,14.0,3,6.0
E0938,Finance,C,80000000,,6,7.0
E0939,Finance,A,138600000,5.0,3,9.0
E0940,HR,A,73100000,6.0,1,7.0
E0941,Marketing,A,67700000,2.0,5,6.0
E0942,Finance,B,139000000,17.0,3,1.0
E0943,HR,C,63300000,4.0,2,2.0
E0944,IR,B,67700000,14.0,6,1.0
E0945,HR,B,60600000,,6,9.0
E0946,Finance,A,120800000,3.0,4,9.0
E0947,Manager,B,45600000,3.0,2,7.0
E0948,Manager,B,111000000,15.0,4,2.0
E0949,Manager,A,142300000,6.0,3,6.0
E0950,Finance,B,141300000,17.0,1,4.0
E0951,Manager,A,101500000,12.0,2,1.0
E0952,Marketing,A,51200000,20.0,2,1.0
E0953,IR,A,135500000,11.0,2,5.0
E0954,HR,A,131100000,4.0,4,2.0
E0955,HR,B,42200000,6.0,3,4.0
E0956,Finance,A,41600000,1.0,2,1.0
E0957,Manager,A,89900000,20.0,2,4.0
E0958,Manager,B,41100000,16.0,6,6.0
E0959,Sales,B,50900000,15.0,1,4.0
E0960,IR,C,71900000,17.0,6,1.0
E0961,Marketing,B,138600000,8.0,6,7.0
E0962,HR,B,143700000,12.0,1,
E0963,Sales,C,62400000,10.0,3,9.0
E0964,Sales,B,58400000,15.0,6,3.0
E0965,Finance,B,87200000,9.0,3,8.0
E0966,HR,B,57400000,,6,8.0
E0967,Finance,B,126600000,5.0,5,3.0
E0968,Marketing,C,87300000,6.0,1,4.0
E0969,Sales,B,104300000,7.0,6,2.0
E0970,Sales,B,128300000,1.0,5,
E0971,IR,C,77200000,7.0,4,9.0
E0972,Marketing,A,143800000,20.0,5,2.0
E0973,Sales,C,135000000,12.0,2,3.0
E0974,Marketing,A,101900000,16.0,6,4.0
E0975,HR,C,66900000,16.0,5,5.0
E0976,Manager,C,142500000,11.0,3,1.0
E0977,Sales,B,144600000,4.0,4,7.0
E0978,IR,A,46700000,13.0,6,7.0
E0979,HR,B,47000000,7.0,2,9.0
E0980,Marketing,A,48800000,4.0,5,4.0
E0981,Finance,C,145400000,15.0,4,6.0
E0982,HR,C,84500000,19.0,6,2.0
E0983,Sales,A,87700000,9.0,4,4.0
E0984,Marketing,B,118800000,11.0,2,2.0
E0985,Manager,B,54200000,8.0,5,5.0
E0986,HR,B,88000000,1.0,4,7.0
E0987,Sales,B,95000000,8.0,4,1.0
E0988,IR,C,110900000,13.0,1,7.0
E0989,Finance,C,69100000,4.0,4,6.0
E0990,Marketing,C,67300000,8.0,1,6.0
E0991,HR,C,48000000,3.0,5,8.0
E0992,HR,C,74800000,9.0,6,8.0
E0993,Manager,B,135000000,2.0,6,6.0
E0994,Manager,B,53800000,2.0,5,3.0
E0995,IR,B,85600000,13.0,5,
E0996,Finance,B,90400000,15.0,3,2.0
E0997,IR,C,147600000,12.0,5,5.0
E0998,Sales,C,95600000,4.0,4,9.0
E0999,Sales,C,94400000,8.0,6,1.0
E1000,IR,A,92400000,9.0,2,5.0
