"regcust","frequency","sales"
"arllzxpd",17,210835
"ckbxzluh",12,85307
"mzpabcxt",8,66565
"yxpsucwv",8,55579
"xqatbtna",12,100571
"gkueovqi",19,83698
"cudjibty",6,30712
"qyqedbzn",18,93060
"odsglpfu",6,18672
"qlmoduxw",4,14949
"iavgannc",16,151846
"shkvbhpi",8,38455
"iusdywjt",11,42807
"rpzxeobb",7,36535
"lorcpsvy",14,83965
"aynnqkfi",15,82114
"zgqnwrms",5,26015
"hrlvqkqf",6,27284
"praoghms",7,19589
"adtahhjm",15,76293
"ceqzhjjr",10,51208
"pbrzmzuj",10,36310
"ziureqnf",4,23565
"ifossgfj",10,48635
"wvxbvzzp",8,41503
"fmlryahf",7,20744
"eogqjbpk",4,27528
"rneblgqc",1,10000
"gylvwezr",7,24275
"icjqvncf",5,30847
"tehaetul",19,82145
"gkhjdxvu",4,44196
"ietzwdfx",13,49738
"hvspiowo",20,175250
"pgjctwat",1,10000
"ddqfdhzy",5,27890
"bcxxnwsg",1,10000
"pkigxpsc",7,37509
"wydgmrvx",10,53439
"xvszincm",12,73742
"jnszgakj",15,174712
"tuwjqhtx",3,10000
"mqsdycqi",6,31620
"shnldoay",5,31501
"vddwchpx",11,46885
"jkikavus",7,33397
"avjztlnq",1,10000
"nttgcrlp",7,46236
"crugkjbn",6,69170
"aqqupynt",6,43774
"hguoxjte",12,37229
"fzxttrec",8,30605
"pckiroax",4,15070
"kzdmznfl",4,53716
"sptnjnko",11,62117
"wmauvslm",12,62223
"msnpsmte",7,76495
"nmsiuaaj",4,12509
"qfyhscgs",8,110504
"dspqpzeu",11,49302
"yhbdqany",8,92604
"hqnehuhn",13,71126
"cbqxxsfz",11,159192
"fasjlfzh",12,50626
"rxblpgtj",13,159154
"ozwseldj",9,60781
"thzkzzni",13,66381
"cunwdfpj",13,61278
"satjbmcr",20,118906
"uzuqamse",19,140737
"pjiiiofs",9,56513
"asfuzrnr",9,42208
"tsncnxax",12,59271
"crhykdfi",12,63397
"cjdsgeca",5,18440
"ilwmjnxa",16,87409
"ytspkuev",8,39534
"sgugystg",9,62398
"isbuvuhc",8,30937
"ivmymcix",9,41251
"hpctssaw",16,113905
"buigyrjd",21,130831
"yhfytosp",19,86135
"njckpmtb",11,48590
"eennytze",16,61108
"wvjpcoom",9,103659
"bmqeglxp",7,62249
"smxjscvh",6,48311
"scpgqqjo",14,75011
"qlvrjzgg",17,200508
"yzswcplm",11,94414
"oveqsokv",10,57708
"awnodmmt",10,65225
"czjkzrsf",8,98646
"bltgoeog",1,11619
"mhxpdaao",19,123558
"bcjhqdse",2,12545
"lfcrlwvc",10,43151
"yxovlzpp",4,17614
"xutleddl",4,20307
"bgjgmixw",7,64497
"inqptdup",8,27583
"tpbvfupw",19,89378
"jmgwooqg",5,19104
"dbstcmzj",9,46978
"xybseqrp",16,51783
"uxbkrzbx",8,42077
"ximzpqac",2,10000
"ewopahrl",11,48987
"idycgapo",13,105814
"oncmozyn",8,74588
"opuujsdl",15,52886
"zbzwonfv",4,21087
"zhlkbkbp",7,43263
"gqstbdxr",18,169766
"psumdxpq",11,55460
"lwntfxlq",2,10862
"wwvilyed",14,52984
"rdybuvtw",6,26494
"qrobjjpa",15,62964
"xoaavxbr",15,78738
"izktgpdr",9,52867
"ilwyvfro",9,53616
"rlfpnzzy",5,49155
"htuyzhts",12,40775
"rvdervfh",9,42333
"znzsqfbu",1,10000
"bsjyhhqy",10,70036
"ubouuyxt",12,56668
"lgwefhmt",8,87759
"tccihrhk",14,54981
"yomyvciz",16,85679
"bbktbliy",11,55370
"ndmdaqzc",18,51393
"fwmnbmcu",16,69071
"lyetowet",15,85145
"cdvmdumk",18,53612
"bfcabojg",21,96955
"mkgjtism",13,74188
"gaqgvtwm",1,10000
"qzfmszjy",12,40932
"jijbpxhn",7,33674
"lpeiylbl",11,68333
"wqalmqwk",10,57100
"wskwiwdr",5,17544
"wqxkvvge",9,45287
"ihofqgmv",5,15135
"wjhsefks",10,113701
"ssuksmxy",1,10000
"fhjwtqlg",5,21188
"wubraowq",14,124190
"jnalkjen",3,14056
"ztuieqaw",4,16648
"ypojzyky",6,31652
"ixphfxkx",15,83700
"gnyjguib",10,75685
"acqsmtod",13,109477
"qhembbiq",23,124731
"xqmczdoy",12,68799
"fvrresim",7,46248
"jfocahhm",17,73474
"vkyqledk",10,59717
"dwubooxe",15,73520
"glwclyya",12,160682
"zqsebjae",15,87390
"txkfgjpc",2,10328
"uehgyequ",12,114945
"kvpklipv",8,35743
"khudyypa",15,79182
"tjiklamq",17,80185
"zcbfqcre",10,43767
"sbafpwmv",17,97434
"rglwfgvl",7,29212
"yqcktzsu",18,121820
"qsbmeozz",4,20433
"hqbhhlhz",5,23593
"nukvjmde",3,12136
"kqxebbkj",8,75306
"jisgllrj",11,117526
"mrfwkxkd",8,28829
"hwmxdjkx",3,32509
"kwvbxvxz",12,46071
"awviilqy",13,75160
"acvimqbo",8,49109
"vblfaner",16,93520
"upuhsorc",18,81543
"qcfwqqpz",1,10000
"pcfsvmaz",5,29904
"cuelivcl",11,54051
"enmykvas",11,50832
"kbmmihef",6,23089
"ahsvpmgl",17,84817
"ppfyccku",25,97717
"tiixfxlk",9,44420
"pvrzkgis",6,28081
"ypenduay",24,129383
"dadeymry",1,10000
"zekpffsd",11,66049
"dhprlbmm",13,64790
"ovzabncp",9,48481
"dzlupqna",5,35808
"qmunmhvi",17,78025
"breazpok",13,56388
"bfqmrjuk",14,87375
"aijluwqt",9,41516
"vqrknjfn",8,32818
"hduhqnlz",2,10000
"xoujfqsx",14,82485
"stpnsegt",7,43949
"zawlxnmf",12,81236
"efbkqysw",4,22948
"cyjjaacj",15,67717
"icaolkbe",15,167164
"sclsfmpt",9,27531
"kossndpz",2,10000
"bbnpvvpj",10,47348
"hyhcgfga",11,45884
"etobuxkn",8,27629
"fdwqtzqa",14,56938
"brzatbup",12,82388
"zgizvzpt",7,85663
"zyjjizgy",16,84678
"olakctbv",1,10000
"zggbjbtu",1,10000
"nhetcjtb",1,10000
"itdqrjvh",8,43309
"ffuocjzs",6,31893
"vuszpmjg",3,15097
"wnfszcgq",16,85956
"tvhpyhyl",13,61002
"tgasigkt",1,10000
"snwdfedn",10,84334
"vnoaacjc",11,64289
"xwxskxmw",7,33928
"pusbaapr",19,114015
"wvpgivzs",7,48007
"tgguufhv",16,107496
"fzgdsoxv",6,23780
"xwzgmjmt",13,153945
"omrzuuje",10,54124
"hzqdtkre",7,29541
"nrrhekww",3,15178
"jhhyfzmy",1,11641
"xvwbamjc",8,44680
"jhilyjxn",9,32608
"aukxmtem",7,29809
"lehutkjq",4,21174
"qcupleyj",1,10000
"emvaxfia",7,37439
"gophznku",5,22396
"bbwxtjve",11,127210
"rykoawsp",8,27220
"hlfivmve",10,64656
"fxenlvhx",13,64394
"emibrlly",13,67816
"btmgaexz",3,17874
"jpkzoavh",14,72502
"qtvbfcjr",3,14247
"vntxrdth",12,52432
"mpomdhxo",12,68271
"wfprxvsi",9,38219
"ylwqzuqv",12,83301
"ihrysine",13,25638
"rczyezed",6,67157
"ytneeebp",16,163379
"qfxyzbzq",5,23351
"motrhkbs",12,73299
"ablzrpgi",12,62457
"pjezarno",13,74572
"iopjahuq",7,41621
"konksbqy",16,56499
"arypmobt",1,10000
"vxopkxya",16,70147
"iklxdoii",10,34410
"sgwigsrx",15,93017
"hysvradu",9,59817
"gfukjyim",10,61728
"pilmvjwh",8,88366
"nutvhhhz",20,73474
"zytpuljr",15,90325
"esfoanuf",9,41078
"evjhazmz",1,10000
"afkzqdoa",13,67089
"qxcdavzd",18,109854
"iqebdtpe",12,57664
"ddqvuifn",16,68909
"eeauvytg",13,63074
"igdzizdj",16,184540
"gnjmnnbx",9,92437
"yjcsywvk",13,156649
"npxjzriw",7,23417
"rskskzoj",6,31193
"nhkroozu",19,109792
"qlrrfrap",10,50362
"rfrpycqt",8,39717
"xjosfipf",10,52233
"xdzxlftk",10,40839
"evwkagef",14,80852
"jgryvkph",3,30670
"abmvzsgk",8,43504
"ukhnnash",11,57916
"oxscgeer",14,163891
"hdvbjwrh",13,81500
"snpjszpl",12,66776
"rgilmkzv",1,10000
"dnshlykn",7,34613
"sfjjifte",1,10000
"pmstbokc",16,70326
"sisrhehw",10,48315
"zsksjjpu",9,45290
"qwfxsqbi",7,62217
"orykdwrk",9,38468
"nszrewut",10,61952
"flvvwxre",16,45697
"jxilufvu",15,71921
"xsvbkgzb",17,79425
"ttjqqyux",19,99398
"mljbhzwo",6,26947
"syneeqpy",9,22532
"wuqbucah",16,84979
"einjcmtb",10,47357
"imqbglxh",2,18688
"qgshwbqu",13,141711
"ddbnzdmg",9,48066
"fzixiymt",8,35330
"qauaducg",13,55263
"bybnaeie",10,50046
"ogxptegs",14,71722
"hcxwlpoh",5,15760
"eezdrliv",11,51468
"sfmoilcn",14,61818
"tsywlepr",11,36936
"zdrokaed",8,31018
"xyqovnjr",5,54588
"qhpqflda",16,66968
"mbumxtmu",17,71978
"ncqgjnsg",11,48318
"qdndelxr",14,75810
"zehzbxhz",7,41554
"oqpybqxe",7,106233
"xqwuvtkw",18,93203
"izwmnroj",2,17652
"gatycxyy",10,50528
"ukxqmbjk",16,66355
"mshqdkkr",19,109232
"asnzcrwn",11,123984
"bgqkidcc",8,79321
"uqqktqeu",8,42494
"jvhpbugn",4,22222
"kqokkbyx",6,25949
"gkeqfxgb",2,10154
"kvrrhrov",12,53799
"mgoulrqv",6,67561
"qeyfqztk",11,65015
"wjwbmyiy",16,72394
"rojxnnjy",7,43365
"avowshye",16,199225
"jnlwvvob",12,37447
"lahqdtga",6,30711
"uehljpdn",17,62543
"yusiecag",11,42359
"bojuekvk",7,30728
"bhhodzeg",13,59105
"mtmkwoon",7,31939
"inclxqca",11,56028
"vcnupbuh",5,28131
"zuomhasm",15,159647
"gtjlrcgh",8,80753
"irckphhl",7,42958
"kwjyhwzi",12,40500
"hwhvjics",7,91565
"lbtdudyt",11,34682
"rjrzyuma",12,40953
"ubswnnrl",18,94719
"wbvsngph",13,64771
"epuspclt",15,58519
"slrbrlqd",7,62206
"fimwcevd",5,23104
"yrfmqsha",10,45293
"zfprrfjm",8,51980
"xqtyxccj",4,15855
"zllqzzgj",2,15763
"bfkiskou",4,20377
"vuxxdjfz",1,10000
"ltdkmfxr",13,53724
"wlbhbppt",10,38980
"yshdxyyf",13,84884
"pkiwmcfo",14,70386
"jeahumvr",14,158957
"czklhwqr",8,50325
"udkksxjz",10,97935
"pxxtjbag",12,63837
"jobbgkyu",16,62570
"aqyinogq",5,18305
"qrhtsbej",6,26847
"dkejmudq",4,31647
"ghwxxgrt",20,135282
"mnwzahkt",9,59678
"yiptnmeo",11,39728
"yqaxzkho",6,26750
"fdbvochl",10,47677
"sfpzegqu",8,45555
"ivqehzkk",16,89555
"mhgzaeuz",10,55714
"nluikhxv",11,52262
"mfjfjfpw",4,30591
"mwimprgh",15,74092
"bwirsssb",18,84945
"xhgjladm",16,92209
"rzvsyrhn",15,77259
"mwrrrvfh",6,35630
"cprrvfnp",12,53340
"pogzrrul",5,47148
"xalnudht",7,33740
"xqijlfbg",11,119400
"vxifmrun",9,35743
"sihadkgc",17,96202
"vnnaesgs",9,42672
"twhqjypz",10,43927
"hskmehcx",5,68657
"dhmhwauf",8,65224
"gfwmvagn",17,100247
"bfkijdvs",3,11357
"uluiojqj",9,126167
"qeekulph",9,51128
"novygjvp",6,28208
"wsmshpna",12,168450
"sogrwgyq",11,44871
"pnqbsqml",11,58840
"dnymxfuf",6,35658
"wsuybxsw",11,49496
"lueieklg",1,10000
"vduwfiyb",17,79228
"kpyymuqr",14,87389
"uobvggzh",10,59099
"ybxtkbyh",18,87016
"ssntenkq",12,53156
"shbcuoqh",12,42653
"glotrbzi",8,79479
"qsidggsy",13,130891
"fslnyipu",10,58830
"dphptide",2,10000
"laoumsul",1,10000
"ccxnupjt",8,39687
"bpxxigqy",14,101389
"tanipujt",13,67006
"iooliszi",15,74298
"rrixqmao",10,41046
"zioieuiz",19,94344
"bayryfbw",10,45569
"xgqcysos",16,82839
"slnragvs",13,79014
"jodchuwf",10,60187
"mkmgxndl",16,62219
"mhsmfvnw",9,43747
"eubmkowr",12,117974
"fgarbjmt",3,15773
"ilibhqbn",1,11294
"dpsnuiol",11,65048
"hchivssz",1,10000
"xovchnre",1,10000
"jrrfrbnl",7,78657
"fetoeqbr",6,77660
"wljxnita",10,53762
"xnwsjuba",15,72939
"pvillfdz",21,126022
"muwqcvpj",7,65936
"fiohjrzi",1,10000
"mxeammqa",11,59302
"pqdjtedx",2,13420
"kozlxmbu",8,41088
"rsfdremp",17,155915
"bryizvud",18,86544
"dkidxwyd",17,68642
"ysjdeqqa",7,33346
"pchyamza",8,53420
"mkkvcjvn",15,44344
"azxteylh",11,58569
"ipjhtiyn",10,61108
"byttjxip",10,56697
"cbudqqgi",5,30512
"vpnuzvbn",12,50637
"jyusykim",6,61752
"xfxppwms",13,169739
"xxoczace",13,140288
"pnhpxoqj",12,181245
"timzrqmo",14,61603
"mevtiskg",6,76202
"smpwtrrs",11,99570
"ebubqdtm",17,90815
"ohmdecur",4,21964
"rlwfspqt",5,23143
"wjluwldj",3,25845
"czzvlntw",1,12552
"ggokdmlk",13,59144
"kznclfbr",8,82526
"bweievam",2,10121
"rfymtolb",11,32857
"xqmczivn",9,119795
"prexesqm",5,24305
"vsvnsrja",13,38334
"ogeipprg",9,54334
"ozhfvxjo",10,52801
"wtfpwfqy",13,75111
"xfwfrujm",4,24497
"vddwqwkb",14,68127
"qjjqlxfq",10,62662
"qwtzrxui",14,142759
"vbqhyltc",7,46008
"hjhayldp",9,45400
"vqzsphyg",6,36890
"hetgcuxf",14,75746
"quuorkqn",10,50221
"bumvancn",13,66897
"bvdwsoxj",15,57022
"umrxbtbr",16,147348
"lfjmkuaz",10,49807
"dmizkuen",9,31330
"muivwpbu",22,77686
"mgtpmcfx",11,57862
"sgvisjwh",10,55843
"nizjzpom",11,58589
"zmpvqhdx",14,61055
"sgtcogxp",6,41900
"jgkzngld",7,72654
"ifviistc",15,94634
"ultwxcma",9,98652
"akjywvzg",7,38038
"qjlfmudu",16,136659
"etepxdyq",9,60046
"rzjnjscp",14,65280
"yphnozuq",11,34971
"rouyjgtm",6,58271
"nkqbhmza",13,62983
"jzaychbt",14,126662
"dpdvmnwn",22,126757
"jpgtxygc",17,159460
"zmmrhqek",12,53704
"bdkfenzo",7,22427
"blcrtobh",12,53722
"ijlkoufi",9,46674
"wuyqjcqv",4,44701
"avxmvcae",9,42833
"zznusxvn",7,36005
"qelmngnr",13,84845
"sgzffeug",14,167890
"fyqhlusw",10,39051
"vpamfato",11,49301
"ynlgtlqh",4,24300
"gckaifxp",9,50587
"nnlxpcbn",9,65764
"pxqruzfa",13,75765
"vitvkwrp",17,63055
"lbuhwwoc",6,40232
"kqqivgne",15,74169
"vqaijazs",12,63769
"xpcaexux",7,28599
"qfflaozm",9,48385
"iczjtbpn",8,25794
"examyndf",6,36957
"ooiaxuuv",15,76723
"luxdueam",8,43104
"omevjsdp",11,141295
"deswkdzm",7,74356
"tbwzbcun",15,73817
"cgrpnszw",11,48323
"bfxeiyss",1,10000
"tanjcroi",2,12224
"olsvljif",12,60030
"hjnyyjdw",15,48804
"kmwsfftm",18,86928
"yhiouacr",10,111520
"oubbojmt",16,78590
"omnrlmdb",21,86739
"wkruazcn",9,58531
"zkdrjbrb",15,131312
"wrldtdcs",9,81171
"unwahjax",11,41350
"lljnhtpr",17,70543
"xkjnsnmq",6,26892
"zjtnrjvm",17,91071
"wcwtkheu",6,65628
"xvjdelnq",1,10000
"uwbbdazp",6,33005
"jfhaiwzg",6,25298
"ngjwpoqy",10,45981
"cmcuzaqv",5,27203
"dfdzyqmn",4,50836
"xfaarhab",15,91715
"sdbdmmtn",13,88098
"jxqwrtfe",10,54926
"iuqvzxuc",13,66064
"qsslvdyc",9,35838
"kspijqqf",8,62094
"aejudhli",12,48714
"ychcxbpu",1,10000
"tasynsdv",14,92563
"hlsawqfr",15,69652
"gxatvzfw",7,29014
"qnzwadju",8,25446
"qhtgwyza",11,107513
"jrujpper",3,15360
"gkuqfpty",16,89697
"jmltylvo",8,48040
"vypumhlx",12,57161
"cnadxqqb",6,28046
"xzxcvzus",12,72214
"znlabyip",11,97749
"kypebjlw",16,68456
"myxkqqix",5,25525
"mdatippq",7,43926
"mefcicnm",4,15842
"rqxljxyo",16,62892
"twbqttkp",13,61413
"njkberzq",19,82426
"nrkhnkne",8,26727
"tyoutbon",13,78221
"hxibrhoz",9,43524
"vtblzxtz",3,19154
"jtbijsnx",11,50459
"slkgnido",5,28377
"thvmsnfn",9,46889
"wwaoxtkd",6,41676
"ttadomwi",2,22869
"dbecqrjc",1,10000
"mudlipgb",6,31735
"opxfjkjy",14,82711
"tfmiypma",14,60471
"nrfbepsi",9,22269
"ycdeammk",8,45753
"lpyjwwyc",11,58247
"vbpxfzhm",13,83933
"pdzqiytv",5,28628
"kjgrafdp",15,88949
"povghtou",9,49545
"logoqyma",8,29379
"fuzwojat",18,104087
"jaigajqu",12,66294
"zbbxfcgl",7,43567
"adinsvlp",10,66636
"aczxqhqa",10,52383
"yuwqvjdd",10,33878
"tbdlmuzy",9,53354
"tblegtyl",13,125712
"jvpnmzmq",8,37610
"lprfoxnv",7,32142
"jziidnil",14,40192
"buknhleo",8,40068
"ribeiqpu",8,45174
"otoafntn",8,42845
"xppwuuzx",13,51995
"kesfrosa",7,40630
"tphrtsjp",8,42404
"evkluewh",8,42361
"kaytmvyq",9,31807
"mvqqcwav",5,71474
"pbeekfpq",11,57915
"dsarstqv",3,15856
"jptckdyt",15,120172
"egmncvla",11,109254
"iumrqerl",14,68887
"kisvmgga",6,33441
"bhsqemum",7,28503
"ugtmjioo",14,97247
"ahtaaayx",13,64076
"rhaeoimb",14,79253
"hfxxwjhx",16,106843
"xvuswuzm",9,30297
"bxubfqth",13,75174
"tewdypcr",12,58559
"epqzqqdn",8,44422
"xrflddbg",11,117222
"nlqcsphv",5,33654
"vqguxcsf",10,45233
"ehzadaxa",7,23700
"hybnuzxv",5,27640
"kanzjnrs",4,33852
"hyrzgpcc",9,33165
"btyeygag",8,50100
"yuatujdk",10,68606
"qouusgsf",6,37245
"itdplrwd",7,65160
"zutomtnf",9,43500
"dkimelow",9,47139
"tuvcormv",2,11304
"knmioycr",9,43466
"dwjnljqs",9,46466
"bfyonflw",12,57527
"gofggqmd",17,67852
"viyfqcnb",13,82972
"bczbjjqi",10,99121
"napocahy",9,93753
"qlslbklb",9,40226
"hcbzllur",13,123566
"gplgypxm",14,85846
"ewrceoyl",13,48080
"dufitpen",9,54483
"nycplqox",10,33955
"ceciptlt",9,46795
"ljfrdgmm",13,54918
"lpwzgwrp",4,16217
"avougppx",7,32831
"rggjvxkr",2,10000
"qsmfvtzv",9,61781
"tefvmwsa",15,92682
"rltqejgn",11,67839
"yfayahru",5,23582
"fbdotgqz",10,48519
"cefhcxjr",17,97463
"gldewkti",9,53328
"pkijzmjo",4,19377
"ahrmwmht",4,17333
"pycxzxfv",22,181973
"erldjvih",8,49992
"xfnznlyv",9,116292
"sawelyms",13,56869
"cleclavv",10,51399
"qpzxhjcz",10,52269
"ksgahkla",12,62907
"avobdkiu",14,59349
"fyuecbkv",10,59539
"hpfsvniy",24,153077
"ztkvzmxq",8,42139
"ocsawpjv",13,118291
"visqkimk",5,24852
"xlrmgppx",13,60646
"kklhosht",13,46217
"uocmkyll",9,54805
"dkpsugos",18,73244
"sgcvmsth",6,73206
"cmxjxgvo",3,25463
"dfcbcvxo",12,53799
"qaezoopl",7,62667
"jvoiojry",17,99389
"nqmmvffr",5,22613
"yfmwawvw",2,23818
"ihzslsbs",5,28685
"csvpiuvb",12,63785
"aseaqhbe",3,23143
"zddhaaon",18,73283
"txyriqla",5,26649
"euwyvefy",5,32713
"gaazafwo",11,46245
"uwimicfs",13,123180
"gdggzmtp",12,129912
"hppyutfg",12,53575
"bctwoehe",4,14744
"vmqknpvv",15,99510
"wlctefcm",13,66912
"ohkwefna",13,60793
"yumpxlva",6,39970
"ourmbgqa",9,41810
"vantfpzn",2,13139
"cindxvqr",9,40121
"xjetmpdj",15,73642
"pvrhrqqb",18,70606
"thcpkkgc",8,82566
"gvagqwwh",10,53879
"bepnegbx",12,60210
"efkszkty",1,10000
"sjhhoadd",11,61309
"tkkxivbd",3,12580
"efppxxjp",2,10051
"yrtcvwdb",6,34739
"mbphpwbt",14,92559
"lkaxqsnm",8,36170
"wylbgbeu",19,84288
"gozbuhdh",12,80934
"htehrwvm",8,37173
"lgmmovhf",2,10000
"rhrzwqaz",8,42885
"ujdqfsha",18,95161
"bedkhhpq",8,37776
"asjbtygz",3,10000
"jxsslmab",18,86697
"lehpfvnr",2,19033
"vghnbndn",11,138869
"pwfwtufv",2,10000
"cmnsvwjc",7,66463
"pahdomgu",3,15267
"xithbcxb",14,51332
"uttcftqn",10,47990
"ovptihtk",10,41190
"lhtsmojt",8,49474
"nvgxswwh",15,92303
"cjtdbnno",2,14636
"gihgpvmm",7,33547
"ujmcbrnr",11,52719
"qyfuqhto",11,55567
"yxoihzua",8,46416
"cqjqmesy",6,35615
"edmckpor",6,38730
"tlgrkdfx",13,143218
"jqavpoqh",13,61336
"yzuaxorx",12,68226
"ccetwhev",6,33946
"gualmpoh",8,37553
"mygumnxo",6,33798
"mmrchnnz",8,41054
"wemdswqs",11,37834
"rgypkgmm",9,46081
"poywfyoq",10,74714
"rpxcjvrk",7,37735
"tpuvejxk",11,125422
"sialtkmw",12,143159
"rteubeqz",20,142909
"ajvmkzyj",10,44342
"mirqjtsp",10,35072
"amkwnrwd",7,35590
"mckeborv",12,69700
"drpsmvle",13,65860
"mqicetfd",11,43766
"xuldrjhz",9,53330
"vwalmpbf",4,11521
"skbtlduj",1,10000
"weqodcdj",7,66308
"gqetcicc",8,37141
"debkaijl",20,75441
"avmisruo",13,77144
"kjaijxck",11,63776
"pnwirhqi",7,40724
"gmxltbrk",13,53816
"pzwvtxor",14,69044
"rvkzbhca",5,23840
"iufwmoxd",9,52682
"dbqugcww",12,53491
"fyeqddtm",13,68792
"qpuepnju",17,84944
"qbvpultx",1,10000
"vldubsdb",13,79779
"czggzoih",15,82263
"dapehtid",9,41133
"hvcuthsi",11,67816
"xuwdfogw",9,87700
"zonikgpn",15,115387
"feganazp",13,66832
"qasneaeq",12,130414
"mfvudbcw",7,34796
"szvoyuki",6,26075
"wsyonnyg",18,206307
"ibxgjzan",12,51053
"mjojskxv",5,32749
"iwsqwgro",11,48286
"amevnvkp",8,51785
"gqzbxrhj",9,51073
"lilbvelq",12,65982
"kdjyaayw",11,52999
"swwelyjq",9,38418
"unwoqsoz",14,59682
"fssydtoc",8,48182
"wwreqkcw",4,17997
"biojgbra",10,95573
"gczhmjmf",9,42479
"qavuqmet",11,56453
"uneaffni",11,50597
"fcvsbbzu",16,77380
"ftdpxkje",8,44701
"ofdrybui",5,27312
"fcyralwq",12,41538
"iivwwocf",11,62964
"isjyloxd",1,10000
"affmpxok",8,49517
"mfmwrsxr",6,31468
"xucjruam",9,49731
"xhomhrtu",6,33354
"gameajvz",7,32006
"hnewydvu",7,29874
"gehfsmuo",11,69844
"rvomtupd",7,37622
"bkldagul",13,90101
"xhqfogrr",6,60289
"zwbuidds",12,38914
"copibkzs",14,82100
"cngzfhoa",9,57374
"bsurmdwx",10,43772
"lqmbzhrj",5,54191
"ofxfcbcp",11,60327
"ddryashs",1,10000
"bbqqaarg",4,22942
"cccggnkj",20,72373
"lsjoevhl",3,31403
"tphatazd",7,28515
"niexmwij",9,42285
"doclrjgx",12,56184
"ewblxkks",20,159614
"vjbrkrpm",5,17781
"etkvkhge",3,16141
"nyzdbkpe",11,48877
"ymqcxyrx",11,58786
"frhflupa",10,97683
"vrahpufo",3,17448
"cwaosgmc",4,17058
"bzmyzqsn",15,68916
"aqbhukzh",6,62784
"srzmtmne",10,66745
"dkgyulbp",17,72961
"woqdkktu",5,22166
"kgtqqsdh",13,97542
"pbuudovg",18,113322
"kzqboaoi",8,48381
"qsshnrjk",17,65308
"wrwqvlea",16,60169
"oogfjcem",7,33593
"nqodnziw",16,95298
"cnlbyfwj",18,73589
"qwwqsrxd",6,38343
"wgkovcin",18,99902
"zampxmjv",25,80974
"mblkxlhm",6,65310
"svjfopqu",2,10520
"pwamujzs",3,16051
"ayxkfpif",9,41653
"tmgftegf",21,91217
"vrehcfhc",8,43200
"lmgkfnrr",11,54623
"gpuamwsu",15,145650
"bypkuyyd",15,111165
"vabymtta",6,37595
"imvtmute",25,138856
"ulrnesfd",6,36628
"bkrqnrwk",7,33863
"higwxlzw",13,72936
"vxvzgoyb",7,66943
"zzdkiqpx",17,100849
"fezrwiaz",10,43955
"ijmtzuqj",11,47684
"vpusdusn",4,12215
"usbxafqn",11,44963
"pdrtpshc",7,40787
"xhyrfmcf",10,54122
"uemckitz",14,66049
"ukliqseg",7,23146
"fbksvoys",10,50685
"wswheekj",8,32342
"paqsovik",14,75779
"osadvnml",8,34421
"ldldxdud",20,83012
"ijdymrro",10,54178
"qhqalvsx",15,55893
"uazcusit",21,100192
"kqqxwara",9,41119
"hkimjrzy",4,19459
"aisykiff",1,11921
"czwkjtot",12,58798
"xorrmese",9,49367
"kedekwmh",3,10000
"smruhlad",9,85848
"vngjlmwk",8,38481
"kvwhnppv",11,42287
"waoanftg",17,191023
"yyrcpwjk",19,94989
"nmeadjfn",2,11339
"ecpfvtin",6,59591
"umywyclj",13,114768
"ofcoehve",11,59354
"nogzuwdx",13,56801
"tqbmgplt",9,58478
"knhxqqua",14,46598
"jiyrwjcp",4,19420
"nqaggvph",13,49810
"qtqbulyh",3,16941
"xtdvozop",18,81758
"xdspknnh",11,74012
"rumktgtq",18,64947
"kfqplewp",9,113342
"rlgashwp",17,97680
"iuopdela",6,34537
"iyyswntc",19,68059
"vpimgteb",1,10000
"ritmtktm",20,99698
"efnltwca",19,79954
"qaoriyft",1,10000
"lotdifqs",11,70135
"ywhysrgw",15,97307
"pnhlzjzb",13,90632
"snktsyis",11,65092
"mcdapgwt",14,51525
"xwrivluc",1,10000
"wrgmfxxp",11,118515
"gltxefre",16,84430
"zruvjroe",2,10000
"ytnjfzwm",11,61917
"mwcoempi",4,17498
"gdpfaivc",4,22841
"jwhersea",12,64352
"shoxsqbw",16,106747
"eeixkgnz",3,16981
"omwibedp",5,19531
"hfyzjcsn",10,25512
"rltpzedn",11,54254
"ytqwwdoj",12,140603
"vcdbwcfw",3,16074
"muyvcbbb",11,75937
"jqenwqnd",1,10000
"anjvicki",12,68472
"kmjkquec",14,75062
"ycypscmw",13,137110
"qzoiwled",14,50037
"sxwwyewn",15,67667
"yxllqfmu",2,13514
"yblxdatj",6,33517
"dtbbtrcq",15,79295
"xzskjtxp",10,53102
"hdsxrzii",13,73225
"grpvcjma",7,29978
"qbtsjqto",1,10000
"kxaqwpvj",10,119611
"zzpugjpy",19,82677
"mwaswtzj",9,48636
"wezsptly",20,94784
"vfplmacp",10,93906
"dtkbfhyj",12,56420
"tbeazkpw",12,66500
"gbglunaw",11,61288
"tfyembpe",5,28639
"mllworqg",7,29556
"yfhzheby",9,33827
"znnludzn",1,11761
"czdahjfi",14,89673
"jzbklckf",17,87001
"sidchaxf",8,67227
"ortgylhi",8,51107
"urvuiwkt",17,81787
"cfnazwpw",4,17667
"efbxzeym",12,57577
"nkoawoiq",16,68456
"lyrvwyek",12,72677
"vopdougv",16,69899
"qkaiflgt",17,83214
"uhqcjoky",11,77262
"eybrdciv",7,78426
"tdzgjaqx",8,44381
"amxsvfmm",8,36493
"twaypeku",7,67641
"nccxuorl",14,69828
"djacblwd",9,37780
"wcfubeey",21,113919
"swedjrpo",8,75412
"fhvsexfc",16,91183
"wpcdjagq",9,41771
"pnkfqzxo",12,78862
"wzwmedan",9,65772
"omqqhrqc",10,45770
"zbefcwal",15,118885
"jdfxhbtd",4,37906
"xqdfrxpz",3,11284
"yxwkitzw",10,40799
"ehmqezoq",11,53351
"lrrtuijw",9,55196
"doopvykv",6,34294
"gpgatrjx",9,78067
"iwxkqehy",20,65384
"uryjchrf",2,10000
"ciowhgvd",3,12164
"nrqxvhzp",1,10000
"vtthkuyh",10,60419
"yszzrwoa",9,60673
"tjztinng",19,100317
"hvomrgsg",11,42565
"hhjegjhl",11,59858
"axmjnkcc",5,36047
"zdirbydm",5,21069
"ynnnmufz",12,115613
"bwqqcsiq",20,123648
"eddawuxf",1,10000
"ecdakwhw",15,56584
"rzaqbqoe",6,35808
"dxhxomoj",5,65110
"xkgddjut",6,38168
"pfteitgs",9,49827
"grmtmhcs",2,10000
"dblfcxsb",11,50257
"mdkdyhps",16,79700
"pdrhmljl",10,30543
"yvdylnec",17,90094
"cqhmptzc",13,82594
"vcbwphhx",6,30209
"niuxjkit",16,153860
"cqqfnzqv",11,31796
"ldjuuycr",14,70263
"loqfcahv",21,85439
"rnttmaoh",11,47727
"bpufjuem",10,39988
"cgybyeqt",10,43854
"lxlllltj",13,53673
"nittyeyv",7,32117
"ghpbdtcq",18,93949
"tqeamagu",6,27011
"zttsvxoz",11,47813
"ftmblhjx",13,75164
"ieahaoez",9,49168
"evornfzn",10,50204
"qiwxypuk",10,97514
"hozsgohi",7,32439
"djfrfpfx",18,161519
"zcbxyvqg",1,10000
"ugsesvlk",4,43256
"oqmgioor",15,84643
"jufhgtvi",7,49698
"abkzpiry",13,145667
"mwimngyv",9,48740
"qgohyiej",13,80794
"anyzgori",1,10000
"gihplwlb",25,119008
"fazpvrqq",11,68768
"sogwdzuv",11,50119
"pkplaojb",12,52286
"mbazrxfi",3,15308
"ndrhpcph",14,70202
"nyhchaky",6,19237
"qjnrakks",6,32704
"lrrmkchl",8,32532
"snqgsnem",2,23439
"xkegvcon",9,49072
"rpwrjypy",10,77166
"txmtntmn",13,58710
"xmfymqdi",14,73108
"kozotymc",14,87363
"lzpzybnf",7,30142
"lyqxfeky",13,73902
"wfahkvqi",15,74284
"bkgvveji",12,125906
"zsuzltjb",13,52771
"vzvjujbx",14,76022
"sfxxfwvc",13,73627
"mvmuhhkf",9,41700
"vhnyjgcj",14,66135
"sshuukjw",7,31551
"tzlljvul",12,83899
"uxydkuay",17,74553
"tizfsgal",18,83503
"jvbfqdni",18,229294
"chpzdskb",21,105039
"iqlptvwo",18,72085
"rmhzytoa",12,61699
"ysunrewz",11,55077
"ttuqorza",5,26569
"nxbgypph",16,90129
"byhoszgt",2,10000
"auvfyxow",3,14089
"ebskscxj",4,22736
"fxgebjvj",16,98301
"xduqejgj",15,75907
"dmlxuefl",13,74330
"ossplugo",4,47913
"tiibdqbb",6,75930
"lztmfqds",5,57893
"dbjfyucr",13,55734
"yfuqreqr",12,62128
"tjnmwfuy",1,10000
"brreoqgr",8,42375
"cslftzgc",6,39924
"usnxzyaz",4,12135
"mmtajjzi",9,57870
"ygqmahvt",15,70437
"ylhdjokt",6,27314
"sknolsok",4,24578
"vzhuoztz",10,100333
"fjifyarw",3,12404
"hrvadrgl",13,168255
"eikjsakj",13,69229
"zrottsxg",19,90796
"quhfsbxq",16,163214
"lperluav",8,28989
"ghwxlciv",10,55005
"goftbqdd",10,65108
"effabmip",16,164501
"kjizwedk",10,41322
"qgaqlrfd",4,17760
"pscobpgl",15,115186
"jfetwxhu",5,24080
"iqiacebo",10,49949
"gifmlgyq",10,35561
"nmsgvrbp",5,31290
"lwksrtah",6,23792
"hxaubtib",11,65923
"aaurmtqg",16,108474
"wkvcrtco",12,156209
"tnkeogif",13,63692
"crpjomny",5,24054
"kmrsvrtg",13,63927
"cvihkejb",9,34867
"kvbnzfjb",13,72417
"taezritc",4,15096
"smxnlrww",10,33073
"psabhqnn",10,114404
"gtkkmtwj",7,48758
"tmlwckst",16,73488
"dlmjvfyx",9,35470
"bpyyrkis",13,61479
"imakspvq",8,58177
"yaornhuw",13,54435
"xbqwvijd",17,80968
"egjyrkuf",12,49112
"mryvadyf",10,44734
"ehbjpntr",6,26566
"htwfigaz",5,25845
"usoxlbky",12,45190
"fmlltxzw",1,10000
"uwouslcv",3,18586
"nykfudzy",4,42947
"chyifibd",6,20203
"tmyywuyh",19,98175
"jiwyljad",8,91631
"ghwiftbm",6,26484
"fnkydctp",3,17552
"udzmglxl",13,141369
"fsiflpdw",10,44602
"laoryiss",14,126174
"jsrvmhgy",13,43993
"yvkqbvxl",12,68711
"uyyjdadq",8,59225
"ytrcwtzq",12,43503
"swxcutnv",9,60891
"idfheddp",7,33316
"rsfqnldl",13,71466
"ejpjrqix",10,69612
"bxyqejkx",11,66714
"vcnbsjgo",11,97203
"tnzwxpst",15,82726
"qqhlawfu",9,82507
"rnyyvirh",11,54040
"qyjwrdju",1,10000
"ptvdldtx",14,93107
"zoasscii",15,91873
"fwedysjk",12,57056
"nlgqdjst",15,79995
"glewkymf",22,238820
"bokhhled",14,65905
"yszfbzak",15,54511
"wdimuhbi",7,36079
"ygnzaxrm",6,25765
"vrkrckhf",7,39572
"csargsgy",13,46237
"oxfrdede",16,152837
"dsdowhxr",8,28402
"vsaucmon",9,48384
"audmtqqc",5,21050
"zpllmsgz",11,43650
"gvjsvwhd",9,31309
"rnqsnvgi",2,22728
"ngqqazld",8,85165
"mepubtqp",11,157311
"pwoojafb",9,33378
"jlzpdfxo",3,17451
"lrihddxc",16,215699
"hqxtdmon",14,142215
"zylwwtwb",7,36838
"cknvbsof",13,97234
"exxlttij",7,45574
"qqhubzyz",5,18622
"jbqqneib",5,34307
"uhygjelf",6,38317
"dkkusxoy",14,69748
"nuzrhhte",16,88847
"zkpknpqy",8,49977
"vpjilngt",11,105600
"aavjobed",19,154353
"oghxabzx",9,49671
"gtwzayzv",10,37489
"siqpvbus",6,28134
"akcbjnvs",1,10000
"jpurdtwr",9,39816
"uotmvzrh",7,33522
"dccamtos",2,19798
"fqcslxav",16,72576
"hutrbnlu",11,57398
"sonjfjcw",12,56443
"xjzagyke",10,54951
"xuyvzsos",9,22773
"itnnadmk",13,51054
"vnavdbcz",5,23386
"emfydwox",19,114612
"frbiidjo",10,111380
"xmezafsu",17,192628
"algbhgqp",10,46933
"rsltnrna",8,31068
"hcvcrzps",8,45216
"iyhrhata",15,66727
"dyiruiek",17,102306
"zgisbadl",12,112199
"fctiyfix",14,88973
"epqojjxc",12,145591
"gykgalbl",12,49209
"qjrwuxar",8,38537
"ocurggpp",12,67468
"oygaddjg",12,106226
"xjbmrujg",7,32669
"mhctgcbp",11,53940
"xtyaoing",3,13882
"ifjrpsfo",1,10187
"fgbcsopw",1,10000
"iezrutxb",9,53763
"oydwdeqr",7,43796
"noikarum",9,46559
"xfcwlxmu",8,37878
"lirfximn",11,51102
"vthlkums",5,21688
"nlvllury",6,33120
"hdmjqiew",7,30512
"tcjmtplf",2,10713
"jdvnvmej",10,77837
"egtiwzec",5,26634
"gnuvucui",10,53610
"sypmarmn",10,95716
"ngrkcswz",6,68851
"spbqrbeg",14,145505
"pgsjpdnq",10,39046
"svzdqhhq",2,20430
"brcieate",19,150694
"ulekhzkl",9,55758
"amunznoh",19,77252
"jexybbgj",15,68337
"dplzjwxq",20,176914
"rklroclt",2,10000
"cdgeeemy",5,55580
"nwgsazyt",7,29647
"rbesmspm",17,82972
"vhpttrqp",5,23787
"xncmltur",13,47814
"vcqusauu",15,67116
"cmadajqu",13,58566
"qhlqtuxn",9,41850
"grfgjcbg",1,10000
"kxnvorfw",1,10000
"jisjqgkc",10,35569
"sutxymwk",8,42120
"jmtitdjx",7,36995
"hlcbcpsc",4,11561
"bbblvwcy",22,78532
"jvbuofge",12,54453
"lfkwrlun",7,88940
"ruhwexkw",4,19994
"hzhvdhya",4,24131
"bzxuduou",14,73592
"dfbpvhrz",6,25591
"kjhohjht",27,183818
"pzfbgnuj",8,34615
"cmbtxadk",5,37533
"ljhxgubj",10,58548
"xrnrrizm",1,10000
"jxioazag",15,167415
"btmnetvt",11,127857
"nfcdpwpb",8,106142
"uolhvuye",8,36047
"dgpbrvhn",1,10002
"tnqvbokl",1,10000
"xwbfhsua",7,49743
"outysdna",3,14650
"dqrfbvkv",6,27053
"qlwnpicb",3,20631
"qtvwbrhi",17,90411
"ewcfauyw",9,34609
"lmwktxqj",8,39052
"ymtlfwue",4,20248
"yevfbxmb",11,59361
"hukpmtcf",7,73852
"aoujvzvl",4,15517
"oetgoarp",7,25694
"vbzzyqbe",9,86595
"jtypjucw",5,20150
"ebreoxaw",14,48528
"tilpjleb",16,163923
"ophewjuk",11,84218
"wncuedcd",13,47810
"mzfwfstr",12,139193
"huxtcjxr",7,47601
"chyadvpi",8,52482
"iyrpxrcu",12,45941
"tennkviz",22,99188
"okxujbpg",13,64195
"fxcnwcfh",21,202516
"kjsjphbl",10,64942
"huyxnvfd",13,71065
"ziperhwt",9,110225
"gbuhpqrf",4,17933
"rehpadfp",12,57084
"lksozzvp",4,22337
"gboyobyx",7,35998
"rgjxxyij",9,57893
"jfuxblyc",9,36777
"ieiroeei",14,76436
"vnljplne",6,39006
"kgtqmwsm",9,71986
"vmuwjerd",3,10000
"rqxldfye",15,82673
"nsfezdfq",1,10000
"eumeulur",10,87184
"hadzwwdy",10,47825
"aombjehj",10,44299
"orvaxlwp",18,83519
"wjxjrozs",8,88111
"vgsdztwz",10,29785
"nbhkcauk",14,79028
"chjqofxs",18,101317
"edcafeja",14,76082
"blxwfmrd",13,100013
"esbnkqod",12,35243
"xosuzdys",9,16789
"pkoprczg",10,47016
"dbfxokuo",9,25503
"ielscnwt",8,36222
"vvwqnvap",1,10033
"duxvdrrz",14,68665
"guwecqsd",3,33459
"wzupfimk",5,56436
"qegzgdxl",15,156679
"luxdwosw",17,82297
"bieulfig",12,53695
"mastzahy",1,11188
"xwxttnmm",3,17977
"zqgvwclm",11,44786
"xrquvrtr",11,114364
"zpmuapcs",11,49335
"ntqrnuhv",19,141009
"ubefzllw",8,39733
"cmkhajul",13,40889
"elumbxfu",16,62334
"evklcpqn",2,11531
"ecalelqi",7,70309
"xymyulgm",13,65254
"hrtfpabd",5,29309
"cyqwopjp",8,46113
"zessrnmp",11,151553
"zhdbijqg",12,53514
"nlevunqn",9,79222
"ruatynls",11,35073
"xjppwbtl",1,10000
"txixpvne",9,70714
"rivsbtss",8,44574
"vkyqugxu",4,18278
"rhvrybsu",15,91492
"vvavould",7,34716
"ouutkphn",5,17257
"zltzefzu",8,41058
"rivjyitf",21,146988
"sblqtbgc",13,74343
"wqehxdsb",8,41112
"fxglaqkx",8,39971
"szzyibur",4,13926
"uonqndrm",6,16265
"xsicgevp",8,61152
"dvhpnbbr",6,64564
"gocdwbpw",10,61776
"pijwzibq",8,26731
"nytflmko",10,119206
"kswidzgb",7,32179
"vsuxlayg",6,30748
"mauxjqow",4,15507
"mxvnybfn",9,94690
"qvnlunzu",14,101472
"kayksihg",4,14074
"wtgecuwx",21,103512
"dqdkrxsh",4,57172
"voljukkb",6,27630
"lqnvlyfl",7,45869
"ozggriar",5,24557
"jsnvokno",12,121935
"ktrrkquv",11,50661
"dfgfjrqk",2,11384
"wrblwrwz",9,49220
"lbwlxebq",3,35965
"iquxcbvb",8,48607
"lpzyayxu",12,90671
"rwkrbbbp",5,17192
"ozycqrcy",17,85986
"jmxyujga",7,34275
"wxyupmxo",10,60110
"crozdzeq",15,80413
"pfxhhdvm",10,51633
"hqabkymn",5,37911
"qtnuheuu",4,37189
"hmjfjlpc",15,95379
"dqubmdaj",13,95277
"otvswlgc",7,29498
"wwgdtlkq",7,39818
"xfkaarcr",9,65297
"bdadntrk",8,40840
"ayxvxuud",13,91218
"fvlerpjk",8,105225
"ykqnwmll",6,18711
"ocuvhswu",6,24549
"phzhgbjj",11,45293
"fqwpsdws",7,84790
"ydqsfiao",6,34759
"rohjctll",9,51545
"dtkcpioh",14,161532
"dmmsihef",16,101753
"fqxccowy",6,34594
"itpifbcl",5,19765
"epqrnfbp",2,10000
"gzjsjqcb",21,109524
"efxxjpep",6,22183
"psziqoym",14,92107
"skdwuahk",2,12983
"pawsnqll",13,103803
"kzwwbojx",4,14166
"rnzwulkt",8,56723
"hlfqxmqk",6,43707
"welswnex",15,72990
"hyawmitw",5,24222
"qjgjawji",4,41874
"tkmayupt",12,68453
"etwgqzyt",7,30810
"cohclfmt",1,10000
"ilrrotfz",1,10000
"zswoukqc",8,34469
"mqwhevfy",10,57587
"piqtjpiw",6,79315
"nourzvvs",15,56649
"csmdmnfq",11,41276
"hhmclhuz",19,65673
"ipnpifps",9,25615
"efjuzlra",10,46197
"dxdglsht",12,123511
"nrqwkxsv",14,95888
"bccikinl",15,51397
"tmiedbhg",8,42018
"ubdvarrg",7,40287
"plojhhun",1,10000
"srsunzil",8,42156
"efacfbff",8,36408
"nwinrahi",16,86413
"lqzzvujd",3,13236
"wfafazjw",7,43771
"akotzdoi",2,10000
"glhbtnnx",10,91063
"xnbxgpbc",9,84108
"ygqtunij",12,57907
"xqlvgnbx",11,50568
"xcmwbqap",10,48840
"aasiueyx",17,119498
"mhatniza",13,68656
"lpgmfdaq",8,28172
"vrkuqbkz",11,70289
"svzywvkg",5,21379
"xrfghdwk",7,49039
"ebfnwiqv",11,113112
"zwfqqwut",12,53071
"jivsrdus",16,72685
"hhlmmfug",8,46686
"tzjuwjhh",6,76463
"ccvzbgnh",13,146071
"zeuqlgzu",12,72534
"angqudod",11,54602
"owzhmgwi",11,69345
"hotzzgre",9,81306
"igpeuclg",9,32310
"wsmbpzon",7,32302
"gixholxw",9,44323
"vbchkcqs",2,10000
"tiebznxm",12,48347
"iptymdah",18,107155
"bvioneku",12,44531
"kzatzugu",10,64092
"qqtiumzk",19,41241
"wpwakcle",7,41924
"ugbfgdgr",12,48266
"jddwbwuk",13,69874
"ebaovcke",13,62081
"kzfrchtz",13,81178
"hmyeplgw",9,104739
"ezukjsbb",7,50521
"fqfgtqec",8,87774
"hupwroyp",13,89623
"hljonkus",12,135768
"cnfoztfk",14,160919
"fawzxgwo",9,43503
"kfychohl",9,53600
"teftbwkq",7,86441
"ttdiruqp",1,10000
"ywvlaama",11,57011
"yvppjgvc",7,45072
"yjebxenn",10,47111
"saooodsj",1,10000
"uxynmhcd",14,49677
"enibjzxz",10,49509
"fwkkjsey",4,17394
"xcjfzdhu",15,66649
"ebixrdxc",8,41000
"kndihxrq",11,122071
"uwxivwcl",9,100604
"wuxlecwf",3,12371
"objidbij",4,49650
"nusbgvck",10,51843
"btyscles",3,17844
"wpoqjatt",1,10000
"kpnocwwi",5,28018
"alyuijjj",10,48273
"lhnuzryc",1,10000
"dhgmeuqt",3,32843
"xwejgkfx",6,36888
"aunvvwug",16,82848
"uqtxtlti",9,47079
"nvfpsitd",10,51972
"hguddiqi",10,50029
"xvzrwpet",12,71564
"egovqpdd",9,57928
"xmhzpvay",17,114549
"efvrleni",13,61521
"moefufst",3,35879
"wiixxxue",8,56774
"oenimfaw",11,72702
"sfsjnomt",15,101319
"zjdzmjeu",8,50203
"vgpgzqrx",10,36105
"ndzkjsuy",7,45279
"vmuyafqe",12,48847
"ycxflxgh",6,44260
"bboclgrj",13,71440
"wjtawnhl",15,69558
"qeenjrfm",20,79133
"tqtewzhl",19,77666
"nqghfooc",11,135839
"ouzeyxwn",19,117585
"echefckx",4,25120
"yxqrnqjj",10,51616
"bgckcwgc",15,94389
"zoedbfyo",6,20438
"gsamswxp",5,24200
"bxxdfzqr",1,10000
"vmmbycbs",12,53699
"bsejzaao",9,94508
"pmzsihnv",15,54096
"kjdnwbrp",13,107668
"dxqmaxvd",9,41175
"pkiffmts",10,60849
"qgmzehhe",10,48110
"thlhuucp",17,69238
"xjcidwbn",10,45602
"txefopya",7,94016
"ovpwswda",7,37482
"rrecxfbv",4,18691
"ubkromji",19,166405
"spyxgqoy",10,42685
"qexqjota",6,28753
"fcedgtdd",8,81311
"atslvqrk",12,128356
"wcqwjoli",11,61264
"icoxedxm",11,51360
"cpslqqgr",3,11503
"ozoxzjze",18,168434
"bxygombu",13,74910
"zhabugab",7,23559
"ntwklaeu",13,47925
"fmcwbyrg",18,110181
"cjktfsyk",13,50568
"kkokqpic",9,35939
"cntvbotu",9,65108
"wswtaqal",9,57514
"hidwdvba",20,55142
"jfgmrpdn",5,32091
"yusjnsrg",5,20957
"ldcmxfdj",11,61636
"rwekehfm",13,62076
"yabdztek",20,83069
"cqtfjqii",15,73762
"hklsuptw",9,40423
"cuymuils",7,39539
"ffoxdsaf",17,104627
"hqshkyld",7,34616
"xeyxrmtj",15,128304
"uqkgwhmk",13,31254
"mzyjoctz",16,52193
"vcmytzcz",8,39157
"emmnapva",19,110645
"ztoqkisb",1,10000
"heetrcnr",2,10000
"lfohilza",13,57101
"rvmyicxo",17,96010
"quqetmss",8,33903
"zfgpuxtj",8,46353
"vqkyfdot",7,22327
"soyhpnae",18,115650
"nddzvhss",13,57261
"chhpnjxa",16,82029
"jwvmsozs",6,24712
"kfjkymcg",9,47516
"dizsvnkz",1,10000
"hpqwklgd",14,143631
"hxyinulr",5,32151
"siirwsrx",10,52042
"kalklyjc",4,20296
"umadjduq",7,22828
"ekhisqsy",16,66906
"ppwiangs",9,47383
"sungvdop",18,85962
"kzldnjtt",8,39510
"hovindjz",4,15539
"crqqvicm",5,29877
"wbkzzelg",3,10122
"rsbjkamv",13,56221
"sfldpcsb",2,11936
"bkgrtbnh",11,68321
"pmmsmorm",14,76279
"uoydcrui",5,34871
"difpcpxn",6,38688
"ziantfdb",13,77684
"ppzsuqzw",6,31184
"cjapqkms",8,76934
"dbsdsqfg",4,39359
"rqoyvkiv",10,43873
"cmohyxod",6,33064
"tgxtkbkn",12,88380
"fnxnicun",6,29598
"huawndkv",18,82757
"puanqtjg",18,92743
"mnbhevkp",6,32237
"mzqvoosp",16,76179
"uliqowbh",1,10000
"vgabvivg",11,58852
"mftmpyrz",22,113875
"yxukpvql",12,126117
"lhtlfxew",6,46862
"ujuirevs",18,91387
"arhcclac",10,40340
"rxgxcgxc",9,117121
"pupxylcw",7,36314
"sdlzhsds",4,19716
"ztnqbfag",17,75900
"utpiuume",5,33027
"amadboes",15,78293
"xbsedvoq",9,31565
"ffujauiy",5,51028
"qaygcdyl",10,72856
"lxbdqmms",19,121028
"nqkhqqfh",5,47238
"hubvcwzw",9,39828
"xpljriyc",10,58251
"stcyjbit",10,78163
"zihduuhf",3,27940
"gssyvjof",19,231549
"nyvtqdsk",11,70072
"eajwwqtk",2,13823
"vwinosva",7,62937
"wcqnwqpg",4,21972
"llfrdsnq",13,49540
"hgwifjsk",7,36161
"ferezmnh",8,38269
"feuhazlk",13,45224
"hwnliomp",13,62418
"mmcskauq",16,76066
"bczrtnnf",14,65946
"ttfjzefw",11,60872
"ihrsmqdg",14,67610
"vbfkuemo",4,13570
"ojbjtxkz",13,54094
"lditufor",7,62421
"wxphzbwy",17,53674
"urtyglnf",10,45576
"ofolgftn",11,54139
"sphruuqy",12,70825
"ozoyjaqp",15,36973
"yturxcae",6,31902
"aqvmkcal",9,80204
"ufcfeont",8,35889
"olpyngkb",6,50083
"gncowqlx",8,52974
"walcuucd",23,85493
"wwwedfyo",6,28789
"ztexaqff",8,51710
"uwqfxptk",13,143104
"ebchdasz",12,64791
"zytrpcch",7,46327
"nihpgoff",8,40473
"iwmzfpnn",16,98499
"zreawuww",12,111499
"ckaakblv",10,46098
"ithvihoh",6,63240
"hzttnfzu",3,17447
"nsuwsndx",8,41210
"fellmucy",10,39065
"kxpdeywp",14,52691
"eicluhyk",10,33543
"uouylhvy",10,47094
"vqvncogb",6,23962
"tumfoemm",10,45498
"zqhctktg",4,38346
"lufjamgl",13,52008
"gvzrihji",18,82719
"xhneidqm",13,59992
"xnsqrecd",21,207514
"elocczdf",14,64214
"lihutslf",9,73064
"uhsckhqx",14,48029
"awwrhysl",18,141389
"sltxahcr",5,21921
"czlxtnzp",9,52752
"rhqmztel",10,47873
"mcjrftoo",5,24105
"crzzntsp",21,119787
"tjjmcivb",17,79197
"novphpgq",21,80782
"zplfejcz",1,10000
"xzxlfmoi",16,100915
"hmfrrzfa",10,42810
"jtaxwhog",3,23711
"vzjwvgrv",9,28067
"jithqebz",15,70301
"yxsjgrkv",3,10433
"frwhwupi",15,62527
"zmwugoqb",6,35144
"flzwggck",10,49548
"nqgilqpe",7,28904
"rnboysts",14,169363
"wrklayno",12,111574
"uztitebq",17,94458
"idpizxcj",6,42128
"rqbxdcgd",13,86623
"bhccaynv",15,77093
"vxhwdjtu",4,62891
"haiqyjoq",12,128676
"ovcciruy",11,67557
"dwgbevlu",7,27636
"lpudszcx",1,10000
"xjlielmq",10,29010
"fofkpzfe",8,40835
"qjqickce",10,55092
"jjdazhkr",12,41702
"ujpotwxv",14,65509
"weqmwmqs",2,11259
"kwnuahkj",8,47799
"gjcjckvd",5,27372
"ntfbzrej",8,88454
"miwchcyp",10,67430
"kykvytlo",15,75397
"odgfghqk",6,37220
"ztxqijnb",10,43003
"gynpgoxt",13,57531
"fggudfcw",1,10000
"kqybeire",10,98510
"hxspvqqb",11,42675
"otoveien",2,13942
"yzahtkxl",16,67383
"uzrmnfvl",11,44350
"algvojjt",13,97044
"yxkpezto",11,70012
"pvjazohw",19,104151
"yedbhgpq",9,24988
"zsmueool",9,45044
"dtgbchbu",8,51306
"nvtjjynx",12,131389
"xhqklncs",11,32682
"juchkicr",3,34014
"eqigctsl",6,59279
"yjzwibor",15,78120
"vxbppvie",18,67725
"owypztcy",21,53139
"bqsgreeh",10,55216
"eapktxvp",11,59346
"sahrrcru",9,35806
"hjhlopzx",13,51851
"ghsmdfvu",7,33330
"tgobwefy",8,77430
"lddkxkob",7,46207
"dazxxing",7,60915
"mldhtzrt",13,70979
"orzqbysa",7,27403
"yqhjmazl",8,91624
"skpvcjtm",14,100515
"qxjyhfoo",14,70088
"cninxyll",4,19467
"zbywlhvd",17,97821
"nakcbfbk",9,42082
"ipgqfxur",15,88684
"nkkzzmaa",3,14474
"axvmotfc",13,67386
"mxsbzenx",2,12276
"abwvmvpn",5,30493
"xispgqxp",2,10000
"hkhjoevg",16,75088
"tecrdkna",6,27505
"xizilgag",16,85190
"kpnxchoi",1,10000
"kwzgucvn",15,89813
"trnxeesn",12,39023
"owevfhla",4,21751
"cplqidhd",14,77870
"blwnaqvf",13,58281
"izmrdepv",1,10000
"hoxdogqx",15,71284
"uttaaovp",13,60340
"gfztjlcx",15,67258
"dislrbko",9,42722
"wekmfcmj",8,40837
"paguccbr",11,57828
"gejdhiua",3,10000
"dqbniowf",16,67075
"dcvbbxqz",9,88385
"wvvycnoh",4,15553
"xalaemld",17,85630
"lgsenpxv",15,194402
"gdqgkoox",2,10000
"jjcmkfkc",8,29961
"dpxvmewc",22,150009
"wuoknnjg",9,58747
"hlosqqci",6,35907
"dkkfoqjz",17,61817
"xieexwyz",22,74030
"mumfcmgi",14,76185
"gwkbdwap",2,10000
"dqjofjgd",11,55513
"zahpfyyl",10,51526
"gkjalhjd",16,194157
"leoixwut",9,100064
"snonzfry",17,125303
"yhmteskw",11,54175
"hxgbysvv",7,32375
"kelbyruk",15,98506
"pftaqzyp",11,54992
"saapormm",12,63125
"bqgqzmra",12,48897
"zmekrheb",8,32979
"umtjuytv",7,34316
"fsnmmsjj",5,21922
"wkfysaet",8,39116
"xxqsuifa",9,45393
"abpiycgd",8,51817
"dahzcfyd",12,53782
"myfisedi",9,44019
"nbtqbgdx",8,33946
"afsqjadr",13,72391
"nudtvkab",8,107540
"wtmgdzod",20,106707
"uhtxxtpy",11,60455
"agkrtuje",1,10000
"inowhxkc",14,39250
"fdaklzmh",16,67154
"hpvsnttj",19,152908
"ywnitpvh",14,170400
"fokwkoeu",9,27402
"dvwjqsdr",8,33763
"rlywicyd",15,79016
"emlwzwtd",5,19441
"vevcmdgk",8,47150
"zoryxube",1,10000
"gmydnkwp",17,100211
"utvhebrv",8,85733
"yoncymbd",8,28650
"mtawmxfk",10,39135
"ifdincbs",15,92995
"nxqaqukr",7,29964
"ecigojyn",14,100289
"nrkvkgvw",6,28809
"uzazsdtn",15,70445
"mgyiyfmd",5,39116
"fivnqyhd",10,47999
"ivnwrzoy",14,71757
"knoavidn",13,80846
"bssdyean",14,170728
"kkvjsbxp",16,102348
"lyviatvy",14,149117
"yjowiakv",13,101002
"tcsimwtg",9,54379
"zsapcjok",11,57804
"deogfhxq",22,131022
"vmqbyekl",9,26912
"vcvodeqr",15,43739
"pzxwrwqb",14,164568
"ycdlmehg",14,71133
"renikylg",6,31024
"stxzpzfj",14,73267
"mhrimifh",14,38791
"wwuwyoqr",5,21928
"xwlsiyvo",15,35037
"wskaymmm",10,56604
"trqrlhgf",9,45235
"lrzdgtyx",15,82081
"iaxihxff",11,117922
"kxnnusek",7,81178
"cjfjdhcu",5,23814
"wpisbysv",8,38186
"pozlrzuy",12,52441
"hczaubqe",1,10000
"zaudcnar",13,61399
"ltvhgpjy",9,53127
"npaophye",16,60698
"jlamiypi",5,15397
"lkqtobrs",14,62982
"lflslitr",9,41684
"iufekpvf",2,10000
"bclcsoru",16,82203
"zbjfapub",5,26561
"amzseiql",10,40221
"zswpibfu",15,72480
"efjaxbqt",8,33071
"cfkzeiam",7,33864
"nrgcxjao",7,38085
"wvsyapha",14,61251
"klnrkfji",10,37026
"npcbszhc",8,36582
"mcqplxro",9,84945
"phmiaaqv",10,62333
"kdblshlv",13,48217
"xchdxomc",13,70160
"isqwkpma",8,35335
"rstlyzvt",18,83930
"aorhugto",10,43712
"lcagmwlc",5,26319
"acxpsbxl",9,96194
"dnliavju",8,83221
"waurrudu",15,75724
"wzezxvsk",8,37246
"ynmlxcty",19,84146
"tptvhdhk",18,223532
"snkvtomr",11,45236
"vjkjneit",10,48718
"hcsvrujo",6,32476
"kzmfncax",16,72323
"wecasqcy",19,99119
"mneizymw",3,21585
"igunbaqt",9,40643
"tfgkpkoj",15,82856
"rvxcicsc",14,64749
"pwakrmkb",5,18681
"jzduualy",9,59721
"lgjxnhih",9,38247
"mcvqghot",10,48006
"rsvsbdss",15,53371
"ocqhsrqs",11,50540
"cbfgmdsa",17,76209
"shwmcwao",14,86646
"hilsbsey",16,87578
"buiwbllk",12,51366
"ljukubfm",13,60728
"gwyugivf",18,87769
"oaqbophq",6,21784
"opsmjxbh",11,49457
"bszaydwh",6,32451
"euwbaofa",9,65816
"cmlplldt",12,64567
"gvwyjmiz",5,23524
"lxpzgbuy",12,55922
"vgwksxpb",18,77581
"anshkxcz",17,77656
"zikjhxwq",12,40496
"qhliieta",8,85366
"ssuhcxeh",13,58406
"vllkrdym",13,73610
"eeixhymn",13,109906
"lwdqhlyf",17,97982
"dojtzqam",10,41498
"vephgclk",8,37921
"zawdxhty",16,111533
"rxumrwfy",7,33505
"jvfavvop",10,63022
"masjbruf",12,84302
"vdtjtdiz",10,60051
"belbogun",11,58361
"ybwbirsh",9,55381
"shdiwtnn",9,127254
"keuupuwi",13,145897
"mupzdwxr",13,49526
"stgkttku",6,35153
"aewxomqs",12,40848
"sgqqmlzs",10,55356
"vkfuwrab",10,124244
"xparglqm",6,30774
"ueozkpzz",2,11864
"nxgjbuhi",12,60789
"fjsydmrg",15,43652
"zoxekzkf",2,12488
"ddepbzqq",13,72133
"hxhhecma",14,58495
"ljeorgmc",15,66301
"vgsbtdfw",17,71831
"sesonhmu",12,44757
"qpyexplh",12,49238
"zozfhpne",13,73469
"rbgfiujt",10,51740
"vlyfuuhu",1,10000
"efohtzdi",13,63225
"jdvfmykf",3,12363
"yuyratmb",6,49173
"cuouactu",11,85369
"wvdsnkom",1,10000
"kqnbuicv",13,59146
"yxnaoszu",12,59773
"vofrltgk",10,34836
"mkdmvwfq",12,65313
"feltvcrb",16,106555
"ajzzcwmy",17,111426
"fehpyxli",9,42252
"sdcbtjwp",12,83119
"xjshufbp",15,62397
"gdeggizi",10,42139
"irovming",11,49515
"qtdafpxe",10,58859
"qsjtlxay",17,99426
"fqohhryw",8,40383
"wwtnjkfy",15,93280
"lroiazfb",4,17968
"zaxfotdd",16,142909
"lvqhxnlm",6,17220
"sshmnpdh",15,96098
"mtcerhaq",16,84507
"fyfbtydf",13,131329
"edpwnagk",7,36394
"slkweuzf",15,137872
"qjruivbe",18,89974
"kezubnuj",15,83062
"jtfwcnad",7,47152
"jvrspqiy",8,38299
"cuudhxul",9,27897
"rmcghsns",1,10000
"qtudnyjv",16,43350
"spaxhntn",1,10000
"zbecfbsb",12,51216
"esxyvqel",12,77067
"sxxirarv",23,130850
"rgcplvpp",8,80941
"chlkcvxy",12,81841
"zkkmcojd",11,64656
"pxbqcmpt",6,33512
"hniqbisx",1,10000
"zcymfalo",10,108816
"emjmlsgj",10,57129
"zjzsvquf",9,27243
"ljrwffbf",12,50626
"caloxyvk",9,30898
"nnsacsqd",3,32981
"napbgjpe",12,58043
"uycdfopw",13,56620
"kfbzmxis",13,64511
"pdgequle",6,66811
"lrcxjwpa",9,44765
"ipgfudag",2,11436
"mybmmmcr",2,10000
"hdiglpsd",9,37806
"zbkanwix",11,38147
"qhdzgfop",14,53468
"gmgyrvjw",9,56949
"jskiymks",7,23455
"tojynrmf",4,36767
"zyhvgivv",4,38658
"knkkgwge",9,29143
"tiwfdmht",7,35680
"iggdhunh",3,11661
"kusumdtl",8,88828
"hdcupfpd",10,80949
"btegmorb",16,87985
"obyrfzpk",4,43528
"mzbnhoaz",6,22414
"ohrdroig",13,72899
"erzvjiqb",12,57091
"imhzxifl",2,10000
"ozqupahp",4,20567
"bqlogakq",7,32832
"assyjhkv",7,34861
"utcqlasb",5,31924
"aoxrvrwq",9,93658
"rkmlfvpt",8,99126
"obzizgym",10,40236
"olkgjoss",12,100914
"vdfiexye",19,86049
"qxmwspcc",11,79765
"azcbaxtg",11,100697
"hcjzyleo",8,28780
"ksnndtwx",14,72075
"phsxrnga",9,48804
"znhqjlyl",7,81194
"eumazype",9,34895
"wsjgpuss",6,32374
"glomkudl",8,49469
"zamezxhe",8,35717
"dheglqny",3,11674
"vuklmgdk",8,44732
"bfymlper",12,56757
"fkglwokp",21,93186
"qgknepvm",5,22808
"xzrrqhvb",7,24220
"mdcjoaba",13,56791
"mcuilkiu",19,68090
"bbchtuwu",15,93844
"klbdlgns",11,117285
"aiedfutx",12,65890
"pggdqwzr",12,66716
"zhgkfoso",16,95537
"rzufhqcy",15,84265
"umsmdxpp",1,10000
"ldwcqemh",5,23841
"ezrgpbtg",13,70380
"ivdjjepg",9,45374
"wihjmiis",20,126860
"fkpbksdq",7,34532
"wnrrxmcr",4,19643
"eckujdmp",10,47435
"nmfmagfv",10,58472
"feplyylz",4,20476
"rgmffipr",7,41235
"zmououeq",12,42413
"quoevbyf",1,10000
"jyqjkpyx",7,33247
"trxeweyc",3,17240
"yygsygxk",11,58744
"acethdzs",11,85042
"vunogvvl",6,26065
"strkczdb",11,50519
"cmbqpikq",11,38285
"caowfehd",8,43519
"lusbbboa",13,56596
"fmrltmqr",14,82518
"ocvpidwf",20,112400
"enxutmax",15,136627
"qphjefuv",1,10000
"otyckpko",7,65963
"mxbgisve",14,71694
"mcabqoff",12,60004
"gokavnsk",13,100363
"lxzvlcsl",4,19586
"liiajczd",13,64673
"lwivabih",20,197012
"fbmaancu",18,85504
"kcckuwsy",14,190969
"dnbqszxz",9,47381
"rmefzcdq",13,66096
"egdtbfpt",16,170988
"vtwyqjde",15,60405
"wogkjvnf",15,75664
"omvevdag",7,32280
"arisiqqr",13,59339
"lvywvtpp",7,54147
"jjctbgva",9,52390
"kawlsdhn",15,95704
"cldavfsn",13,74751
"rtagmghi",1,10000
"ozyrtlhn",14,71008
"ebtvyxxx",16,94527
"ezbolxwy",10,44730
"snsxrlma",15,53326
"tlsrttgu",8,43794
"zzskicip",14,60949
"htiriayy",1,10000
"qypicpcx",14,155721
"nznobmqi",18,109945
"obnyebfe",11,42401
"qntnskhe",15,69137
"gagpxblc",6,30656
"ljqfryiu",9,45919
"wgostceq",17,102865
"vqugqclo",5,32133
"iyehxqvs",14,58250
"cuilfrqc",19,85055
"iavzxfwc",8,71456
"rqaahqcv",18,108793
"ukxwxdzn",13,70241
"iszwkfqx",11,63946
"wrojmxvs",10,63643
"jtwvlnka",8,33579
"mgjreqbx",8,34183
"omyqtndu",5,19734
"xathybjh",14,63679
"tfwifajx",15,61284
"uvjgfjzs",8,50479
"nonipjjp",15,75307
"lhhlvcaq",11,64111
"dzhkjxeb",9,50437
"xvtsulry",7,33441
"hpooylxa",1,10000
"jgylretm",13,62798
"wvwlfsal",12,76603
"rqexnvkk",13,76679
"wjrylypc",11,65058
"faylwypa",11,68138
"vnsklurl",11,57130
"fdhwbrmt",6,56878
"cvlmqdxm",11,67584
"otxbvnmp",22,98851
"yrlvtbce",14,80403
"rhjbvdnw",4,34308
"idfovngs",14,35983
"wwubnfwq",8,62232
"klbkdtmr",5,22369
"ijhsbsge",2,12329
"qoltdiib",11,39530
"zqjmtvrw",13,75330
"dkaebjjq",10,54205
"srhnumns",13,75449
"tftzmvdl",10,62785
"vqwnkmaj",8,106683
"ijvxlvmu",14,77984
"eprotmjm",3,10245
"jfxkbjfd",11,84355
"hjzrzqdn",10,52619
"qfxyocgy",14,94159
"gelxknur",5,18714
"lsnvlaxo",18,172005
"cvwphzes",10,43926
"pxsdyyzi",11,52926
"olydfpuz",5,52287
"ypxabvtb",11,122447
"qthoculw",10,112189
"ftsykbve",18,205454
"zrudmete",15,80372
"uhwvnhyd",21,83169
"gimrsfla",15,77906
"bhjiyvqv",16,94739
"crgaqbcp",4,21064
"hmpjeheb",14,104686
"eylmyjfk",1,10000
"ktivfipd",3,11408
"grbinofc",17,92842
"nopjlzlu",11,59455
"mbzfahnn",17,83379
"pllpyfln",7,36684
"wfjkrwip",10,57350
"fjlzraoc",11,48374
"llllnycz",10,45828
"kzgqfaqz",8,37146
"lrhlefaa",8,46473
"zgknmfxk",16,76787
"bytrdhcl",7,89442
"zjlaiozi",10,69629
"qudschvp",14,140542
"mgzograu",8,76838
"qbvensll",17,96144
"cctehyiz",2,20808
"psyaewzg",18,110526
"rjtxozrv",15,54798
"xhxnrlpd",9,31776
"dgwirrji",5,23716
"wvqmdqcz",10,64555
"alnotlgy",13,44904
"lrkyhysc",9,50031
"txabiqnf",6,27086
"svqjmikr",12,45040
"bqxihyni",12,67533
"ebkfwcwu",4,32102
"kjthtvxs",7,37027
"dvbhftnk",12,60089
"knkaigex",10,61364
"plxaehno",11,54915
"wpqfhrjz",7,51889
"fdkhgurj",7,75212
"srjgsenx",9,37212
"bqdqppjt",13,57604
"ugisqedk",11,57134
"yjpmxjyj",5,12184
"vupwsihq",7,26767
"evhxevgy",12,64347
"fbqtqkyr",8,42463
"jkyghifu",20,102672
"ozvuskdm",16,183872
"umxgdlgz",11,66181
"sacehmys",6,24983
"bxevcczg",6,20794
"pvlxsfrl",6,29101
"lduwlucg",12,62973
"julhfwlr",7,36314
"xlattnpw",3,17967
"mtofnkbj",2,22192
"acgsksxw",4,17901
"nwokpndd",13,66824
"rpwarjtt",7,32890
"uxbzpmfv",10,57601
"cizjlfvm",11,60596
"aipuybzw",23,89723
"cgfcektt",7,52525
"ktdiakiq",13,66399
"ieovaywz",8,33165
"dpnjhbea",8,75400
"twcaotqz",7,84589
"rouhznzl",6,33696
"wjpbzvwt",18,77595
"nftgunwe",1,10133
"yvmmpgcj",17,74807
"lnarkpma",11,101670
"hyvoxigk",11,49948
"jeqfqgpl",21,115133
"xxlpvziy",2,15515
"yuoqqcpc",10,42539
"mnqvogfy",7,51421
"glmtvoxj",3,16946
"zmghcggh",13,137874
"bzibwqyp",2,10000
"kxttpxkm",3,15975
"rtzcwyul",24,118318
"zoyfxlfx",22,103092
"zbshorpf",10,60761
"itpydarb",16,94954
"ywpafvdx",11,112819
"ftyupexb",18,106871
"uxakickp",9,50308
"lkqmbeex",7,37841
"cqalncag",12,99962
"raebizuw",19,93479
"sbdougrz",8,60184
"hleejzdh",13,56073
"lotnhklt",9,39469
"tfmmrlyj",4,19282
"wzazkyxx",8,43179
"ictllgps",9,52467
"czidisqy",8,26477
"urdnkbuj",4,41258
"abuuyucw",4,18639
"qlwgtmbx",6,14324
"asxealrg",9,49926
"ujivylcr",11,110129
"drtqagkh",1,10000
"wzyjetjz",9,61287
"fmkwqmfl",3,15226
"ikuhgvnt",12,69669
"xzdwvwrr",7,62856
"vsrpcufz",10,61513
"tkhfvyjz",1,10000
"zcivdkwp",7,22190
"yawbzcpx",10,81254
"tubplfoy",13,51094
"mjuyfnwe",6,29985
"wnbbosnf",15,87445
"ekyqbzxp",4,23233
"dgsqnzzj",7,82626
"baupfeaq",16,184634
"ihnnizbk",5,33451
"njlzbmuq",20,70947
"xvbbzhnd",8,40500
"vyngxzje",6,27329
"acsgfgoy",3,16852
"kcfoxavh",12,74150
"xrvcarxw",9,24601
"iaogqadt",9,88240
"sibwmbgi",1,10000
"ekhmfmtx",10,33634
"ncwymzra",12,56672
"isjvqapg",7,74989
"rmmymtmt",8,45609
"reeshnwp",13,55049
"jxofttuw",17,145320
"ybaqdzbx",10,113563
"iziccyup",16,98672
"eqndeksr",10,65433
"sjopblxy",1,10000
"emyetjsw",11,45289
"peyyfbqs",25,64730
"myqpldeu",7,35122
"avlcjjgn",19,132325
"kgvdulqe",6,58795
"ngcshdwe",7,63225
"jzlbkmqs",11,48809
"dapfjyec",16,204136
"wwparias",12,69730
"yuvhifld",9,49769
"kdufgdas",6,22085
"ewvmdsxe",11,118533
"sunapigd",6,35419
"vyiptjuq",7,28714
"qlamqzqk",17,79683
"skuebyxb",3,18593
"enkltvfm",1,10000
"qtfahisf",6,78361
"vdyakjqt",4,24517
"rdxwmkbt",9,60317
"jftonhzr",6,36176
"gntqjnml",12,58342
"zjkeonxr",10,37730
"uxrshmvk",13,59543
"iadyrlrn",10,45698
"pvidtylw",3,12683
"spqprmja",13,60318
"etvwhwza",1,10000
"depenath",15,69697
"ktirflko",11,57676
"lddueaov",15,95815
"unqdpoca",11,89431
"ulgxsbms",16,91671
"munljecs",2,10000
"voasqwtm",6,37424
"jsmdjfpf",6,27776
"cnjmskfy",15,64875
"rpsfuxde",21,109266
"cdwmcgky",15,78721
"nyyxotpj",3,19387
"jwkjtrdt",7,27921
"kjqxneyn",10,55620
"obpyheua",8,28136
"ymxnaawt",18,136350
"cysmwxhe",11,63622
"imihhxnc",10,47920
"wlefewly",8,40045
"retaepzy",5,23876
"zulkxdwj",14,159014
"xymfsdje",15,80607
"usdfootl",14,72903
"wgbnsbln",12,70703
"iooesarz",10,59717
"xmjexcwg",10,52287
"aosshxeq",8,47832
"mjnftbtx",10,40173
"wpavlkil",10,125966
"kkurwvsp",10,58591
"yreewntp",15,84613
"quinshas",7,26107
"jccvhage",4,24854
"qblsmmjz",17,91994
"eujxvlot",16,152529
"zahgliia",12,60499
"jutydwhy",5,34067
"crkggwjz",5,17794
"cmvwzrfv",2,10619
"tzpyrysp",8,52631
"rbqcldgz",21,205049
"eqfeogvr",14,188216
"netoptlo",23,263972
"goqxjdzx",8,46214
"mzjngppd",1,10000
"zkcbpdgb",9,36465
"ojrvcahv",10,47329
"bfuhvlex",10,45183
"ybugknyj",9,39692
"jvhdsrto",8,29524
"mmtadseg",9,34402
"kkzkecuf",12,62624
"tvrwwhes",18,99051
"jzvkolvi",11,56063
"qzkbalqq",9,46559
"oybllvnd",6,32379
"mtjurpij",18,92942
"cadbryad",6,31257
"sqxwakdr",5,22398
"opsvhmyk",9,60153
"zquwkhem",9,46815
"swhgshfa",7,34706
"bczerbmf",7,64239
"xuucgwkg",14,87825
"cthjhlpc",14,72020
"ymgnelsw",9,85118
"hxkmkgjr",15,88079
"hlecoeho",1,10000
"hindjrhs",12,64068
"ajuwzobq",10,44162
"rfzriosu",6,42864
"vdpbylpl",14,62194
"ymjprxmq",10,69968
"noyfpusz",12,69779
"dmwfpunl",14,45149
"btllisoq",2,20251
"qzlyoiog",10,52560
"ynfpfppd",14,60766
"sqfokpwe",2,10339
"vrgtomsj",10,117807
"aholclsv",7,58041
"ryacvqok",10,44792
"jvuvccyx",18,108555
"qluowvap",7,77609
"dxxpfvzv",15,81842
"jutwzmex",7,32863
"rqgndwji",20,225713
"gcksokip",10,52698
"vjsejtyp",4,17747
"lhjvgmsn",6,63527
"cjrkcwve",9,49931
"ekgfjoeb",12,49135
"laedazxt",8,96043
"wmmbnnxv",7,40596
"htdywteo",5,27042
"coqzcnzh",8,42428
"boigvnfd",14,90433
"yvsohelp",8,33719
"ltgqksca",8,44047
"shiveqkr",13,69019
"zcfjzmvy",15,85618
"ygdvihpm",16,61822
"hbzxuass",6,28814
"xvmgempr",5,46819
"zsfetewu",15,76261
"ugyxhviv",12,46887
"amedoqsk",15,97099
"eztlpqsi",7,29858
"ajxphuxt",18,100058
"pvsejzqw",18,66707
"qvpfovsz",15,77959
"spigrkpn",17,59194
"bqsabasf",16,82266
"sntublxp",1,10000
"ijoguxhn",15,96236
"amkmquzo",6,31787
"wmgjefxp",14,63794
"tpsejcxw",9,48226
"niofwryu",5,29866
"pjtpdqkp",7,28441
"nvlfimzf",9,40171
"hxljepjj",2,19489
"egelzduh",1,10000
"cynkbdzu",11,51175
"illsdhpo",2,10000
"idbkndmt",4,23762
"jkfgbqhv",7,25619
"ankurkxt",6,36907
"qmtrfjgk",10,44709
"plzijddo",13,68736
"vkuixddg",1,10000
"nczdhtjd",13,71952
"ytuvojzv",7,40169
"tcwtdgkd",7,45442
"frewqcxt",9,78427
"zixqayyq",18,120237
"jubjluqr",7,40670
"abmhpynl",17,70443
"nrwxwcbp",9,57534
"tywhtdlv",16,81990
"pzdsuchm",4,15885
"gfiatoqr",15,106727
"feaeznxm",13,51686
"faxmfjnh",14,76946
"ydrliiml",12,65641
"bjoolsix",5,26032
"exrgzlbt",8,71436
"qcfcwyoc",12,85035
"qoisgczi",16,76403
"zyghbqbt",10,49641
"mcqxovpi",8,80396
"xydepiau",8,39904
"tficfqdx",9,56321
"bxmhymrm",13,134073
"uthtwvqg",13,74745
"lfwmgxsu",4,16936
"jozrtrba",5,21605
"lxxsrjmk",1,10000
"bqohlanr",15,66320
"vvcloean",6,26811
"xhlieiga",16,90318
"lwsmsxbe",8,73927
"suemkntv",7,26188
"nhmertid",8,65051
"hihroyna",9,65941
"rlgyxdaw",6,36547
"zvducmop",15,71898
"gzferrlf",8,37920
"ksaxkzqd",11,93742
"gbwsdvlh",13,138821
"plmtmhlr",16,103720
"zgvzrnea",13,59115
"cpvwmwyr",6,35349
"hicuhpiv",16,90422
"tzqkfgff",12,84190
"fdpyrtqb",10,48343
"wvikajku",10,60816
"dgseahjf",13,84077
"vjdgwmuu",7,31019
"qhtxoiql",9,41596
"fxgkbtpa",5,23734
"cdqqnkxf",6,52258
"zaorbngt",15,77622
"kiquyrgr",8,22875
"hgsawgsr",9,39270
"ywwrwoug",14,75137
"fjztmidi",11,132569
"tuecfaaa",8,40886
"cmwdrdyo",10,54152
"fozcyjbk",13,70836
"gnmkqvmj",9,52540
"qgncmlsa",6,33608
"ujolqzsc",4,19372
"ctkldmjr",4,18911
"zprfvnem",17,96513
"nwroaswc",9,50683
"xtlslhqj",8,82182
"feutwveh",11,58419
"geoiihct",9,40257
"sghvyqgp",4,16462
"lhshmwxm",5,20414
"owgprnkm",15,94101
"idhbqogw",12,44797
"ypbfegka",1,10000
"zdvonjen",13,65900
"zxwtzuob",5,59105
"qojkgnng",12,54564
"fwayzqss",12,97537
"evtychzy",11,31749
"xmfjuqdb",20,97369
"vwcdnnhc",15,66109
"iwvstrje",6,47116
"hhxqyxbe",12,60246
"vlsalvab",5,38522
"gujjmznq",13,60426
"objehjbs",5,13427
"dntrunkf",5,20413
"qutwqjks",6,39932
"oejoglnl",1,10000
"czhqynwt",14,155320
"mpiqnfln",11,56346
"cnuzguuy",6,29423
"jpunjbml",7,44077
"zubhcdru",14,52213
"vaqjzisx",15,59849
"fomtayva",5,29932
"sulrqazb",7,42672
"ouldyehb",11,43356
"mwhdmfbr",7,37071
"tekzwdbl",8,41997
"aggezcmd",13,75363
"sikrhgol",15,70133
"xjofgmhz",15,180224
"pdvalwvc",12,126130
"cdinmfgk",15,62991
"dijihiyh",4,24330
"xmmnntld",11,32265
"luayzzpf",18,75043
"tbotrvez",15,69780
"bxrxixxm",18,111815
"xmgurraj",3,15112
"eighhrsz",10,60331
"heqsavdn",8,80367
"ivdvuyns",2,10000
"euyfkbnx",8,30284
"umjfjfzp",9,109486
"mganwfzw",6,37385
"tshgrknu",6,72995
"fhamllvw",15,210237
"vpmlcyox",13,34766
"ezcdyrrk",6,38006
"pwcifwqv",3,13192
"deryfhcf",8,46609
"zmiigyhy",12,39113
"crsbiarc",12,170835
"zzhdxgpt",11,69791
"rxipepdr",13,57728
"bafaagzd",14,136873
"aarxcntv",13,64083
"efnelzkj",5,52566
"qurtgper",18,117417
"cupszyok",6,67260
"rlmxomuz",25,123605
"tueqkftn",12,49593
"eatseymz",11,104063
"bdtqygoo",4,24785
"sllvuzli",8,100120
"qzicpenq",8,51314
"mqbgiued",17,93476
"hdeafuve",7,25861
"yencgnsi",5,33019
"citqjchh",6,26890
"ssqcbwrb",3,15588
"awgflwva",18,66917
"lkpwmrfh",5,53967
"jvumzpjx",18,168010
"gzyyerli",12,61710
"jwypjaap",1,10000
"zzxsksrt",13,32741
"zesucxrl",20,93528
"vdzojyha",7,36996
"nstbkhpm",16,80104
"irfvsgil",10,49834
"fmdjinwx",9,102511
"jgvxoqrp",6,34132
"rotsbddn",10,26246
"vfojmxzr",14,84081
"kyefogur",6,34146
"lwoxeluq",7,38726
"dwdiaowe",16,66386
"wjptxjqg",13,80112
"kmrgyoyv",1,10000
"qsycuyxt",20,81213
"kikxcltw",8,56692
"wmzimusq",10,47225
"iglkqozm",9,55680
"eqryimfe",7,32369
"thbllohi",20,82400
"fjscimrh",14,66388
"uoqqvcdx",14,58846
"gapygyuc",13,57905
"kvmtdyth",10,46991
"xrrvlbex",10,46515
"oayywyqb",1,10000
"aklsjjjd",13,64602
"mwywkijy",11,35595
"kbcicfyx",9,51920
"utfudkfg",15,68423
"yqltmbbg",15,44979
"xdfdaemi",20,106323
"ornynmzm",10,67589
"qposbqna",10,53314
"eyrvlweq",11,56572
"bdhzrkor",18,103394
"doqtbjdj",18,181406
"pyhylfqu",14,83823
"mfsfyeqf",9,83678
"drusudqf",5,22030
"bvneqgst",15,66791
"lvrtijib",13,157459
"uahbxleh",1,10000
"nkipjlbm",17,67304
"eqnhpsuw",11,52398
"vxepygko",13,56004
"mjhcpxam",8,47904
"jbgxpcxo",20,184378
"nahndrfj",11,52473
"rpzulolj",22,116556
"zoecquty",5,26712
"tikdfwsv",14,93575
"kkanvopt",3,10132
"nrwkjyfb",1,10000
"pnefzbgs",6,28848
"qcxjnmmf",5,29263
"lvrglgor",8,37722
"bpiuerjs",9,40744
"xesbjkrq",16,122810
"mjbgpkwl",10,62660
"grpskzpv",6,25307
"yduwdibt",2,10282
"duwnycax",7,44451
"lybxudwp",8,90120
"jxiduset",14,60658
"jzkhexeo",6,46911
"fpbakmfz",8,38336
"ggjrpcwu",15,63634
"myhkhvjf",7,37316
"kdkgglhl",13,110807
"kjqhprwc",8,95668
"kmznolrf",17,102407
"twywmkqh",7,38019
"jgqfnxxz",4,36763
"jcvyoxmv",9,64917
"djnfgqwy",9,38456
"pzehnuxh",7,51634
"pxcnpgcp",13,82778
"bxmtxozh",16,180568
"cynlkrfy",12,56925
"jahmpzpf",17,151411
"pkafporp",18,112593
"odkaczkj",19,109660
"xhopfkav",7,93551
"euyqunne",6,25635
"xvfukpua",8,42738
"gickazeo",14,108486
"vprjtysj",24,154181
"erzxewtq",9,71237
"lwlvbsbc",11,52597
"suzxfknx",1,10000
"ahqfrgqs",11,65740
"dcqhzrlm",14,63583
"uziyxeqo",11,59924
"rdxvwygo",6,37774
"bwddinaj",16,79436
"jijodwqb",7,48355
"nwokwayv",8,36418
"fcwskrht",12,187665
"abyrqdvp",5,38561
"evlygslj",8,93808
"vfkmkcbb",1,10000
"sxdvpchc",11,50905
"znibtrte",15,63146
"iohixzka",7,45870
"mihlgcpc",8,99717
"uudnobhc",14,75073
"skzmjtab",16,70847
"ixnefism",3,28330
"fpjiuhhc",13,77699
"usqbmpqd",1,10000
"vskrilzk",16,75971
"gjimnvwo",4,18340
"wjoemmnj",2,10000
"mihujxwe",8,71859
"pddyjbbs",11,43991
"zyxspgme",9,46409
"knncybie",12,78932
"pajcngyr",1,10000
"tklpqgqv",16,56817
"dfbzxova",5,73618
"fgmlswok",9,82276
"ysichmjg",14,92171
"ervvkncb",11,46407
"qhgpuaev",7,39999
"gbwljojx",15,73153
"fyaimedg",9,36926
"xielwuoa",6,28850
"vedvknec",18,93024
"dtkgzzts",18,190892
"oyzjjznc",6,40035
"ciuihzim",6,33576
"nkouxqep",11,77727
"kebxajfq",3,12242
"iuxzfhkg",3,26664
"ggthseks",10,82747
"kypkvwxp",10,42213
"wnqpmvob",11,125081
"oswozqvd",9,108613
"obisntfj",10,37843
"joemqtwk",7,80375
"gwhtmxca",3,10000
"kxlvbnne",1,10000
"vnayzyct",7,34363
"cklralni",14,81228
"fsyxpdrc",8,42947
"yrbreajl",14,82974
"muuelglq",11,62903
"ujkheuwo",4,20610
"fbljrjye",3,28522
"dyfeugjz",6,66747
"sgbcsuhz",5,22387
"yhlqjyrh",9,42920
"vcshqgcb",8,31247
"oqyxeswr",11,101242
"kvszrxhp",1,10000
"pzufebox",11,52372
"qwdxckja",11,133147
"oineegdr",9,50791
"xyfubfsd",7,44172
"yllyhagp",15,111753
"qoqulsou",8,42675
"ybrtksot",7,45845
"zpzkgbek",6,33009
"srrewfvr",16,80653
"uxofdbeu",11,42417
"xcatnmth",18,86549
"rxzkxyeh",14,75400
"xclghfgq",6,27575
"bjmwjihr",18,91076
"xfccubxa",3,13860
"uxixnwqj",13,116243
"siqmisef",11,53248
"idehpbzr",17,35612
"avcvgxey",13,64808
"ztwkjeci",4,15052
"ejawukpb",9,39442
"ilrnowrj",8,49762
"sspcougj",10,35185
"ubriivfl",7,31684
"jtcmtyty",15,88387
"lgttakyt",17,75137
"uaaznjfi",15,101346
"dagzkzjp",16,78398
"vgercszp",1,10000
"eikxunsj",9,35298
"bsvdrkcw",2,11735
"ihfpzrol",9,45901
"mxnckkgf",15,144786
"htzmuplg",14,70255
"dqgigmrr",7,37333
"oalzyngp",13,81611
"teyxtpfw",13,61784
"kenexoao",4,55718
"aoaducpu",15,47998
"kcfrmxad",5,32889
"vplstvcp",12,50982
"sisffghh",10,60113
"rlkescgv",5,46272
"xybuggin",5,39529
"oatlwwms",10,108041
"fjyojohm",23,121592
"xwcvbrbp",10,62092
"ayotvdiu",9,35164
"uhpqcxhs",14,75019
"umkjjhic",5,43533
"uxzvxecp",6,31915
"wooweybh",12,58981
"tvfizjha",1,10000
"deinrbqp",10,41640
"ozsvqrkd",7,36982
"smvqsgkf",5,27099
"vdzhnjnj",11,34310
"zslnvyhr",13,72208
"wlvsxcpi",13,104521
"luposxlv",14,59304
"dewxptvl",16,95709
"cjdmxfif",14,77361
"tokigiuw",3,12330
"xumesyxv",17,172428
"jkebrstp",3,10650
"inqntqii",10,37830
"cotopmsl",9,70772
"pycuzfon",8,36640
"yptsozte",16,82681
"vcqhrzwr",13,136955
"tngaeavr",1,10000
"oegwrdzu",3,13973
"epbremmg",4,14123
"vhwbatjj",4,17873
"dainsbuy",9,50078
"jmlfdtzb",19,66404
"kysnxoou",8,85628
"zmzqjluo",14,151917
"aticcpgv",14,84677
"xtaioulq",6,30308
"benmkhwl",11,48499
"vsvbflza",4,19432
"qdqlzzvj",11,68854
"zsubbxcz",6,60264
"iayjqijd",11,58521
"pnybuolu",14,65022
"rksvzgnm",13,57147
"vqrngqpi",11,50454
"pipckhoz",1,10000
"wtvxtyxi",12,63294
"zurpsssm",11,52712
"pygazppe",5,27497
"qwswbivj",12,116766
"vnfshgtx",11,48355
"kofzyneu",1,10000
"llcxajoy",8,36175
"mnzlvvxm",4,20786
"nswbhscw",11,62051
"lxybauvz",13,79925
"mbyqhper",5,17479
"yntbpeov",5,27783
"xqtiphzi",4,18010
"pupfxuul",6,25944
"lxwzchfv",7,26715
"altuqaxd",10,108176
"hrawiryv",12,73236
"ynwcazzp",10,48983
"pmgkxmta",16,147227
"yiuxhfor",10,58720
"ejyyesel",15,82120
"vcfnrshe",11,105348
"mmqkugpj",8,34294
"lmynasem",6,24886
"ftpertaw",16,71444
"volkwons",9,50081
"ucovxgcr",18,197917
"fvnrshyz",7,43046
"pindnjez",19,91837
"rusvnnbb",22,115739
"wgnlpqfp",9,55472
"ltfzigtj",18,60551
"dwrdbofn",13,80380
"nbkbjtvf",9,44383
"hjogdskd",6,31344
"olkerltz",16,72669
"yigjurjr",14,71462
"zuvdzkfc",9,35703
"wlaogcim",11,42709
"tfbfjgtl",13,79370
"grcgrlck",7,90272
"wbtsktfc",6,23532
"gzevqumn",9,39899
"zcewjxpl",4,22737
"eutsjdzv",12,50338
"rgonswjw",11,44501
"qglhbkyj",10,43314
"pmznxzen",8,48007
"tyqgqqhb",11,44106
"wadkaxof",3,18626
"wqeyubfk",11,68398
"okbqqovj",17,83318
"inblvclp",3,13002
"pyyqeati",20,107281
"zgnshvbx",11,38908
"pxrfocwv",3,13033
"ccuhuzak",20,196697
"blpoicdt",13,72389
"mckeotxo",7,32301
"glkxajxr",4,27758
"cotkskxo",9,33872
"nfzgneyt",14,65979
"ocqeexyu",11,44222
"gigdtxkk",12,132620
"pednjjwi",11,71138
"cdqcrixc",3,11049
"rfhbjebi",9,56130
"bgrtyvht",7,70026
"dlyctotj",6,29415
"ittufdde",15,163396
"zrcsixsy",9,49429
"qbvhjsht",11,60333
"vjqprrqt",10,47099
"jvzosgkv",2,10000
"pluybpxe",6,26895
"ljyhkfbg",11,47015
"pkgxelkk",17,78652
"ffcaeqhh",15,57691
"bhcoiada",10,39278
"vbvbpxpo",3,16562
"ododuyah",1,10000
"egftensa",8,46489
"fpgkfqbi",11,77092
"anbzydgk",10,76620
"bwyteskh",7,26897
"clzeskkj",14,38703
"irzuijlg",13,43763
"lqaunqou",1,10000
"twlokzcd",9,84406
"jjbucfsp",16,82884
"khuhrxrj",18,52881
"odeyzhzc",12,58929
"gqvsmxpg",2,19698
"igtfswrz",1,10000
"mhecakvr",6,27105
"zzaqcuoh",11,58522
"unxjywzn",13,130241
"oqnpfkyo",8,28412
"sbipzfrd",9,52554
"rnljydgs",15,73600
"zpfihvzs",10,128177
"xeexafzv",11,58947
"rgtdpndo",23,79001
"cmoxidkz",16,192737
"bgbvogjr",20,88472
"sezjwkxq",20,93060
"tjkcegkg",10,49185
"zcocgbpp",13,85543
"kumatqhx",18,193389
"ojqcjtvr",7,32024
"gytgneiu",4,18404
"qmhrkjna",13,87631
"dkkvvvas",7,22039
"xmlyktib",7,94945
"nrmwwufg",11,35612
"rrqimrry",16,62434
"xjkpmxfp",3,11654
"mofrddpj",6,55985
"msmlphlb",11,43155
"efrwdbxr",7,34627
"ezrlwelt",11,46887
"aatvkxrb",6,34974
"wpqrpaal",6,35952
"nmysnlei",12,53030
"aqnlmoph",11,67893
"eetrytpn",6,28928
"gwqxzsgj",11,45068
"igyfuhon",16,163924
"ijialdke",3,14519
"cbhawntx",9,48428
"kumdmjtn",16,84831
"vairpjek",11,55259
"gjdldavf",8,45475
"qotnnxpc",18,65863
"gauqbjzv",16,93105
"jcwqbpzq",5,27936
"shmzyykc",10,48530
"xewjaias",17,92749
"hvnemzic",3,14993
"abuqjpjc",8,42829
"oslfxxba",9,34271
"taujgggr",11,47646
"iiqoauhy",16,92447
"sozsfvsi",11,96727
"jdnggatz",11,61199
"lxrtnmix",12,46337
"yqhdhhzl",5,33504
"ccalqeeh",7,69645
"oaliugoh",13,154973
"qkzvmuki",12,68246
"ltsrsrws",1,11249
"xnafjecu",10,43155
"nuougkql",8,107721
"uzvnxnte",6,76866
"zkoajgxi",14,59359
"htkhopso",15,88345
"feecjgfp",7,71512
"lzyjcjcr",14,64286
"tvoilcvz",25,138507
"feczkzqk",12,70809
"yvlcpcox",12,100052
"eefugthb",16,104580
"wmzxxyai",8,35874
"yjwoxdiy",10,42560
"lvfxztub",5,50128
"rsxcphqj",12,106319
"aszmmttn",6,74483
"pnlktfqu",12,56347
"bdpknvgm",12,61311
"fvpkppbx",13,124654
"cjxuisum",12,74798
"aoqswqra",15,74340
"atqdbemg",12,53231
"kmdsjers",1,10000
"ivhxiaas",1,10630
"xxzvohqw",22,226807
"dbtshkmp",12,85422
"edyfbttz",18,61286
"dqhnbqab",11,42000
"rljkxswb",10,41153
"glqwxetb",9,51191
"gmsmamxw",16,71484
"ovrkioku",9,50986
"aqxmwbgk",10,50354
"xxlamjyl",10,51186
"temowplj",12,51728
"bxwyzwzj",15,113341
"aqqkjkoy",7,38901
"bkeiqfbb",2,15472
"zdepuukl",16,194527
"owadzace",8,46005
"rhdaztqi",16,66699
"vkpoteug",7,69842
"lghxpfje",2,14151
"cczpdadi",11,127765
"twclgraa",4,46938
"cnceiwsu",7,77952
"kffldggd",9,57200
"srvdyotr",8,67025
"qzskfugs",11,61753
"wiydjmne",5,27447
"xlqiglyt",10,55336
"xtixitqo",6,27966
"ybdkdefm",8,44868
"wodqkqgq",4,24248
"cqdvfmgs",7,32917
"mhkxangy",6,43291
"szmogvid",12,50695
"rltnzuns",15,79885
"rfvownvq",9,47354
"krdxcrmq",6,29153
"jlcasmwa",19,210841
"gjckjsry",4,19802
"lteycsfv",6,28002
"axzlwiku",1,10000
"jmjynbbx",15,92450
"ruwvaxcg",14,47590
"kbxnbyki",10,45647
"pdarelcq",18,218844
"uxqmqlkk",9,38812
"riisvtvu",5,52783
"dlshzkdt",15,117143
"magiisum",12,58295
"hzkgzjro",16,46921
"vjswdmtr",6,51466
"tanlbqdx",12,69479
"glnelhqc",10,39374
"ymiieejj",9,58655
"cyqyrgsv",10,36914
"pxnriauy",12,65797
"fvcibgfm",22,119446
"kactsznb",7,83639
"ucfrpikh",11,97424
"abypabox",8,32621
"jiklzpsz",11,51968
"vjzkheir",17,87033
"xtrncral",10,64839
"haffmagk",5,28403
"aosplsog",11,31534
"jrdkwfzq",15,75226
"arakukue",13,73958
"wclzzdax",12,46652
"vkkdnmla",3,15462
"dzlrycsf",1,10000
"qmnzeeqm",2,10000
"hpcgxfyo",1,10000
"trjfoplj",9,54145
"hxshszee",13,71874
"gysfvdod",20,105703
"tlogfqqf",15,56729
"yjkyykxn",14,84495
"pinujnnu",8,43461
"acxmehjd",8,42242
"wjpvwfdq",5,72297
"fvvbzdyg",1,10000
"ksxgmocs",3,33218
"pefvvzkj",6,57795
"olwippft",9,39973
"hebpudlb",1,10000
"hhzuwtop",8,19629
"kvtjeopt",5,23171
"hgskempz",7,28418
"frnvjeqq",19,115080
"jyzwzfsg",10,44025
"xffspbuv",15,69823
"wkfxxkiw",17,89342
"kickuors",1,10000
"zrxtinuk",17,96782
"fbrbtskn",6,28118
"itusfigi",13,64210
"igdsmfbq",21,113244
"avmqcaae",19,92347
"vctejvmg",5,23590
"tqfsrcyk",9,36102
"ldeoeowj",1,10000
"ydjzphgj",9,58930
"jhfmpluz",8,79430
"txwscuxu",1,10000
"npcqldku",5,40175
"lijzajmr",23,167653
"wxunozrg",1,12737
"fkageeit",8,33891
"ngrinlet",13,65147
"duvxbbam",4,17176
"vrzyrgaf",11,52933
"yqzegmce",6,23028
"vzkdulnu",9,43120
"secylhdt",7,28260
"cnlsmjoq",14,131259
"yxpahxen",5,54425
"hzehgytz",1,10000
"cfhwngfz",17,84965
"cfdmwpsr",6,36353
"psrwypun",11,69676
"dpvzbxtn",10,45340
"jfextwxb",9,44078
"frmckpwe",2,10393
"arbasuax",8,48541
"cemopbvb",5,30519
"qgtwvggf",16,81599
"brtrqxnc",22,105530
"kgvzfsvu",9,40906
"jtonnwof",19,84978
"oqqptyba",8,40839
"jkhtilmj",8,31927
"sujqhhma",5,55909
"rhjjgwcf",9,36049
"afebezzd",3,11054
"jzbzgmof",19,111546
"fgcmppyk",10,49518
"itmyzcfs",10,89526
"utmphbzg",15,60975
"girprdsc",10,51895
"ghqvqsge",13,58984
"fxfevwfw",3,12345
"jicbnakn",9,35912
"wmmwsjvg",11,66537
"cittuybq",14,98943
"gxtyvhvl",3,12910
"bkuewzcn",11,64959
"gubgixvs",14,90269
"lhddxzda",6,28184
"ubdgkslk",1,10000
"owkyvkyw",12,53908
"kkoktgcl",9,77051
"mbldtafk",6,38017
"qkqyvdeh",8,47083
"fbraatiz",15,68268
"otuvdpvv",2,10000
"nvyzsgbi",8,36471
"tfujyitn",1,10000
"lbeallhv",7,55147
"aauvkgms",4,20007
"qgbdbimz",12,71920
"viiuieou",15,179101
"mjifmvmj",9,41472
"myypxekv",12,64165
"byglxfyv",9,47701
"uaynanbd",6,33650
"zfvbsngg",12,63731
"nhuwlegj",13,60046
"ztudnimr",9,41772
"edjdmtly",7,19942
"mllghwfg",14,72437
"fydwuhue",14,115849
"iwegundr",10,31645
"vwczmxtg",11,23715
"ggctaiqa",14,89655
"cobowqgl",7,53762
"sqvlcegx",6,30658
"jctpjmkt",14,97861
"bppguitq",14,89622
"jfbtgigf",5,27363
"xaheznpm",16,65474
"elebmbxe",10,47581
"tldxygvq",5,18724
"daetscza",5,20376
"aayfixzu",20,114934
"tcvsaelj",9,67366
"ekpuyoca",16,57720
"dzzzffig",11,68048
"kqkwhcxi",1,10000
"mnbnarpm",11,53511
"pssubblr",16,55589
"isccacbf",12,45920
"jbfiicyb",8,39083
"muolrnrc",8,45571
"bhzxiovl",14,59424
"xeepbvau",9,38610
"ixrwqmip",12,49270
"unlcwemg",4,18018
"zkthgkiz",9,99546
"xqbxkhuv",11,58594
"aexdcjsk",4,16785
"wlriljsd",9,49551
"ccoxxoyt",14,135920
"svzemcfq",6,34788
"aowthqvn",1,10000
"athjbsxi",9,54868
"czpxnufi",4,17972
"yjirvdvs",7,74371
"zgzudrna",13,71344
"jptkbjhn",7,34475
"fprhylkf",11,43743
"wjwilmcc",9,45134
"mklwzbve",12,67448
"xfvceqwx",6,20553
"lxfjcgdx",18,112360
"vmfjwmpw",14,77983
"okvmiskw",11,53088
"xgoeobdv",1,10000
"nwuvgsqk",8,29009
"emcvtqiy",9,87615
"tlbpotly",14,62369
"mssrlimt",7,35675
"boydagpz",14,66357
"xtbkiknq",2,11879
"azspjano",9,47415
"vhiberkj",13,51249
"lbfrltxf",6,24584
"sxirbmvg",3,14972
"tmojgjdt",8,38511
"grammhyk",18,103991
"psfvfmuz",24,99198
"gopscdmw",14,68469
"qjikilsy",9,42096
"jbhfoylt",17,100468
"drczdxsh",15,75645
"zedbrjcd",11,66414
"wkvkyfgc",26,331216
"hyuzpaeb",12,48783
"chazobfq",6,28701
"vyhtabeq",9,40333
"idgjyxft",16,74770
"bumqgwaw",17,88829
"sfdsqmyq",12,74375
"cpxaofby",1,10000
"nqythetb",2,12150
"tyjqfelk",9,47823
"alhelmfm",8,39948
"vyyamkqk",9,58533
"mqxnbjyt",8,64431
"fqrnvfqb",9,38546
"vmwgcojr",11,133967
"bdnpeagh",12,50933
"dxlgadmu",7,25093
"tgzbddrx",7,34737
"rfnhjelo",15,72167
"elmfxiyh",21,278919
"kectapcj",9,46480
"qfceewvu",23,112232
"befjvhcu",7,52186
"oqqnqagn",3,14586
"sfaktgrl",21,215769
"tcjeeclf",15,76231
"qdpenqhq",7,51460
"dokpkran",8,37856
"mslhpjbu",15,66898
"tlforldm",16,116227
"txugeyup",9,114878
"mfuohlyu",3,16121
"bvzfmyzn",13,57309
"xvxnhfky",16,97918
"rhglexoq",16,90157
"vytwfqxz",8,36784
"bocgcwzw",8,37428
"shgpddgq",11,69045
"yntfeuvh",2,18768
"uzskcbhf",14,75559
"ztlezqnt",13,76238
"aqetplwb",14,51769
"gclphizv",4,17404
"vukravfi",12,58493
"noueuoub",1,10000
"xxnhuodv",4,21995
"chyjvnch",7,63635
"amnkbbuo",15,175277
"yhfyalwx",2,12641
"beswrtzr",12,77731
"sqdtiubb",4,22438
"zopmnimk",11,65989
"lcjwlvky",6,33348
"rjaawlgc",12,62219
"hyuhplgf",9,37866
"rkhilndz",10,44157
"eeardivn",17,58248
"yrmhacyy",10,65242
"lyjwhjjt",5,25974
"pfqdwrui",14,56627
"iadvrdsa",16,73185
"vlualebt",10,57903
"bjehskyc",11,46510
"oolslevr",9,38505
"dxcawttb",5,52284
"yipsekso",19,85155
"zzagfdyz",8,43739
"kajgmiux",10,57303
"kfckwhtr",11,56812
"apwtpept",13,167182
"lbhpvmpf",6,35103
"ubvyduto",13,49872
"calwhtch",16,77699
"egrfraur",5,15698
"qunlufah",9,27893
"ztnssljm",1,10000
"vijsnjwx",7,33280
"kqbuaqae",19,86944
"pcdrqrim",15,62818
"lbkpttos",5,46212
"syomrdcr",10,45163
"akmxltiu",13,145718
"bojmafet",1,10000
"yksbtbqw",18,96762
"aczdsjag",9,45613
"mxeusknz",10,60152
"dpudbdbp",8,75541
"eufoidtj",6,44533
"tmlmjurq",16,89215
"jgkksvsb",16,89033
"ewcjzfap",15,130926
"pdczaxpn",14,67129
"qjwmzivg",16,87360
"cndpdxzz",10,45799
"jiqwtwsc",19,174563
"zjgckbkl",10,48204
"ynxeasdc",12,80354
"wqehcehq",12,101723
"ejeqqdtd",9,46451
"rnzgugny",1,10000
"ormwtpcf",15,166398
"ldygchbe",11,38444
"gigcmzkf",14,59381
"ekxdtkmx",18,213435
"bcfocqvk",7,36341
"iabvcdfi",12,56051
"pxxdhzjr",5,45788
"xecslicg",14,80737
"cpsbjsru",17,101455
"xjtaskgd",1,10000
"mbqervsa",11,65576
"wxocdpwn",3,16266
"epaqpakd",8,37916
"lvkyqidj",9,45736
"fdmumxms",14,128113
"xotximyc",16,164431
"lmogiyuq",11,64201
"rzjnlzrh",11,69469
"qxfhsotr",11,52002
"skqbmdsu",9,45153
"pofhydzd",14,151726
"axzhdjlv",13,70400
"qagvuerz",12,58637
"qoxehamn",11,70077
"osoejeet",4,17777
"yebjrfxa",13,129259
"ncliayoi",11,55533
"ypaffigo",7,44427
"icyquznw",15,78249
"mzpdieqe",5,25015
"ssaebqnd",15,83304
"wansfqcq",1,10000
"ywxdclbt",18,81326
"wserixgx",12,77729
"orltvnih",10,49652
"blkxtivw",15,58753
"mcmygsze",8,14989
"ubslbwle",1,10000
"qwvsdcyx",4,16763
"dlamkcvk",15,176933
"whciltbq",18,94548
"excvhicc",14,51331
"qlipfbws",10,46865
"mvxtijwa",4,38588
"usvrnzyb",14,64572
"fkbwdxev",5,42394
"mfvpyleg",3,13657
"oexmimqh",12,39804
"ofphabxi",3,40906
"bdhklyfj",12,75452
"ekgmbkmp",14,55528
"covnhcra",10,50106
"gsuaazad",13,65312
"rknxrirx",7,39034
"ifmbnole",15,60112
"zsxmfgks",8,41619
"kyxwwqqk",9,33069
"fnrtcwag",7,22824
"ssoyumbk",14,128731
"abkjuyef",14,66965
"uzhyqfri",22,123723
"bgtjfocw",9,48000
"vprshpua",3,25138
"pbfvrjjw",18,91193
"vzfffkki",1,10000
"ozehkijp",10,52940
"tgkaaqfz",10,121873
"wtybtmfu",9,39576
"nfgjpcbl",9,65285
"pgnnlvqx",11,69025
"dtzxnmwn",11,53400
"ffudloff",5,49879
"zfnnqjbq",13,46303
"portqmcq",6,23944
"qtcscods",14,78514
"wghbzqeq",12,60272
"fvvqwdzl",5,63230
"qegxqqgw",11,96886
"jgpwkdys",11,69678
"oqtajbrk",13,80589
"tlmdqzfp",15,85174
"uxpeevun",2,10000
"dbkdvrhj",1,10000
"dizlunni",13,114453
"rjdsbnmm",15,63204
"rrqzyapc",2,10574
"pseznwzt",8,49027
"bjtqfout",15,70809
"drrvtwlm",6,40008
"zkjoopzd",15,90124
"ctzdyroj",4,22521
"mgoyesun",21,117705
"jggnrgzj",9,48468
"blnttczo",9,52445
"hsavbrpa",12,59598
"pqwhcyjp",6,25961
"uwupyjio",7,31478
"kaqrzmhy",16,100884
"bvcpzjha",18,153649
"jhueeqql",4,20613
"xzvodxtq",10,58237
"uvfrferf",13,53711
"taiynqey",22,90742
"fukgahmg",10,56258
"jggzsfev",10,43160
"jespypch",11,51870
"fwcfqxcb",13,121510
"uytcljen",3,27410
"gwgrbiyq",15,48434
"sratqcea",5,10000
"lsiurivd",2,24938
"cizdsvzr",9,47254
"ridycmxx",18,57960
"egauzzyt",11,38557
"qvhblnzi",12,99547
"cxflhazb",18,61961
"lgjljfyh",17,94562
"emmloxsh",7,41259
"anuwcfjz",16,59921
"sijtbaoa",7,27689
"mdtrejma",7,86208
"mflazdan",14,55426
"klngueik",10,38801
"ssgohvjm",13,82356
"yiefdtxt",15,83527
"qgzcelyn",5,21451
"gvfqdfkz",14,57907
"dkxubckf",4,44616
"pnosfkta",13,39258
"azbemntn",14,81798
"afaqsqdw",13,43112
"mlhjlckh",12,68364
"uhysruir",12,65538
"ycefqcmc",8,112820
"jdpofzzv",8,81392
"dxjfdzhu",6,31579
"cnerkalv",6,39282
"dnnouoch",15,76849
"eisaomea",8,94053
"uxhekgme",17,95142
"fbvtjacx",19,95495
"kclyumig",13,85249
"lhsymtly",15,140648
"djemwnhg",12,75309
"firmgqll",3,44316
"jjjdaahe",11,44444
"zyrlqzfl",3,13516
"dqjitehx",20,113931
"ehmxbjbh",4,37822
"leeffsdo",8,46086
"vkpshsno",6,35751
"gxzbyfpq",1,10000
"bzkgawvy",14,71415
"dabdmdsv",7,29949
"gjakjvdz",1,10000
"szdgaowj",3,10683
"rwdfbmeb",1,10000
"jrrgwbuf",15,39307
"btvlsqps",6,25660
"vsiuhckp",18,204623
"wobcsrfm",10,42620
"iuzdqfzc",15,63207
"bajxwvff",11,59991
"dhgholxt",12,163712
"vwajwmuj",5,15702
"japdsinm",12,57644
"dtefpiqn",10,46766
"byufitam",1,10000
"hypixxnh",11,46832
"fzfwrdbl",7,47902
"znewxnva",13,67862
"dtwhnqnc",15,48805
"wpsbunan",16,77541
"ijdulyms",17,92844
"kghdjqdy",7,25453
"rfrwsjwl",17,148259
"kkfhxzad",18,87252
"qprcvtpt",9,40382
"ceitlaua",17,103145
"pgjjhbds",7,39659
"xxdipceu",23,97570
"gvzzwwzy",14,57547
"vamvgrrp",13,49071
"tonrmobo",10,53528
"rjzgiakg",4,23621
"xgnmwxix",15,139818
"mjxdseat",6,56337
"haylqurs",10,38057
"svdwjrez",18,72299
"dzswxyzr",16,32743
"vvtxadtk",12,137004
"lfhbpxyh",16,196306
"qrdzjhcb",5,25438
"bvszpusa",11,59292
"raibkiub",13,74122
"adjnxmhx",6,36388
"whqpxpjg",9,105395
"xzgmaecc",15,104748
"hpgpxilo",14,110803
"gtatzawb",15,68458
"dzblomng",7,38086
"sldljpsi",10,58116
"oezmhooa",3,15047
"hjhubcpz",19,101978
"nkssvign",11,64992
"itghyorr",9,38800
"zwimemic",12,58254
"xfwfryns",7,34107
"dkdxkgvz",11,53098
"jromhbxh",18,87824
"vkbslznj",11,112958
"dyvaakll",11,34176
"tdatkqvz",6,28442
"wdglgtsk",9,51977
"twioviuz",4,27819
"essrbbli",3,17122
"erimeolb",7,64154
"rbixwnhb",10,119918
"vmmtmjtt",1,10000
"cjelnigd",5,27459
"gjcrqrqu",7,27405
"qyfdxwxs",16,68174
"ezrjspas",4,18549
"usomtyvj",7,29695
"qfhkcwmo",11,53031
"ylshehxn",5,24588
"omcsbkbb",6,36820
"omscdvfy",14,71899
"bekxdyep",9,50271
"kakqwgrq",5,30924
"uzqayxrk",10,47368
"tophfwkw",9,39133
"ufjuqgkn",16,75623
"ajblotvd",4,36202
"gbghvvxe",7,27096
"zuixegfe",8,71711
"wopvnpyb",6,62210
"hzuxkehp",12,66590
"erlammpl",19,100604
"kkjlwmiw",12,47667
"kuckldhs",12,53156
"zzduxljq",8,54505
"ukxyfiqw",7,39946
"xgiefqoq",10,46883
"djhqadey",21,123791
"kowtvdjo",9,34786
"ayrmlkmq",7,36809
"qpvnqxws",5,21529
"bycsmide",11,101333
"sdjkofjv",17,83703
"hlxkermr",13,48826
"ibtdwhts",12,47749
"yptpusdn",7,30281
"dcovjcrc",10,113704
"sxquubpr",5,18900
"racwzizu",11,41218
"ckfcvftk",16,50203
"deokavxm",17,79805
"aqovdgjf",14,76758
"mevmkjpx",7,32427
"wyztgfuk",10,55654
"eipaxlmk",10,69070
"xqcxhbgg",20,124505
"vzecjwnr",5,53840
"dmwsdksx",12,117738
"cmaopmte",10,96420
"ozfsgpya",16,170109
"kdueszuf",15,70702
"qnxjcuqq",17,144589
"mwydhhyz",2,11427
"avmyllaq",8,28954
"kthrztbb",14,66616
"kdovtubw",7,41412
"cfczgjcc",19,74173
"hrrufkwr",13,63139
"ngrbubzo",3,19009
"nqfocrzt",13,134938
"gijaures",9,31235
"lcacgtwe",6,67604
"kkmkdttj",11,42154
"mlxuwvvo",4,12349
"mtmejaoz",2,18318
"xmbaiyjn",7,32688
"cqqjlyqw",5,29555
"vjcyfciy",13,41739
"bpmixgqp",3,17796
"qactcquc",6,23344
"oldbjwpx",12,53443
"cglxxoob",10,62441
"oultnajz",9,52334
"ujakqfvb",9,22810
"cqumdzrd",13,96746
"bcrsiszp",19,85288
"psrssqzm",5,23124
"sftjcfhv",16,103256
"hyetwnzt",9,34276
"gfvjvcvb",14,40238
"fwyriawi",7,35589
"yxeltmbz",2,10000
"pzmrknyk",6,25830
"qoodbnws",10,46358
"bnovlrgu",9,35393
"tljophrp",8,37077
"jqdzpgjf",5,30060
"akqcorwf",10,40909
"qdzdvaqi",8,30128
"pylqywpy",9,49519
"keicggct",11,68928
"jawrjshj",15,94422
"liqmglga",4,25727
"xhmbooab",9,35087
"ypkyzhai",7,31655
"vhztcjwp",22,218435
"onzzssfm",10,108983
"myotxwvm",18,75550
"oqgejohw",9,38726
"sswnckdi",14,86741
"rheabgqa",15,88544
"qynvvjwj",10,57353
"jtfldnfv",10,114770
"gdnlwutz",13,60833
"rlrrwevp",10,94440
"vgjcozyv",17,141563
"udccoekh",7,34599
"hqdfuiix",8,111057
"dptnesit",5,19886
"dxktaqxh",14,74788
"ttouanan",2,11465
"buxqlkrw",1,10918
"dlcsjcsp",4,25739
"wmwnghnt",9,44472
"gegawabw",3,15019
"ivelbjpg",6,24250
"madtjawn",19,72858
"ezhzusdu",6,29610
"kyzoueks",7,79881
"qjpjnmrx",4,42611
"pgblagdt",12,89070
"isdvbwgm",13,99497
"pegjviqn",6,32892
"bseprdel",21,98578
"mkpgejwz",13,73578
"nsgguvri",8,47514
"ocxcdpjv",9,33715
"owbnhtng",17,121111
"oafgqjcp",18,98185
"tzlkkrkd",11,74469
"pmgijqwf",8,43622
"zpxwsbeb",3,13932
"hqxlosxs",13,68603
"jzprspkq",9,63097
"hpcymnap",13,83708
"dqycqbzc",22,113111
"agxdbykx",13,120414
"qpalsztr",7,28711
"baesbtbp",6,34242
"rklpejwb",11,59217
"gmhbjkhe",2,12197
"fhnkfyrw",16,68520
"xeqfqnci",3,13379
"csilwcmo",13,64449
"hzqibbwu",17,101381
"poiiiplj",10,47752
"wtkzfbyu",9,46211
"eolqptst",4,14692
"zlmrmgaf",16,161601
"qngfvgtv",6,44878
"nahydtua",12,43151
"pmqbgcwa",15,65344
"juepspjh",15,86166
"wiiltkli",7,44981
"tgwdtapy",8,36435
"ftwhlagc",13,61588
"lkdxfggt",3,38701
"ixirwfab",8,46444
"evtorqte",12,101566
"girkcrlp",1,12782
"eebzwzoo",8,41860
"xfirsset",5,44178
"geiwmzum",6,27067
"xnkkdzpa",4,21126
"sufcizyr",15,62631
"jgrsjdss",6,24517
"maoextvg",14,70164
"gbrebemn",21,122526
"ubrmebrj",10,41420
"ocwtfcqv",19,104394
"egsvpwxf",6,25785
"pgdshscy",10,47635
"usezowol",13,60616
"jyeofhlm",9,57874
"ukgrzxsw",14,77166
"bxfzkyaa",12,49166
"rvagyhow",7,46877
"kraxrwqp",7,40796
"szgkktoa",13,51871
"jaroqclb",10,52638
"lbpckoom",8,43199
"vdrjgzky",7,32279
"ntlgzikj",8,37435
"eredkgmh",10,36298
"jfaiwyzx",14,75725
"ljwwepes",9,98232
"peyqbdxp",1,10000
"hlkhmvgb",10,117669
"bytirwov",11,62082
"gzkuixbu",10,44538
"rnguznrp",1,10000
"vctxubvn",19,92318
"jmunouka",7,61270
"aotlerzp",11,60773
"feerzxhm",22,102241
"xuiooaln",7,23354
"ehjnxpdy",13,80288
"ugvbmcpy",1,10000
"szehmwir",9,41200
"ihwzirlv",17,72982
"dzyqiplk",14,51030
"qicsmyti",3,19552
"xnimiqjw",8,27364
"zmxepvfe",13,64096
"quedngsj",6,38034
"nwtbgxsj",7,28160
"okggqhdv",8,36435
"pkozsard",13,163003
"jkfbqbxk",18,107446
"tuivkcvo",13,56135
"zoisnauc",17,63674
"sbhkyprt",11,38964
"kzfxqmbl",8,38613
"nxbdirst",7,35989
"bzwwimvr",12,51658
"hjvnmqft",9,98911
"ppxuepks",19,133611
"vuczegax",13,123649
"sokelomn",10,48240
"jyqvxmuw",2,20362
"afefbsgi",11,55593
"xknfeclq",13,74126
"ddqkkdfg",12,46541
"ocntfmux",11,49660
"hkomjopo",18,63716
"yvmdrvik",3,14834
"itmemvkp",15,84120
"coxbydbs",9,38186
"oashldyr",8,38103
"uwufudor",16,41963
"bepnumim",10,66697
"cofpysqx",8,41051
"dblccxfn",15,60610
"phjksvgs",10,54063
"sivijrhz",8,88784
"awmqbkdg",6,26577
"ncvehukb",1,10000
