"regcust","age","sex","type","regyear","regmon"
"gncowqlx",27,"F","Basic",2016,6
"walcuucd",29,"F","Basic",2016,6
"wwwedfyo",28,"F","Basic",2016,6
"ztexaqff",17,"M","Basic",2016,6
"uwqfxptk",21,"M","Premium",2016,6
"ebchdasz",22,"F","Basic",2016,6
"zytrpcch",39,"M","Basic",2016,6
"nihpgoff",33,"M","Basic",2016,6
"iwmzfpnn",12,"M","Premium",2016,6
"zreawuww",34,"M","Premium",2016,6
"ckaakblv",30,"M","Basic",2016,6
"tqyaeabl",20,"M","Basic",2016,6
"ithvihoh",36,"F","Premium",2016,6
"hzttnfzu",35,"M","Basic",2016,6
"nsuwsndx",40,"M","Basic",2016,6
"fellmucy",29,"F","Basic",2016,6
"kxpdeywp",30,"M","Basic",2016,6
"eicluhyk",18,"M","Basic",2016,6
"uouylhvy",11,"M","Basic",2016,6
"vqvncogb",27,"M","Basic",2016,6
"tumfoemm",22,"M","Basic",2016,6
"zqhctktg",21,"F","Premium",2016,6
"lufjamgl",30,"M","Basic",2016,6
"voxdaujf",35,"F","Basic",2016,6
"gvzrihji",22,"M","Basic",2016,6
"gcnzcnqe",25,"M","Basic",2016,6
"xhneidqm",35,"M","Basic",2016,6
"xnsqrecd",30,"F","Premium",2016,6
"vkwkrsgx",30,"F","Basic",2016,6
"elocczdf",24,"M","Basic",2016,6
"lihutslf",16,"M","Basic",2016,6
"uhsckhqx",33,"F","Basic",2016,6
"awwrhysl",37,"F","Premium",2016,6
"sltxahcr",19,"F","Basic",2016,6
"czlxtnzp",28,"M","Basic",2016,6
"rhqmztel",40,"M","Basic",2016,6
"mcjrftoo",20,"M","Basic",2016,6
"crzzntsp",16,"M","Basic",2016,6
"tjjmcivb",29,"M","Basic",2016,6
"novphpgq",25,"F","Basic",2016,6
"zplfejcz",20,"F","Basic",2016,6
"xzxlfmoi",32,"M","Basic",2016,6
"hmfrrzfa",18,"F","Basic",2016,6
"jtaxwhog",28,"M","Premium",2016,6
"vzjwvgrv",11,"F","Basic",2016,6
"jithqebz",16,"M","Basic",2016,6
"yxsjgrkv",20,"M","Basic",2016,6
"frwhwupi",34,"M","Basic",2016,6
"zmwugoqb",10,"M","Basic",2016,6
"flzwggck",17,"M","Basic",2016,6
"nqgilqpe",26,"M","Basic",2016,6
"rnboysts",34,"M","Premium",2016,6
"wrklayno",11,"F","Premium",2016,6
"uztitebq",25,"M","Basic",2016,6
"idpizxcj",34,"F","Basic",2016,6
"rqbxdcgd",15,"F","Basic",2016,6
"bhccaynv",13,"F","Basic",2016,6
"vxhwdjtu",10,"M","Premium",2016,6
"wjlbdcyi",15,"F","Basic",2016,6
"haiqyjoq",23,"M","Premium",2016,6
"ovcciruy",18,"M","Basic",2016,6
"dwgbevlu",22,"M","Basic",2016,6
"tcmdvlmh",22,"F","Basic",2016,6
"lpudszcx",20,"F","Basic",2016,6
"xjlielmq",27,"M","Basic",2016,6
"fofkpzfe",12,"M","Basic",2016,6
"qjqickce",22,"M","Basic",2016,6
"jjdazhkr",38,"F","Basic",2016,6
"ujpotwxv",26,"M","Basic",2016,6
"weqmwmqs",31,"M","Basic",2016,6
"kwnuahkj",39,"M","Basic",2016,6
"gjcjckvd",12,"M","Basic",2016,6
"ntfbzrej",31,"M","Premium",2016,6
"miwchcyp",18,"F","Basic",2016,6
"kykvytlo",35,"M","Basic",2016,6
"bldyjnmm",15,"M","Basic",2016,6
"odgfghqk",29,"F","Basic",2016,6
"ztxqijnb",33,"F","Basic",2016,6
"gynpgoxt",24,"M","Basic",2016,6
"fggudfcw",37,"M","Premium",2016,6
"kqybeire",27,"M","Premium",2016,6
"hxspvqqb",38,"F","Basic",2016,6
"otoveien",14,"M","Basic",2016,6
"yzahtkxl",20,"M","Basic",2016,6
"anogfsjw",30,"M","Basic",2016,6
"uzrmnfvl",21,"M","Basic",2016,6
"algvojjt",27,"M","Basic",2016,6
"yxkpezto",15,"F","Basic",2016,6
"pvjazohw",38,"F","Basic",2016,6
"yedbhgpq",34,"F","Basic",2016,6
"zsmueool",39,"F","Basic",2016,6
"dtgbchbu",27,"M","Basic",2016,6
"nvtjjynx",24,"M","Premium",2016,6
"xhqklncs",37,"M","Basic",2016,6
"juchkicr",40,"M","Premium",2016,6
"eqigctsl",34,"F","Premium",2016,6
"yjzwibor",38,"M","Basic",2016,6
"vxbppvie",40,"F","Basic",2016,6
"oarmdjtq",15,"F","Basic",2016,6
"owypztcy",17,"M","Basic",2016,6
"bqsgreeh",30,"M","Basic",2016,6
"ohwnywaz",28,"M","Basic",2016,6
"nxafrdag",24,"M","Premium",2016,6
"eapktxvp",24,"F","Basic",2016,6
"sahrrcru",29,"M","Basic",2016,6
"hjhlopzx",38,"F","Basic",2016,6
"ghsmdfvu",36,"F","Premium",2016,6
"tgobwefy",21,"M","Premium",2016,6
"lddkxkob",10,"M","Premium",2016,6
"dazxxing",21,"F","Premium",2016,6
"mldhtzrt",24,"M","Basic",2016,6
"orzqbysa",12,"M","Basic",2016,6
"ogohmzvi",25,"M","Basic",2016,6
"yqhjmazl",27,"M","Premium",2016,6
"skpvcjtm",29,"M","Basic",2016,6
"qxjyhfoo",27,"M","Basic",2016,6
"cninxyll",30,"M","Basic",2016,6
"zbywlhvd",16,"M","Basic",2016,6
"nakcbfbk",39,"M","Basic",2016,6
"ipgqfxur",32,"F","Basic",2016,6
"nkkzzmaa",16,"M","Basic",2016,6
"ainqzyrw",39,"M","Basic",2016,6
"axvmotfc",30,"F","Basic",2016,6
"mxsbzenx",30,"M","Basic",2016,6
"abwvmvpn",25,"F","Basic",2016,6
"xispgqxp",30,"M","Basic",2016,6
"hkhjoevg",23,"F","Basic",2016,6
"tecrdkna",29,"F","Basic",2016,6
"xizilgag",32,"M","Basic",2016,6
"uatblmpv",39,"M",NA,2016,6
"kpnxchoi",19,"M","Basic",2016,6
"kwzgucvn",14,"F","Basic",2016,6
"trnxeesn",30,"M","Basic",2016,6
"owevfhla",12,"F","Basic",2016,6
"cplqidhd",21,"F","Basic",2016,6
"blwnaqvf",29,"M","Basic",2016,6
"faetwlka",39,"F","Basic",2016,6
"izmrdepv",28,"F","Basic",2016,6
"npmqcngm",22,"M","Basic",2016,6
"hoxdogqx",22,"M","Basic",2016,6
"uttaaovp",27,"M","Basic",2016,6
"gfztjlcx",32,"M","Basic",2016,6
"dislrbko",36,"M","Basic",2016,6
"wekmfcmj",38,"M","Basic",2016,6
"paguccbr",28,"F","Basic",2016,6
"gejdhiua",22,"M","Basic",2016,6
"dqbniowf",29,"F","Basic",2016,6
"dcvbbxqz",11,"M","Premium",2016,6
"wvvycnoh",19,"M","Basic",2016,6
"xalaemld",33,"F","Basic",2016,6
"lgsenpxv",19,"F","Premium",2016,6
"gdqgkoox",26,"M","Basic",2016,6
"jjcmkfkc",36,"M","Basic",2016,6
"dpxvmewc",32,"M","Basic",2016,6
"wuoknnjg",31,"M","Premium",2016,6
"hlosqqci",12,"M","Basic",2016,6
"dkkfoqjz",15,"F","Basic",2016,6
"xieexwyz",19,"F","Basic",2016,6
"mumfcmgi",28,"F","Basic",2016,6
"ilcckpsy",18,"F",NA,2016,6
"gwkbdwap",37,"M","Basic",2016,6
"dqjofjgd",22,"M","Basic",2016,6
"zahpfyyl",23,"M","Basic",2016,6
"gkjalhjd",38,"M","Premium",2016,6
"leoixwut",37,"M","Premium",2016,6
"snonzfry",17,"M","Premium",2016,6
"yhmteskw",30,"M","Basic",2016,6
"hxgbysvv",39,"M","Basic",2016,6
"kelbyruk",17,"M","Basic",2016,6
"pftaqzyp",17,"M","Basic",2016,6
"saapormm",16,"F","Basic",2016,6
"byoextkj",31,"M","Basic",2016,6
"ctbtxkyd",21,"F","Basic",2016,6
"ivyuplba",26,"M","Basic",2016,6
"bqgqzmra",22,"M","Basic",2016,6
"zmekrheb",13,"M","Basic",2016,6
"eatoxzxj",20,"M","Basic",2016,6
"umtjuytv",30,"M","Basic",2016,6
"fsnmmsjj",32,"M","Basic",2016,6
"wkfysaet",13,"M","Basic",2016,6
"vbwboooz",30,"F","Basic",2016,6
"xxqsuifa",26,"M","Basic",2016,6
"abpiycgd",20,"M","Basic",2016,6
"dahzcfyd",10,"M","Basic",2016,6
"myfisedi",24,"F","Basic",2016,6
"nbtqbgdx",20,"M","Basic",2016,6
"afsqjadr",27,"F","Basic",2016,6
"nudtvkab",39,"M","Premium",2016,6
"wtmgdzod",28,"F","Basic",2016,6
"uhtxxtpy",38,"M","Basic",2016,6
"agkrtuje",22,"M","Basic",2016,6
"inowhxkc",39,"M","Basic",2016,6
"fdaklzmh",35,"M","Basic",2016,6
"hpvsnttj",38,"M","Premium",2016,6
"ywnitpvh",39,"F","Premium",2016,6
"fokwkoeu",10,"M","Basic",2016,6
"dvwjqsdr",39,"F","Basic",2016,6
"rlywicyd",21,"M","Basic",2016,6
"emlwzwtd",37,"M","Basic",2016,6
"vevcmdgk",13,"F","Basic",2016,6
"zoryxube",26,"M","Basic",2016,6
"gmydnkwp",33,"F","Basic",2016,6
"utvhebrv",10,"F","Premium",2016,6
"yoncymbd",40,"M","Basic",2016,6
"mtawmxfk",34,"M","Basic",2016,6
"ifdincbs",12,"F","Basic",2016,6
"nxqaqukr",31,"F","Basic",2016,6
"ecigojyn",23,"F","Premium",2016,6
"nrkvkgvw",10,"M","Basic",2016,6
"uiblzxph",30,"F","Basic",2016,6
"uzazsdtn",15,"M","Basic",2016,6
"tcqqcvvd",20,"F","Basic",2016,6
"mgyiyfmd",14,"M","Premium",2016,6
"fivnqyhd",39,"M","Basic",2016,6
"ivnwrzoy",22,"M","Basic",2016,6
"knoavidn",35,"M","Basic",2016,6
"bssdyean",24,"M","Premium",2016,6
"kkvjsbxp",38,"M","Basic",2016,6
"wegjgjgc",25,"M","Premium",2016,6
"lyviatvy",15,"F","Premium",2016,6
"yjowiakv",22,"M","Premium",2016,6
"tcsimwtg",20,"F","Basic",2016,6
"zsapcjok",28,"M","Basic",2016,6
"telekksr",34,"M","Basic",2016,6
"deogfhxq",13,"M","Basic",2016,6
"rzhyohqn",14,"M","Basic",2016,6
"vmqbyekl",31,"M","Basic",2016,6
"vcvodeqr",17,"M","Basic",2016,6
"pzxwrwqb",30,"F","Premium",2016,6
"ycdlmehg",10,"M","Basic",2016,6
"renikylg",35,"F","Basic",2016,6
"stxzpzfj",20,"M","Basic",2016,6
"qgdxjgnt",29,"M","Premium",2016,6
"mhrimifh",15,"F","Basic",2016,6
"wwuwyoqr",30,"F","Basic",2016,6
"xwlsiyvo",30,"F","Basic",2016,6
"wskaymmm",11,"M","Basic",2016,6
"trqrlhgf",37,"F","Basic",2016,6
"lrzdgtyx",34,"F","Basic",2016,6
"iaxihxff",33,"M","Premium",2016,6
"kxnnusek",29,"M","Premium",2016,6
"cjfjdhcu",20,"M","Basic",2016,6
"wpisbysv",38,"M","Basic",2016,6
"pozlrzuy",30,"M","Basic",2016,6
"eppaojnf",17,"M","Basic",2016,6
"hczaubqe",33,"F","Basic",2016,6
"zaudcnar",20,"M","Basic",2016,6
"ltvhgpjy",25,"M","Basic",2016,6
"ykuydvig",16,"M","Basic",2016,6
"npaophye",33,"M","Basic",2016,6
"jlamiypi",14,"M","Basic",2016,6
"lkqtobrs",35,"F","Basic",2016,6
"lflslitr",21,"M","Basic",2016,6
"iufekpvf",36,"M","Basic",2016,6
"bclcsoru",22,"M","Basic",2016,6
"zbjfapub",16,"M","Basic",2016,6
"amzseiql",36,"F","Basic",2016,6
"zswpibfu",14,"M","Basic",2016,6
"efjaxbqt",29,"M","Basic",2016,6
"cfkzeiam",22,"F","Basic",2016,6
"nrgcxjao",19,"F","Basic",2016,6
"wvsyapha",31,"M","Basic",2016,6
"klnrkfji",20,"M","Basic",2016,6
"npcbszhc",10,"F","Basic",2016,6
"ijbspfil",30,"M","Premium",2016,6
"mcqplxro",14,"M","Premium",2016,6
"phmiaaqv",28,"F","Basic",2016,6
"kdblshlv",18,"M","Basic",2016,6
"ukmdovxe",40,"M","Basic",2016,6
"xchdxomc",12,"M","Basic",2016,6
"isqwkpma",31,"M","Basic",2016,6
"rstlyzvt",20,"F","Basic",2016,6
"aorhugto",33,"F","Basic",2016,6
"lcagmwlc",10,"M","Basic",2016,6
"acxpsbxl",22,"M","Premium",2016,6
"dnliavju",24,"F","Premium",2016,6
"waurrudu",23,"F","Basic",2016,6
"wzezxvsk",37,"F","Basic",2016,6
"ynmlxcty",37,"M","Basic",2016,6
"tptvhdhk",10,"M","Premium",2016,6
"snkvtomr",33,"M","Basic",2016,6
"vjkjneit",11,"M","Basic",2016,6
"hcsvrujo",11,"F","Basic",2016,6
"kzmfncax",26,"M","Basic",2016,6
"wecasqcy",21,"F","Basic",2016,6
"mneizymw",40,"M","Basic",2016,6
"igunbaqt",27,"M","Basic",2016,6
"tfgkpkoj",11,"M","Basic",2016,6
"rvxcicsc",21,"F","Basic",2016,6
"pwakrmkb",13,"M","Basic",2016,6
"jzduualy",22,"F","Basic",2016,6
"qjiudwci",13,"F","Basic",2016,6
"hnthpnxy",11,NA,"Basic",2016,6
"lgjxnhih",35,"M","Basic",2016,6
"mcvqghot",16,"M","Basic",2016,6
"rsvsbdss",29,"M","Basic",2016,6
"ocqhsrqs",24,"M","Basic",2016,6
"yulvgvbk",34,"F","Basic",2016,6
"cbfgmdsa",22,"F","Basic",2016,6
"shwmcwao",36,"M","Basic",2016,6
"hilsbsey",28,"M","Basic",2016,6
"pbryqsmu",35,"F","Basic",2016,6
"buiwbllk",29,"M","Basic",2016,6
"xpgnqcfl",31,"F","Basic",2016,6
"ljukubfm",22,"M","Basic",2016,6
"gwyugivf",39,"F","Basic",2016,6
"bnaeztig",40,"M","Basic",2016,6
"oaqbophq",15,"M","Basic",2016,6
"opsmjxbh",33,"M","Basic",2016,6
"bszaydwh",28,"M","Basic",2016,6
"euwbaofa",22,"F","Basic",2016,6
"cmlplldt",30,"F","Basic",2016,6
"gvwyjmiz",25,"M","Basic",2016,6
"lxpzgbuy",26,"M","Basic",2016,6
"vgwksxpb",19,"M","Basic",2016,6
"anshkxcz",10,"F","Basic",2016,6
"zikjhxwq",24,"F","Basic",2016,6
"qhliieta",31,"F","Premium",2016,6
"ssuhcxeh",26,"M","Basic",2016,6
"vllkrdym",31,"M","Basic",2016,6
"eeixhymn",25,"M","Premium",2016,6
"uglhrwww",26,"M","Basic",2016,6
"lwdqhlyf",33,"M","Basic",2016,6
"dojtzqam",34,"F","Basic",2016,6
"vephgclk",31,"F","Basic",2016,6
"zawdxhty",20,"F","Basic",2016,6
"rxumrwfy",35,"F","Basic",2016,6
"tlowoasw",15,"M","Basic",2016,6
"jvfavvop",10,"F","Basic",2016,6
"indhorgt",16,"M","Basic",2016,6
"masjbruf",23,"M","Premium",2016,6
"vdtjtdiz",29,"M","Basic",2016,6
"belbogun",10,"M","Basic",2016,6
"ybwbirsh",38,"M","Basic",2016,6
"txdzrewd",39,NA,"Basic",2016,6
"shdiwtnn",36,"M","Premium",2016,6
"keuupuwi",20,"M","Premium",2016,6
"mupzdwxr",12,"M","Basic",2016,6
"stgkttku",28,"F","Basic",2016,6
"aewxomqs",37,"M","Basic",2016,6
"ijmomjad",27,"F","Basic",2016,6
"sgqqmlzs",29,"M","Basic",2016,6
"vkfuwrab",39,"F","Premium",2016,6
"ohqddgch",35,NA,"Premium",2016,6
"xparglqm",18,"M","Basic",2016,6
"ueozkpzz",38,"F","Basic",2016,6
"rsldigqd",35,"F","Basic",2016,6
"nxgjbuhi",40,"F","Basic",2016,6
"fjsydmrg",37,"M","Basic",2016,6
"zoxekzkf",10,"M","Basic",2016,6
"ddepbzqq",28,"F","Basic",2016,6
"hxhhecma",11,"M","Basic",2016,6
"ljeorgmc",24,"M","Basic",2016,6
"vgsbtdfw",25,"M","Basic",2016,6
"sesonhmu",31,"M","Basic",2016,6
"qpyexplh",20,"F","Basic",2016,6
"zozfhpne",14,"M","Basic",2016,6
"rbgfiujt",17,"F","Basic",2016,6
"vlyfuuhu",15,"M","Basic",2016,6
"efohtzdi",28,"M","Basic",2016,6
"jdvfmykf",34,"M","Basic",2016,6
"yuyratmb",35,"M","Premium",2016,6
"cuouactu",11,"F","Premium",2016,6
"wvdsnkom",32,"M","Basic",2016,6
"kqnbuicv",38,"F","Basic",2016,6
"yxnaoszu",13,"F","Basic",2016,6
"vofrltgk",31,"M","Basic",2016,6
"mkdmvwfq",29,"F","Basic",2016,6
"feltvcrb",25,"M","Basic",2016,6
"qpcqhyui",13,"M","Basic",2016,6
"ajzzcwmy",23,"F","Premium",2016,6
"fehpyxli",25,"F","Basic",2016,6
"sdcbtjwp",10,"M","Basic",2016,6
"xjshufbp",37,"F","Basic",2016,6
"gdeggizi",12,"F","Basic",2016,6
"irovming",21,"M","Basic",2016,6
"kkbyxyad",17,"F","Premium",2016,6
"euetluzd",24,"M",NA,2016,6
"qtdafpxe",12,"M","Basic",2016,6
"qsjtlxay",39,"M","Basic",2016,6
"fqohhryw",29,"F","Basic",2016,6
"wwtnjkfy",29,"M","Basic",2016,6
"lroiazfb",24,"M","Basic",2016,6
"zaxfotdd",15,"M","Premium",2016,6
"lvqhxnlm",34,"M","Basic",2016,6
"sshmnpdh",40,"M","Basic",2016,6
"mtcerhaq",20,"F","Basic",2016,6
"fyfbtydf",28,"M","Premium",2016,6
"edpwnagk",29,"M","Basic",2016,6
"slkweuzf",32,"M","Premium",2016,6
"qjruivbe",39,"F","Basic",2016,6
"kezubnuj",18,"M","Basic",2016,6
"jtfwcnad",11,"M","Basic",2016,6
"jvrspqiy",26,"F","Basic",2016,6
"cuudhxul",17,"F","Basic",2016,6
"rmcghsns",22,"F","Basic",2016,6
"qtudnyjv",16,"M","Basic",2016,6
"spaxhntn",21,"M","Basic",2016,6
"zbecfbsb",32,"M","Basic",2016,6
"esxyvqel",32,"M","Basic",2016,6
"sxxirarv",34,"M","Basic",2016,6
"rgcplvpp",10,"M","Premium",2016,6
"chlkcvxy",11,"M","Basic",2016,6
"zkkmcojd",11,"M","Basic",2016,6
"pxbqcmpt",36,"M","Basic",2016,6
"hniqbisx",28,"M","Basic",2016,6
"gfdnpgkg",24,"F","Premium",2016,6
"vmdjroef",26,"M",NA,2016,6
"zcymfalo",12,"M","Premium",2016,6
"emjmlsgj",33,"F","Basic",2016,6
"zjzsvquf",26,"M","Basic",2016,6
"xybkwrcg",20,NA,"Basic",2016,6
"ttgnhhdi",28,NA,"Basic",2016,6
"ljrwffbf",14,"M","Basic",2016,6
"caloxyvk",19,"M","Basic",2016,6
"bexpncot",25,NA,"Basic",2016,6
"nnsacsqd",18,"F","Premium",2016,6
"napbgjpe",20,"F","Basic",2016,6
"uycdfopw",34,"M","Basic",2016,6
"xujbkgtb",20,"M","Basic",2016,6
"kfbzmxis",21,"M","Basic",2016,6
"pdgequle",22,"F","Premium",2016,6
"lrcxjwpa",34,"M","Basic",2016,6
"ipgfudag",35,"M","Basic",2016,6
"mybmmmcr",21,"M","Basic",2016,6
"hdiglpsd",31,"M","Basic",2016,6
"zbkanwix",32,"M","Basic",2016,6
"qhdzgfop",20,"F","Basic",2016,6
"gmgyrvjw",24,"F","Basic",2016,6
"jskiymks",13,"M","Basic",2016,6
"tigxjirg",33,"M","Premium",2016,6
"tojynrmf",17,"F","Premium",2016,6
"vcmwavon",10,"M","Basic",2016,6
"zyhvgivv",10,"F","Premium",2016,6
"rlgydhxn",24,"F","Basic",2016,6
"knkkgwge",15,"F","Basic",2016,6
"tiwfdmht",20,"M","Basic",2016,6
"iggdhunh",13,"F","Basic",2016,6
"kusumdtl",28,"M","Premium",2016,6
"hdcupfpd",12,"M","Premium",2016,6
"btegmorb",18,"M","Basic",2016,6
"obyrfzpk",18,"M","Premium",2016,6
"mzbnhoaz",13,"M","Basic",2016,6
"ohrdroig",32,"M","Basic",2016,6
"mdwuirxs",18,"M","Basic",2016,6
"erzvjiqb",35,"F","Basic",2016,6
"imhzxifl",11,"M","Basic",2016,6
"ozqupahp",35,"F","Basic",2016,6
"bqlogakq",15,"M","Basic",2016,6
"assyjhkv",38,"F","Basic",2016,6
"utcqlasb",36,"M","Basic",2016,6
"aoxrvrwq",19,"F","Premium",2016,6
"eoolkzzc",20,"F","Basic",2016,6
"rkmlfvpt",13,"M","Premium",2016,6
"obzizgym",35,"M","Basic",2016,6
"olkgjoss",35,"M","Premium",2016,6
"vdfiexye",10,"M","Basic",2016,6
"qxmwspcc",14,"M","Basic",2016,6
"azcbaxtg",12,"M","Premium",2016,6
"hcjzyleo",11,"M","Basic",2016,6
"ksnndtwx",24,"F","Basic",2016,6
"rhjqzrwe",40,"F","Basic",2016,6
"phsxrnga",25,"M","Basic",2016,6
"znhqjlyl",14,"F","Premium",2016,6
"eumazype",38,"M","Basic",2016,6
"wsjgpuss",19,"F","Basic",2016,6
"meujhkgt",11,"M","Premium",2016,6
"glomkudl",39,"F","Basic",2016,6
"zamezxhe",19,"M","Basic",2016,6
"bajxjioq",24,"M","Premium",2016,6
"rhhskull",21,"F","Basic",2016,6
"dheglqny",27,"M","Basic",2016,6
"vuklmgdk",22,"F","Basic",2016,6
"bfymlper",11,"M","Basic",2016,6
"fkglwokp",37,"M","Basic",2016,6
"qgknepvm",15,"M","Basic",2016,6
"xzrrqhvb",40,"M","Basic",2016,6
"mdcjoaba",39,"M","Basic",2016,6
"mcuilkiu",37,"M","Basic",2016,6
"bbchtuwu",38,"F","Basic",2016,6
"klbdlgns",14,"M","Premium",2016,6
"aiedfutx",15,"M","Basic",2016,6
"pggdqwzr",10,"M","Basic",2016,6
"zhgkfoso",28,"M","Basic",2016,6
"rzufhqcy",10,"M","Basic",2016,6
"kswlryrc",11,"M","Basic",2016,6
"wjacqemz",27,"F","Basic",2016,6
"umsmdxpp",36,"M","Basic",2016,6
"ldwcqemh",19,"M","Basic",2016,6
"ezrgpbtg",22,"F","Basic",2016,6
"yylmezla",11,"M","Premium",2016,6
"ivdjjepg",30,"M","Basic",2016,6
"wihjmiis",28,"M","Basic",2016,6
"fkpbksdq",27,"M","Basic",2016,6
"wnrrxmcr",37,"M","Basic",2016,6
"trptkqrc",12,"M","Basic",2016,6
"eckujdmp",10,"M","Basic",2016,6
"nmfmagfv",18,"M","Basic",2016,6
"feplyylz",31,"M","Basic",2016,6
"rgmffipr",22,"M","Basic",2016,6
"zmououeq",37,"M","Basic",2016,6
"quoevbyf",35,"M","Basic",2016,6
"jyqjkpyx",29,"M","Basic",2016,6
"trxeweyc",19,"M","Premium",2016,6
"yygsygxk",37,"M","Basic",2016,6
"acethdzs",20,"M","Premium",2016,6
"vunogvvl",11,"F","Basic",2016,6
"strkczdb",30,"M","Basic",2016,6
"cmbqpikq",31,"M","Basic",2016,6
"caowfehd",35,"M","Basic",2016,6
"lusbbboa",30,"M","Basic",2016,6
"fmrltmqr",23,"M","Basic",2016,6
"ocvpidwf",21,"M","Basic",2016,6
"enxutmax",29,"M","Premium",2016,6
"qphjefuv",10,"F","Basic",2016,6
"otyckpko",11,"F","Premium",2016,6
"mxbgisve",14,"M","Basic",2016,6
"mcabqoff",26,"M","Basic",2016,6
"gokavnsk",38,"M","Premium",2016,6
"lxzvlcsl",29,"M","Basic",2016,6
"liiajczd",10,"M","Basic",2016,6
"oxtwmkti",32,NA,"Basic",2016,6
"lwivabih",30,"M","Premium",2016,6
"fbmaancu",27,"F","Basic",2016,6
"kcckuwsy",20,"M","Premium",2016,6
"dnbqszxz",37,"M","Basic",2016,6
"rmefzcdq",34,"M","Basic",2016,6
"egdtbfpt",18,"M","Premium",2016,6
"vtwyqjde",20,"M","Basic",2016,6
"jgvvhlir",29,NA,"Basic",2016,6
"wogkjvnf",22,"M","Basic",2016,6
"omvevdag",10,"F","Basic",2016,6
"gqcpcprx",28,"F","Premium",2016,6
"arisiqqr",34,"M","Basic",2016,6
"lvywvtpp",20,"M","Basic",2016,6
"jjctbgva",40,"M","Basic",2016,6
"kawlsdhn",35,"M","Basic",2016,6
"cldavfsn",11,"M","Basic",2016,6
"lznbrhcg",39,"F","Basic",2016,6
"rtagmghi",17,"F","Basic",2016,6
"ozyrtlhn",37,"M","Basic",2016,6
"rgmutusp",27,"F","Basic",2016,6
"ebtvyxxx",37,"F","Basic",2016,6
"ezbolxwy",11,"M","Basic",2016,6
"snsxrlma",28,"F","Basic",2016,6
"tlsrttgu",37,"F","Basic",2016,6
"zzskicip",26,"M","Basic",2016,6
"htiriayy",26,"M","Basic",2016,6
"qypicpcx",13,"M","Premium",2016,6
"nznobmqi",35,"M","Basic",2016,6
"obnyebfe",32,"F","Basic",2016,6
"qntnskhe",19,"M","Basic",2016,6
"gagpxblc",27,"F","Basic",2016,6
"ljqfryiu",33,"F","Basic",2016,6
"wgostceq",39,"M","Basic",2016,6
"vqugqclo",29,"F","Basic",2016,6
"jzronlbp",25,"M","Basic",2016,6
"iyehxqvs",35,"M","Basic",2016,6
"cuilfrqc",11,"M","Basic",2016,6
"iavzxfwc",24,"M","Premium",2016,6
"rqaahqcv",20,"M","Basic",2016,6
"ukxwxdzn",28,"M","Basic",2016,6
"iszwkfqx",10,"M","Basic",2016,6
"wrojmxvs",11,"F","Basic",2016,6
"jtwvlnka",13,"M","Basic",2016,6
"mgjreqbx",34,"M","Basic",2016,6
"omyqtndu",21,"M","Basic",2016,6
"larutlio",31,"F","Basic",2016,6
"xbnxfufj",30,"F",NA,2016,6
"xathybjh",37,"M","Basic",2016,6
"etlpdzyh",34,"M","Basic",2016,6
"wvlbxsyn",15,"F","Basic",2016,6
"tfwifajx",37,"M","Basic",2016,6
"uvjgfjzs",38,"M","Basic",2016,6
"nonipjjp",14,"M","Basic",2016,6
"lhhlvcaq",25,"M","Basic",2016,6
"dzhkjxeb",11,"M","Basic",2016,6
"xvtsulry",10,"F","Basic",2016,6
"hpooylxa",29,"M","Premium",2016,6
"jgylretm",34,"M","Basic",2016,6
"wvwlfsal",24,"M","Basic",2016,6
"lswrwwzh",31,"M","Basic",2016,6
"rqexnvkk",38,"M","Basic",2016,6
"wjrylypc",37,"M","Basic",2016,6
"faylwypa",17,"M","Basic",2016,6
"vnsklurl",12,"M","Basic",2016,6
"fdhwbrmt",38,"F","Premium",2016,6
"cvlmqdxm",31,"F","Basic",2016,6
"otxbvnmp",19,"M","Basic",2016,6
"yrlvtbce",17,"M","Basic",2016,6
"rhjbvdnw",31,"M","Premium",2016,6
"idfovngs",36,"M","Basic",2016,6
"wwubnfwq",19,"M","Basic",2016,6
"klbkdtmr",20,"F","Basic",2016,6
"ijhsbsge",38,"M","Basic",2016,6
"qoltdiib",32,"M","Basic",2016,6
"zqjmtvrw",21,"M","Basic",2016,6
"ztwsnhml",12,"M","Basic",2016,6
"dkaebjjq",30,"M","Basic",2016,6
"glugjrkv",40,"M","Basic",2016,6
"vobxbwmd",23,NA,"Basic",2016,6
"srhnumns",32,"F","Basic",2016,6
"tftzmvdl",20,"M","Basic",2016,6
"vqwnkmaj",33,"F","Premium",2016,6
"ijvxlvmu",19,"M","Basic",2016,6
"eprotmjm",11,"F","Basic",2016,6
"jfxkbjfd",24,"F","Premium",2016,6
"hjzrzqdn",24,"M","Basic",2016,6
"qfxyocgy",40,"F","Basic",2016,6
"uhzexxwr",31,"M","Premium",2016,6
"gelxknur",31,"M","Basic",2016,6
"lsnvlaxo",16,"M","Premium",2016,6
"cvwphzes",36,"M","Basic",2016,6
"pxsdyyzi",35,"M","Basic",2016,6
"kiiuwyyu",11,"M","Basic",2016,6
"olydfpuz",35,"M","Premium",2016,6
"ypxabvtb",36,"M","Premium",2016,6
"qthoculw",11,"M","Premium",2016,6
"ftsykbve",22,"M","Premium",2016,6
"zrudmete",18,"M","Basic",2016,6
"uhwvnhyd",11,"M","Basic",2016,6
"thlogfpv",24,"F",NA,2016,6
"gimrsfla",28,"M","Basic",2016,6
"bhjiyvqv",19,"F","Basic",2016,6
"crgaqbcp",12,"F","Basic",2016,6
"hmpjeheb",26,"M","Premium",2016,6
"eylmyjfk",28,"M","Basic",2016,6
"ktivfipd",23,"F","Basic",2016,6
"grbinofc",28,"F","Basic",2016,6
"nopjlzlu",39,"M","Basic",2016,6
"mbzfahnn",25,"F","Basic",2016,6
"pllpyfln",37,"M","Basic",2016,6
"wfjkrwip",33,"F","Basic",2016,6
"fjlzraoc",30,"F","Basic",2016,6
"llllnycz",31,"M","Basic",2016,6
"kzgqfaqz",11,"M","Basic",2016,6
"lrhlefaa",21,"F","Basic",2016,6
"zgknmfxk",18,"M","Basic",2016,6
"bytrdhcl",12,"F","Premium",2016,6
"zjlaiozi",30,"M","Basic",2016,6
"qudschvp",13,"M","Premium",2016,6
"mgzograu",31,"F","Premium",2016,6
"qbvensll",37,"F","Basic",2016,6
"cctehyiz",19,"M","Premium",2016,6
"psyaewzg",35,"M","Basic",2016,6
"rjtxozrv",11,"M","Basic",2016,6
"xhxnrlpd",37,"M","Basic",2016,6
"dgwirrji",36,"M","Basic",2016,6
"wvqmdqcz",22,"M","Basic",2016,6
"alnotlgy",10,"M","Basic",2016,6
"lrkyhysc",31,"M","Basic",2016,6
"txabiqnf",39,"M","Basic",2016,6
"svqjmikr",40,"M","Basic",2016,6
"bqxihyni",37,"F","Basic",2016,6
"ebkfwcwu",28,"F","Premium",2016,6
"kjthtvxs",12,"F","Basic",2016,6
"dvbhftnk",33,"M","Basic",2016,6
"knkaigex",39,"F","Basic",2016,6
"plxaehno",24,"F","Basic",2016,6
"wpqfhrjz",12,"F","Basic",2016,6
"fdkhgurj",23,"F","Premium",2016,6
"srjgsenx",26,"M","Basic",2016,6
"bqdqppjt",24,"F","Basic",2016,6
"ugisqedk",16,"M","Basic",2016,6
"yjpmxjyj",35,"M","Basic",2016,6
"vupwsihq",11,"F","Basic",2016,6
"evhxevgy",33,"M","Basic",2016,6
"fbqtqkyr",10,"M","Basic",2016,6
"jkyghifu",35,"M","Basic",2016,6
"bdlzdhmf",26,NA,"Basic",2016,6
"ozvuskdm",39,"M","Premium",2016,6
"umxgdlgz",12,"F","Basic",2016,6
"sacehmys",12,"M","Basic",2016,6
"bxevcczg",39,"F","Basic",2016,6
"pvlxsfrl",16,"M","Basic",2016,6
"lduwlucg",19,"M","Basic",2016,6
"julhfwlr",38,"F","Basic",2016,6
"ppptavzs",40,"M","Premium",2016,6
"xlattnpw",12,"M","Basic",2016,6
"mtofnkbj",30,"M","Premium",2016,6
"acgsksxw",12,"M","Basic",2016,6
"nwokpndd",21,"M","Basic",2016,6
"rpwarjtt",37,"M","Basic",2016,6
"fsdaygxa",38,"F","Basic",2016,6
"uxbzpmfv",10,"M","Basic",2016,6
"cizjlfvm",14,"F","Basic",2016,6
"aipuybzw",26,"F","Basic",2016,6
"cgfcektt",35,"M","Premium",2016,6
"ktdiakiq",23,"F","Basic",2016,6
"ieovaywz",23,"M","Basic",2016,6
"dpnjhbea",37,"M","Premium",2016,6
"twcaotqz",18,"M","Premium",2016,6
"rouhznzl",12,"M","Basic",2016,6
"wjpbzvwt",11,"M","Basic",2016,6
"nftgunwe",13,"M","Premium",2016,6
"yvmmpgcj",18,"M","Basic",2016,6
"lnarkpma",28,"M","Premium",2016,6
"hyvoxigk",33,"M","Basic",2016,6
"jeqfqgpl",35,"M","Basic",2016,6
"xxlpvziy",13,"M","Premium",2016,6
"yuoqqcpc",37,"M","Basic",2016,6
"mnqvogfy",37,"F","Basic",2016,6
"glmtvoxj",19,"F","Basic",2016,6
"zmghcggh",28,"M","Premium",2016,6
"ynlblsrw",39,"M","Basic",2016,6
"bzibwqyp",36,"M","Basic",2016,6
"kxttpxkm",24,"M","Basic",2016,6
"rtzcwyul",26,"M","Basic",2016,6
"zoyfxlfx",23,"M","Basic",2016,6
"zbshorpf",29,"F","Basic",2016,6
"itpydarb",40,"F","Basic",2016,6
"ywpafvdx",40,"F","Premium",2016,6
"ftyupexb",27,"M","Basic",2016,6
"uxakickp",21,"F","Basic",2016,6
"fsuwjxuk",15,"M","Premium",2016,6
"dfjdpeyi",38,"M","Basic",2016,6
"lkqmbeex",11,"M","Basic",2016,6
"cqalncag",39,"F","Premium",2016,6
"raebizuw",31,"M","Basic",2016,6
"kviptyfp",10,"M","Premium",2016,6
"pgxrjdmb",21,"M","Premium",2016,6
"sbdougrz",22,"M","Basic",2016,6
"hleejzdh",26,"M","Basic",2016,6
"lotnhklt",21,"M","Basic",2016,6
"tfmmrlyj",23,"M","Basic",2016,6
"wzazkyxx",20,"F","Basic",2016,6
"ictllgps",10,"F","Basic",2016,6
"czidisqy",39,"F","Basic",2016,6
"urdnkbuj",13,"F","Premium",2016,6
"abuuyucw",25,"F","Basic",2016,6
"oaodvguj",24,NA,"Basic",2016,6
"qlwgtmbx",30,"M","Basic",2016,6
"asxealrg",12,"M","Premium",2016,6
"ujivylcr",14,"M","Premium",2016,6
"drtqagkh",15,"M","Basic",2016,6
"wzyjetjz",16,"M","Basic",2016,6
"fmkwqmfl",26,"F","Basic",2016,6
"ikuhgvnt",11,"M","Basic",2016,6
"xzdwvwrr",33,"F","Premium",2016,6
"vsrpcufz",18,"M","Basic",2016,6
"tkhfvyjz",33,"F","Basic",2016,6
"zcivdkwp",30,"M","Basic",2016,6
"yawbzcpx",39,"M","Premium",2016,6
"motyicee",14,"M","Basic",2016,6
"tubplfoy",12,"M","Basic",2016,6
"mjuyfnwe",34,"M","Basic",2016,6
"wnbbosnf",13,"M","Basic",2016,6
"ekyqbzxp",10,"M","Basic",2016,6
"dgsqnzzj",11,"M","Premium",2016,6
"baupfeaq",38,"M","Premium",2016,6
"ihnnizbk",28,"M","Basic",2016,6
"njlzbmuq",26,"F","Basic",2016,6
"eljivagf",18,"M","Basic",2016,6
"xvbbzhnd",22,"M","Basic",2016,6
"vyngxzje",27,"M","Basic",2016,6
"acsgfgoy",23,"M","Basic",2016,6
"kcfoxavh",13,"F","Basic",2016,6
"xrvcarxw",10,"M","Basic",2016,6
"iaogqadt",20,"M","Premium",2016,6
"sibwmbgi",36,"M","Basic",2016,6
"wnawcheh",38,"M","Basic",2016,6
"ekhmfmtx",27,"M","Basic",2016,6
"ncwymzra",12,"M","Basic",2016,6
"isjvqapg",18,"M","Premium",2016,6
"rmmymtmt",25,"M","Basic",2016,6
"reeshnwp",38,"M","Basic",2016,6
"jxofttuw",39,"F","Premium",2016,6
"ybaqdzbx",32,"F","Premium",2016,6
"iziccyup",18,"F","Basic",2016,6
"eqndeksr",17,"F","Basic",2016,6
"tfwaldjv",25,"M","Basic",2016,6
"sjopblxy",31,"M","Basic",2016,6
"irhuzjqy",34,"M","Premium",2016,6
"emyetjsw",25,"F","Basic",2016,6
"peyyfbqs",23,"M","Basic",2016,6
"myqpldeu",38,"M","Basic",2016,6
"avlcjjgn",26,"M","Basic",2016,6
"kgvdulqe",36,"M","Premium",2016,6
"ngcshdwe",13,"M","Premium",2016,6
"jzlbkmqs",40,"F","Basic",2016,6
"dapfjyec",11,"M","Premium",2016,6
"wwparias",10,"F","Basic",2016,6
"gdwqjepm",37,"M","Basic",2016,6
"kwfbjczh",25,"M",NA,2016,6
"yuvhifld",18,"M","Basic",2016,6
"kdufgdas",17,"M","Basic",2016,6
"ewvmdsxe",21,"M","Premium",2016,6
"sunapigd",13,"M","Basic",2016,6
"vyiptjuq",11,"M","Basic",2016,6
"qlamqzqk",39,"M","Basic",2016,6
"skuebyxb",17,"M","Basic",2016,6
"enkltvfm",10,"M","Basic",2016,6
"qtfahisf",35,"F","Premium",2016,6
"vdyakjqt",15,"M","Basic",2016,6
"kxinemjt",23,"F","Premium",2016,6
"rdxwmkbt",18,"F","Basic",2016,6
"jftonhzr",13,"M","Basic",2016,6
"gntqjnml",14,"M","Basic",2016,6
"zjkeonxr",28,"M","Basic",2016,6
"uxrshmvk",33,"M","Basic",2016,6
"iadyrlrn",10,"F","Basic",2016,6
"pvidtylw",12,"M","Basic",2016,6
"spqprmja",31,"F","Basic",2016,6
"etvwhwza",35,"M","Basic",2016,6
"depenath",35,"M","Basic",2016,6
"ktirflko",35,"F","Basic",2016,6
"lddueaov",23,"M","Basic",2016,6
"unqdpoca",38,"F","Basic",2016,6
"ytfzwhvk",38,"M","Basic",2016,6
"ulgxsbms",27,"F","Basic",2016,6
"munljecs",27,"F","Basic",2016,6
"voasqwtm",26,"M","Basic",2016,6
"oewdtgyc",22,"M","Premium",2016,6
"jsmdjfpf",35,"F","Basic",2016,6
"cnjmskfy",35,"M","Basic",2016,6
"rpsfuxde",12,"F","Basic",2016,6
"ucveptye",18,"M","Premium",2016,6
"cdwmcgky",11,"M","Basic",2016,6
"nyyxotpj",26,"M","Premium",2016,6
"jwkjtrdt",19,"M","Basic",2016,6
"edintirf",30,"F","Basic",2016,6
"kjqxneyn",14,"F","Basic",2016,6
"obpyheua",39,"M","Basic",2016,6
"ymxnaawt",21,"F","Basic",2016,6
"cysmwxhe",12,"F","Basic",2016,6
"imihhxnc",35,"M","Basic",2016,6
"wlefewly",17,"M","Basic",2016,6
"retaepzy",39,"F","Basic",2016,6
"zulkxdwj",24,"M","Premium",2016,6
"ifawjwai",23,"M","Basic",2016,6
"xymfsdje",40,"M","Basic",2016,6
"usdfootl",15,"M","Basic",2016,6
"wgbnsbln",35,"F","Basic",2016,6
"iooesarz",22,"F","Basic",2016,6
"xmjexcwg",11,"M","Basic",2016,6
"aosshxeq",20,"M","Basic",2016,6
"mjnftbtx",37,"M","Basic",2016,6
"slqadcsr",19,NA,"Basic",2016,6
"wpavlkil",13,"M","Premium",2016,6
"wpspudrg",20,"M","Premium",2016,6
"kkurwvsp",31,"M","Basic",2016,6
"yreewntp",23,"M","Basic",2016,6
"quinshas",30,"F","Basic",2016,6
"jccvhage",26,"F","Basic",2016,6
"qblsmmjz",31,"F","Basic",2016,6
"eujxvlot",18,"F","Premium",2016,6
"zahgliia",22,"F","Basic",2016,6
"jutydwhy",28,"F","Basic",2016,6
"crkggwjz",21,"M","Basic",2016,6
"cmvwzrfv",34,"M","Basic",2016,6
"tzpyrysp",30,"M","Basic",2016,6
"rbqcldgz",16,"M","Premium",2016,6
"eqfeogvr",26,"M","Premium",2016,6
"dvzzxoza",11,"M","Basic",2016,6
"netoptlo",38,"F","Premium",2016,6
"goqxjdzx",36,"F","Basic",2016,6
"mzjngppd",17,"M","Basic",2016,6
"zkcbpdgb",23,"M","Basic",2016,6
"ojrvcahv",13,"M","Basic",2016,6
"bfuhvlex",36,"F","Basic",2016,6
"ybugknyj",34,"F","Basic",2016,6
"jvhdsrto",37,"M","Basic",2016,6
"mmtadseg",35,"F","Basic",2016,6
"kkzkecuf",29,"M","Basic",2016,6
"tvrwwhes",15,"F","Basic",2016,6
"jzvkolvi",11,"M","Basic",2016,6
"qzkbalqq",20,"M","Basic",2016,6
"oybllvnd",14,"M","Basic",2016,6
"mtjurpij",38,"M","Basic",2016,6
"cadbryad",26,"M","Basic",2016,6
"sqxwakdr",25,"M","Basic",2016,6
"opsvhmyk",23,"M","Basic",2016,6
"zquwkhem",21,"M","Basic",2016,6
"swhgshfa",21,"M","Basic",2016,6
"iqwtzbhi",13,"M","Basic",2016,6
"bczerbmf",34,"M","Premium",2016,6
"xuucgwkg",13,"M","Basic",2016,6
"cthjhlpc",35,"M","Basic",2016,6
"ymgnelsw",38,"M","Premium",2016,6
"humhftyy",40,"F","Basic",2016,6
"hxkmkgjr",22,"M","Basic",2016,6
"hlecoeho",35,"M","Basic",2016,6
"hindjrhs",10,"F","Basic",2016,6
"ajuwzobq",24,"F","Basic",2016,6
"rfzriosu",16,"F","Basic",2016,6
"vdpbylpl",16,"M","Basic",2016,6
"ymjprxmq",17,"M","Basic",2016,6
"noyfpusz",19,"F","Basic",2016,6
"dmwfpunl",15,"M","Basic",2016,6
"hjammxih",21,"F","Basic",2016,6
"btllisoq",25,"M","Premium",2016,6
"qzlyoiog",20,"M","Basic",2016,6
"ynfpfppd",26,"F","Basic",2016,6
"sqfokpwe",39,"M","Basic",2016,6
"vrgtomsj",27,"F","Premium",2016,6
"aholclsv",23,"M","Premium",2016,6
"ryacvqok",25,"M","Basic",2016,6
"jvuvccyx",29,"M","Basic",2016,6
"qluowvap",25,"F","Premium",2016,6
"dxxpfvzv",39,"M","Basic",2016,6
"jutwzmex",39,"F","Basic",2016,6
"rqgndwji",11,"M","Premium",2016,6
"gcksokip",24,"M","Basic",2016,6
"vjsejtyp",26,"M","Basic",2016,6
"lhjvgmsn",36,"F","Premium",2016,6
"cjrkcwve",23,"M","Basic",2016,6
"ekgfjoeb",21,"F","Basic",2016,6
"laedazxt",23,"M","Premium",2016,6
"wmmbnnxv",28,"M","Basic",2016,6
"qkawttsc",14,"F","Premium",2016,6
"htdywteo",22,"M","Basic",2016,6
"coqzcnzh",40,"M","Basic",2016,6
"boigvnfd",27,"F","Basic",2016,6
"yvsohelp",32,"F","Basic",2016,6
"ltgqksca",19,"M","Basic",2016,6
"shiveqkr",11,"M","Basic",2016,6
"zcfjzmvy",29,"F","Basic",2016,6
"ygdvihpm",14,"F","Basic",2016,6
"hbzxuass",34,"M","Basic",2016,6
"hfixmhcr",15,"F","Basic",2016,6
"xvmgempr",34,"M","Premium",2016,6
"zsfetewu",11,"F","Basic",2016,6
"ugyxhviv",39,"M","Basic",2016,6
"yyypegwq",34,"M","Basic",2016,6
"wmvwwfpk",12,"M","Basic",2016,6
"amedoqsk",18,"F","Basic",2016,6
"eztlpqsi",16,"F","Basic",2016,6
"ajxphuxt",13,"F","Basic",2016,6
"pvsejzqw",38,"M","Basic",2016,6
"qvpfovsz",23,"F","Basic",2016,6
"spigrkpn",35,"F","Basic",2016,6
"bqsabasf",36,"M","Basic",2016,6
"sntublxp",36,"F","Premium",2016,6
"ijoguxhn",26,"M","Basic",2016,6
"ikvtwdgq",15,"M","Premium",2016,6
"amkmquzo",18,"M","Basic",2016,6
"wmgjefxp",25,"F","Basic",2016,6
"tpsejcxw",25,"M","Basic",2016,6
"eubaqlvc",20,"M","Basic",2016,6
"niofwryu",20,"F","Basic",2016,6
"pjtpdqkp",34,"M","Basic",2016,6
"nvlfimzf",25,"F","Basic",2016,6
"hxljepjj",34,"M","Premium",2016,6
"egelzduh",31,"M","Basic",2016,6
"cynkbdzu",39,"F","Basic",2016,6
"illsdhpo",20,"F","Basic",2016,6
"pranzcrv",27,"M","Basic",2016,6
"idbkndmt",14,"M","Basic",2016,6
"jkfgbqhv",33,"F","Basic",2016,6
"ankurkxt",28,"M","Premium",2016,6
"qmtrfjgk",29,"M","Basic",2016,6
"plzijddo",27,"F","Basic",2016,6
"vkuixddg",33,"M","Basic",2016,6
"nczdhtjd",32,"F","Basic",2016,6
"ytuvojzv",24,"M","Basic",2016,6
"tcwtdgkd",13,"M","Premium",2016,6
"frewqcxt",20,"M","Premium",2016,6
"zixqayyq",24,"M","Basic",2016,6
"jubjluqr",12,"F","Basic",2016,6
"abmhpynl",32,"M","Basic",2016,6
"hqqtdphn",29,"F","Basic",2016,6
"nrwxwcbp",22,"M","Basic",2016,6
"tywhtdlv",13,"M","Basic",2016,6
"pzdsuchm",13,"F","Basic",2016,6
"gfiatoqr",35,"M","Basic",2016,6
"feaeznxm",19,"F","Basic",2016,6
"faxmfjnh",26,"M","Basic",2016,6
"ydrliiml",17,"M","Basic",2016,6
"bjoolsix",11,"M","Basic",2016,6
"exrgzlbt",20,"M","Premium",2016,6
"qcfcwyoc",26,"F","Premium",2016,6
"mmkxjgjd",18,"M","Basic",2016,6
"qoisgczi",23,"M","Basic",2016,6
"zyghbqbt",14,"M","Basic",2016,6
"mcqxovpi",19,"F","Premium",2016,6
"xydepiau",10,"M","Basic",2016,6
"tficfqdx",39,"M","Basic",2016,6
"bxmhymrm",29,"M","Premium",2016,6
"mehdgems",21,"M","Basic",2016,6
"uthtwvqg",23,"M","Basic",2016,6
"lfwmgxsu",38,"M","Basic",2016,6
"jozrtrba",35,"F","Basic",2016,6
"lkzxmjkw",26,"M","Basic",2016,6
"lxxsrjmk",26,"F","Basic",2016,6
"bqohlanr",26,"F","Basic",2016,6
"vvcloean",28,"F","Basic",2016,6
"xhlieiga",26,"M","Basic",2016,6
"lwsmsxbe",26,"M","Premium",2016,6
"suemkntv",24,"F","Basic",2016,6
"nhmertid",30,"M","Premium",2016,6
"hihroyna",40,"F","Basic",2016,6
"rlgyxdaw",28,"F","Basic",2016,6
"qvthbmsx",38,"F",NA,2016,6
"zvducmop",30,"M","Basic",2016,6
"gzferrlf",37,"M","Basic",2016,6
"ksaxkzqd",21,"M","Premium",2016,6
"gbwsdvlh",14,"F","Premium",2016,6
"plmtmhlr",22,"M","Basic",2016,6
"zgvzrnea",34,"M","Basic",2016,6
"fgkupdln",36,"F","Basic",2016,6
"cpvwmwyr",18,"M","Basic",2016,6
"hicuhpiv",34,"F","Basic",2016,6
"tzqkfgff",15,"M","Basic",2016,6
"fdpyrtqb",10,"M","Basic",2016,6
"wvikajku",34,"F","Basic",2016,6
"uelzlozp",18,"M","Basic",2016,6
"tfphphdd",36,"M","Basic",2016,6
"dgseahjf",32,"F","Basic",2016,6
"vjdgwmuu",11,"F","Basic",2016,6
"sjlilpbr",31,"M","Basic",2016,6
"qhtxoiql",13,"M","Basic",2016,6
"fxgkbtpa",14,"M","Basic",2016,6
"cdqqnkxf",34,"M","Premium",2016,6
"zaorbngt",27,"M","Basic",2016,6
"kiquyrgr",34,"M","Basic",2016,6
"hgsawgsr",22,"M","Basic",2016,6
"yburwxpa",32,"F",NA,2016,6
"ywwrwoug",23,"M","Basic",2016,6
"fjztmidi",30,"M","Premium",2016,6
"tuecfaaa",19,"F","Basic",2016,6
"cmwdrdyo",33,"M","Basic",2016,6
"radlycan",30,"M","Premium",2016,6
"fozcyjbk",11,"M","Basic",2016,6
"gnmkqvmj",32,"F","Basic",2016,6
"qgncmlsa",27,"F","Basic",2016,6
"ujolqzsc",33,"F","Basic",2016,6
"ctkldmjr",19,"M","Basic",2016,6
"zprfvnem",38,"M","Basic",2016,6
"nwroaswc",31,"M","Basic",2016,6
"ibbfqfkv",15,"M","Basic",2016,6
"xtlslhqj",32,"M","Premium",2016,6
"tsqnhoua",34,"M","Basic",2016,6
"ictoszci",29,"F","Basic",2016,6
"feutwveh",26,"M","Basic",2016,6
"geoiihct",17,"M","Basic",2016,6
"sghvyqgp",12,"M","Basic",2016,6
"lhshmwxm",16,"M","Basic",2016,6
"mxoibdsz",32,"M","Basic",2016,6
"owgprnkm",14,"F","Basic",2016,6
"idhbqogw",16,"M","Basic",2016,6
"efxzruab",32,"M","Basic",2016,6
"opjjiwue",30,"M",NA,2016,6
"hxnqgcue",10,"M","Basic",2016,6
"ypbfegka",15,"M","Basic",2016,6
"zdvonjen",14,"M","Basic",2016,6
"zxwtzuob",18,"M","Premium",2016,6
"qojkgnng",20,"M","Basic",2016,6
"fwayzqss",14,"F","Basic",2016,6
"evtychzy",37,"F","Basic",2016,6
"xmfjuqdb",35,"M","Basic",2016,6
"vwcdnnhc",27,"M","Basic",2016,6
"ofttwtot",28,"M","Basic",2016,6
"iwvstrje",11,"F","Premium",2016,6
"hhxqyxbe",39,"M","Basic",2016,6
"mfgukvtc",39,NA,"Basic",2016,6
"vlsalvab",38,"M","Basic",2016,6
"gujjmznq",13,"F","Basic",2016,6
"objehjbs",22,"M","Basic",2016,6
"dntrunkf",28,"M","Basic",2016,6
"uaizhczt",31,"F","Premium",2016,6
"qutwqjks",25,"M","Basic",2016,6
"oejoglnl",40,"F","Basic",2016,6
"czhqynwt",26,"M","Premium",2016,6
"mpiqnfln",38,"M","Basic",2016,6
"cnuzguuy",17,"F","Basic",2016,6
"jpunjbml",20,"F","Basic",2016,6
"zubhcdru",10,"M","Basic",2016,6
"vaqjzisx",16,"F","Basic",2016,6
"fomtayva",27,"M","Basic",2016,6
"sulrqazb",26,"M","Basic",2016,6
"ouldyehb",34,"F","Basic",2016,6
"mwhdmfbr",14,"M","Basic",2016,6
"tekzwdbl",26,"M","Basic",2016,6
"aggezcmd",38,"M","Basic",2016,6
"sikrhgol",28,"F","Basic",2016,6
"xjofgmhz",36,"M","Premium",2016,6
"pdvalwvc",33,"M","Premium",2016,6
"cdinmfgk",29,"F","Basic",2016,6
"gwssmjsl",37,"F","Basic",2016,6
"dijihiyh",18,"F","Basic",2016,6
"xmmnntld",38,"F","Basic",2016,6
"luayzzpf",13,"M","Basic",2016,6
"tbotrvez",19,"M","Basic",2016,6
"tlsiuujg",23,"F","Basic",2016,6
"bxrxixxm",37,"M","Basic",2016,6
"xmgurraj",19,"M","Basic",2016,6
"eighhrsz",17,"F","Basic",2016,6
"heqsavdn",27,"M","Premium",2016,6
"ivdvuyns",40,"F","Basic",2016,6
"euyfkbnx",23,"F","Basic",2016,6
"umjfjfzp",36,"M","Premium",2016,6
"mganwfzw",39,"M","Basic",2016,6
"tshgrknu",27,"M","Premium",2016,6
"fhamllvw",17,"F","Premium",2016,6
"vpmlcyox",34,"M","Basic",2016,6
"ezcdyrrk",21,"M","Basic",2016,6
"pwcifwqv",31,"M","Basic",2016,6
"deryfhcf",16,"F","Basic",2016,6
"zmiigyhy",33,"M","Basic",2016,6
"crsbiarc",29,"F","Premium",2016,6
"zzhdxgpt",32,"M","Basic",2016,6
"rxipepdr",36,"M","Basic",2016,6
"umhhbrbw",26,"M","Basic",2016,6
"bafaagzd",27,"F","Premium",2016,6
"aarxcntv",28,"M","Basic",2016,6
"efnelzkj",11,"M","Premium",2016,6
"qurtgper",28,"M","Basic",2016,6
"cupszyok",36,"M","Premium",2016,6
"cpafbbnv",19,"M","Basic",2016,6
"rlmxomuz",32,"M","Basic",2016,6
"pnyeohfb",21,"M","Basic",2016,6
"tueqkftn",33,"M","Basic",2016,6
"eatseymz",14,"M","Premium",2016,6
"bdtqygoo",29,"M","Basic",2016,6
"sllvuzli",40,"M","Premium",2016,6
"qzicpenq",29,"M","Basic",2016,6
"mqbgiued",19,"M","Basic",2016,6
"hdeafuve",35,"M","Basic",2016,6
"yencgnsi",36,"F","Basic",2016,6
"citqjchh",39,"F","Basic",2016,6
"ssqcbwrb",20,"M","Basic",2016,6
"awgflwva",39,"M","Basic",2016,6
"lkpwmrfh",32,"M","Premium",2016,6
"jvumzpjx",16,"M","Premium",2016,6
"gzyyerli",25,"M","Basic",2016,6
"jwypjaap",30,"M","Basic",2016,6
"zzxsksrt",36,"M","Basic",2016,6
"zesucxrl",33,"F","Basic",2016,6
"vdzojyha",18,"F","Basic",2016,6
"nstbkhpm",29,"M","Basic",2016,6
"irfvsgil",35,"F","Basic",2016,6
"fmdjinwx",20,"F","Premium",2016,6
"jgvxoqrp",25,"M","Basic",2016,6
"rotsbddn",11,"F","Basic",2016,6
"wqzgtcoe",15,"F","Basic",2016,6
"vfojmxzr",30,"M","Basic",2016,6
"kyefogur",35,"M","Basic",2016,6
"lwoxeluq",19,"F","Basic",2016,6
"dwdiaowe",35,"M","Basic",2016,6
"wjptxjqg",32,"F","Basic",2016,6
"kmrgyoyv",14,"F","Basic",2016,6
"qsycuyxt",34,"F","Basic",2016,6
"kikxcltw",36,"M","Basic",2016,6
"fppcqnsv",26,"F","Basic",2016,6
"wmzimusq",22,"M","Basic",2016,6
"iglkqozm",31,"M","Basic",2016,6
"eqryimfe",10,"F","Basic",2016,6
"thbllohi",28,"M","Basic",2016,6
"fjscimrh",34,"M","Basic",2016,6
"uoqqvcdx",12,"M","Basic",2016,6
"gapygyuc",11,"M","Basic",2016,6
"kvmtdyth",38,"M","Basic",2016,6
"xrrvlbex",16,"F","Basic",2016,6
"oayywyqb",28,"M","Basic",2016,6
"aklsjjjd",27,"M","Basic",2016,6
"mwywkijy",11,"M","Basic",2016,6
"kbcicfyx",37,"M","Basic",2016,6
"utfudkfg",28,"M","Basic",2016,6
"yqltmbbg",38,"F","Basic",2016,6
"xdfdaemi",28,"F","Basic",2016,6
"ornynmzm",40,"F","Basic",2016,6
"qposbqna",14,"M","Basic",2016,6
"eyrvlweq",13,"M","Basic",2016,6
"bdhzrkor",27,"M","Basic",2016,6
"doqtbjdj",24,"F","Premium",2016,6
"pyhylfqu",17,"F","Basic",2016,6
"mfsfyeqf",30,"M","Premium",2016,6
"drusudqf",22,"M","Basic",2016,6
"klusdtdt",32,"M","Basic",2016,6
"gmasghxl",21,"F","Basic",2016,6
"schibpcl",27,"M","Basic",2016,6
"bvneqgst",18,"M","Basic",2016,6
"lvrtijib",32,"M","Premium",2016,6
"uahbxleh",14,"F","Basic",2016,6
"nkipjlbm",34,"M","Basic",2016,6
"eqnhpsuw",18,"M","Basic",2016,6
"vxepygko",14,"F","Basic",2016,6
"mjhcpxam",39,"F","Basic",2016,6
"jbgxpcxo",20,"M","Premium",2016,6
"nahndrfj",40,"M","Basic",2016,6
"rpzulolj",20,"M","Basic",2016,6
"zoecquty",34,"M","Basic",2016,6
"tikdfwsv",38,"M","Basic",2016,6
"kkanvopt",31,"M","Basic",2016,6
"nrwkjyfb",24,"M","Basic",2016,6
"pnefzbgs",13,"M","Basic",2016,6
"qcxjnmmf",21,"F","Basic",2016,6
"lvrglgor",17,"M","Basic",2016,6
"bpiuerjs",33,"F","Basic",2016,6
"xesbjkrq",30,"M","Basic",2016,6
"mjbgpkwl",32,"F","Basic",2016,6
"grpskzpv",15,"M","Basic",2016,6
"yduwdibt",18,"F","Basic",2016,6
"duwnycax",25,"M","Basic",2016,6
"lybxudwp",20,"M","Premium",2016,6
"vxvmxdtw",27,"F","Basic",2016,6
"jxiduset",17,"M","Basic",2016,6
"jzkhexeo",35,"F","Premium",2016,6
"fpbakmfz",40,"F","Basic",2016,6
"ggjrpcwu",22,"M","Basic",2016,6
"myhkhvjf",11,"M","Basic",2016,6
"kdkgglhl",29,"M","Premium",2016,6
"kjqhprwc",17,"F","Premium",2016,6
"kmznolrf",28,"M","Basic",2016,6
"twywmkqh",17,"M","Basic",2016,6
"jgqfnxxz",22,"M","Premium",2016,6
"jcvyoxmv",15,"M","Basic",2016,6
"djnfgqwy",29,"F","Basic",2016,6
"dtnqgyzz",12,"M","Basic",2016,6
"pzehnuxh",15,"M","Basic",2016,6
"pxcnpgcp",40,"F","Basic",2016,6
"bxmtxozh",25,"M","Premium",2016,6
"cynlkrfy",10,"M","Basic",2016,6
"jahmpzpf",11,"M","Premium",2016,6
"pkafporp",40,"M","Basic",2016,6
"odkaczkj",34,"M","Basic",2016,6
"xhopfkav",34,"M","Premium",2016,6
"euyqunne",39,"F","Basic",2016,6
"duybhhkk",30,"M","Premium",2016,6
"xvfukpua",24,"M","Basic",2016,6
"gickazeo",33,"M","Basic",2016,6
"vprjtysj",36,"M","Basic",2016,6
"erzxewtq",20,"M","Premium",2016,6
"lwlvbsbc",31,"F","Basic",2016,6
"syaltlnh",22,NA,"Basic",2016,6
"suzxfknx",10,"F","Basic",2016,6
"ahqfrgqs",25,"M","Basic",2016,6
"dcqhzrlm",28,"F","Basic",2016,6
"uziyxeqo",30,"M","Basic",2016,6
"rdxvwygo",19,"M","Basic",2016,6
"bwddinaj",36,"M","Basic",2016,6
"jijodwqb",32,"M","Basic",2016,6
"nwokwayv",35,"M","Basic",2016,6
"fcwskrht",36,"M","Premium",2016,6
"abyrqdvp",29,"M","Premium",2016,6
"evlygslj",38,"M","Premium",2016,6
"vfkmkcbb",26,"M","Basic",2016,6
"sxdvpchc",13,"F","Basic",2016,6
"znibtrte",29,"M","Basic",2016,6
"iohixzka",32,"M","Basic",2016,6
"mihlgcpc",24,"M","Premium",2016,6
"uudnobhc",26,"F","Basic",2016,6
"skzmjtab",32,"M","Basic",2016,6
"ixnefism",22,"M","Premium",2016,6
"fpjiuhhc",18,"F","Basic",2016,6
"usqbmpqd",38,"M","Basic",2016,6
"vskrilzk",34,"M","Basic",2016,6
"gjimnvwo",40,"M","Basic",2016,6
"wjoemmnj",35,"M","Basic",2016,6
"mihujxwe",36,"M","Premium",2016,6
"pddyjbbs",13,"F","Basic",2016,6
"zyxspgme",15,"M","Basic",2016,6
"knncybie",39,"F","Basic",2016,6
"pajcngyr",17,"F","Basic",2016,6
"tklpqgqv",38,"M","Basic",2016,6
"dfbzxova",23,"M","Premium",2016,6
"fgmlswok",35,"M","Premium",2016,6
"ysichmjg",19,"M","Basic",2016,6
"lksdbzfn",37,"F","Basic",2016,6
"ervvkncb",15,"M","Basic",2016,6
"qhgpuaev",26,"M","Basic",2016,6
"gbwljojx",38,"M","Basic",2016,6
"fyaimedg",36,"M","Basic",2016,6
"xielwuoa",12,"F","Basic",2016,6
"vedvknec",26,"M","Basic",2016,6
"xuhrsncd",27,"F",NA,2016,6
"dtkgzzts",18,"M","Premium",2016,6
"oyzjjznc",20,"M","Basic",2016,6
"ciuihzim",12,"M","Basic",2016,6
"nkouxqep",19,"M","Premium",2016,6
"kebxajfq",28,"M","Basic",2016,6
"iuxzfhkg",21,"M","Premium",2016,6
"ggthseks",35,"M","Premium",2016,6
"kypkvwxp",19,"F","Basic",2016,6
"wnqpmvob",20,"M","Premium",2016,6
"oswozqvd",15,"F","Premium",2016,6
"obisntfj",35,"F","Basic",2016,6
"joemqtwk",37,"M","Premium",2016,6
"gwhtmxca",40,"M","Basic",2016,6
"kxlvbnne",28,"F","Basic",2016,6
"vnayzyct",39,"M","Basic",2016,6
"cklralni",19,"F","Basic",2016,6
"fsyxpdrc",14,"M","Basic",2016,6
"yrbreajl",33,"F","Basic",2016,6
"muuelglq",39,"F","Basic",2016,6
"ujkheuwo",10,"M","Basic",2016,6
"fbljrjye",23,"F","Premium",2016,6
"dyfeugjz",27,"M","Premium",2016,6
"sgbcsuhz",32,"M","Basic",2016,6
"yhlqjyrh",18,"M","Basic",2016,6
"vcshqgcb",37,"M","Basic",2016,6
"zifpltfs",16,"M","Basic",2016,6
"oqyxeswr",17,"F","Premium",2016,6
"kvszrxhp",23,"M","Basic",2016,6
"pzufebox",30,"M","Basic",2016,6
"qwdxckja",31,"F","Premium",2016,6
"oineegdr",21,"M","Basic",2016,6
"xyfubfsd",10,"M","Premium",2016,6
"yllyhagp",30,"M","Premium",2016,6
"qoqulsou",13,"M","Basic",2016,6
"ybrtksot",25,"F","Basic",2016,6
"zpzkgbek",24,"M","Basic",2016,6
"srrewfvr",22,"M","Basic",2016,6
"uxofdbeu",12,"M","Basic",2016,6
"xcatnmth",23,"M","Basic",2016,6
"rxzkxyeh",27,"M","Basic",2016,6
"xclghfgq",16,"M","Basic",2016,6
"bjmwjihr",14,"M","Basic",2016,6
"xfccubxa",31,"M","Basic",2016,6
"uxixnwqj",38,"M","Premium",2016,6
"siqmisef",24,"M","Basic",2016,6
"idehpbzr",22,"F","Basic",2016,6
"avcvgxey",15,"M","Basic",2016,6
"ztwkjeci",33,"M","Basic",2016,6
"ejawukpb",34,"M","Basic",2016,6
"ilrnowrj",25,"M","Basic",2016,6
"sspcougj",20,"M","Basic",2016,6
"ubriivfl",10,"M","Basic",2016,6
"jtcmtyty",38,"M","Basic",2016,6
"lgttakyt",30,"F","Basic",2016,6
"uaaznjfi",40,"M","Basic",2016,6
"hxrapabf",15,"M","Basic",2016,6
"dagzkzjp",25,"M","Basic",2016,6
"vgercszp",32,"M","Basic",2016,6
"eikxunsj",22,"M","Basic",2016,6
"jqgovxvj",39,"M","Basic",2016,6
"bsvdrkcw",18,"M","Basic",2016,6
"ihfpzrol",13,"M","Basic",2016,6
"mxnckkgf",11,"F","Premium",2016,6
"htzmuplg",18,"M","Basic",2016,6
"dqgigmrr",12,"M","Basic",2016,6
"oalzyngp",22,"F","Basic",2016,6
"ddrwivxt",26,NA,"Basic",2016,6
"teyxtpfw",13,"M","Basic",2016,6
"kenexoao",12,"F","Premium",2016,6
"aoaducpu",23,"F","Basic",2016,6
"jxevpdcz",29,"M","Basic",2016,6
"kcfrmxad",40,"F","Basic",2016,6
"vplstvcp",17,"M","Basic",2016,6
"sisffghh",31,"M","Basic",2016,6
"rlkescgv",29,"F","Premium",2016,6
"xrocfwkg",40,"M","Basic",2016,6
"xybuggin",28,"M","Premium",2016,6
"oatlwwms",33,"F","Premium",2016,6
"fjyojohm",26,"M","Basic",2016,6
"xwcvbrbp",38,"M","Basic",2016,6
"ayotvdiu",26,"M","Basic",2016,6
"uhpqcxhs",23,"M","Basic",2016,6
"umkjjhic",27,"M","Premium",2016,6
"uxzvxecp",21,"M","Basic",2016,6
"wooweybh",25,"M","Basic",2016,6
"tvfizjha",28,"M","Basic",2016,6
"deinrbqp",11,"F","Basic",2016,6
"ozsvqrkd",28,"M","Basic",2016,6
"smvqsgkf",30,"M","Basic",2016,6
"vdzhnjnj",24,"M","Basic",2016,6
"zslnvyhr",21,"M","Basic",2016,6
"wlvsxcpi",29,"F","Basic",2016,6
"luposxlv",21,"F","Basic",2016,6
"dewxptvl",35,"F","Basic",2016,6
"hktxwuuo",14,"M","Basic",2016,6
"cjdmxfif",34,"M","Basic",2016,6
"tokigiuw",11,"M","Basic",2016,6
"xumesyxv",23,"F","Premium",2016,6
"jkebrstp",13,"M","Basic",2016,6
"inqntqii",22,"M","Basic",2016,6
"cotopmsl",10,"M","Basic",2016,6
"pycuzfon",26,"M","Basic",2016,6
"tikinsbn",33,"M","Basic",2016,6
"yptsozte",28,"F","Basic",2016,6
"vcqhrzwr",35,"M","Premium",2016,6
"tngaeavr",18,"M","Premium",2016,6
"oegwrdzu",29,"M","Basic",2016,6
"epbremmg",16,"M","Basic",2016,6
"vhwbatjj",29,"M","Basic",2016,6
"dainsbuy",29,"M","Basic",2016,6
"jmlfdtzb",37,"F","Basic",2016,6
"kysnxoou",12,"M","Premium",2016,6
"zmzqjluo",13,"M","Premium",2016,6
"aticcpgv",10,"M","Basic",2016,6
"xtaioulq",24,"F","Basic",2016,6
"benmkhwl",31,"F","Basic",2016,6
"vsvbflza",23,"M","Basic",2016,6
"qdqlzzvj",35,"M","Basic",2016,6
"zsubbxcz",36,"M","Premium",2016,6
"iayjqijd",35,"M","Basic",2016,6
"pnybuolu",35,"F","Basic",2016,6
"ldznrman",40,"M","Basic",2016,6
"rksvzgnm",21,"M","Basic",2016,6
"nkbypbat",28,"M","Basic",2016,6
"vqrngqpi",36,"M","Basic",2016,6
"pipckhoz",17,"M","Basic",2016,6
"wtvxtyxi",40,"M","Basic",2016,6
"zurpsssm",15,"M","Basic",2016,6
"pygazppe",40,"F","Basic",2016,6
"qwswbivj",36,"F","Premium",2016,6
"vnfshgtx",24,"M","Basic",2016,6
"kofzyneu",14,"M","Basic",2016,6
"llcxajoy",35,"M","Basic",2016,6
"sgknssff",35,"M","Premium",2016,6
"mnzlvvxm",30,"M","Basic",2016,6
"nswbhscw",31,"F","Basic",2016,6
"lxybauvz",28,"F","Basic",2016,6
"mbyqhper",36,"F","Basic",2016,6
"yntbpeov",30,"M","Basic",2016,6
"xqtiphzi",32,"M","Basic",2016,6
"pupfxuul",35,"F","Basic",2016,6
"lxwzchfv",18,"M","Basic",2016,6
"altuqaxd",27,"F","Premium",2016,6
"hrawiryv",21,"M","Basic",2016,6
"ynwcazzp",38,"M","Basic",2016,6
"pmgkxmta",35,"M","Premium",2016,6
"yiuxhfor",27,"M","Basic",2016,6
"ejyyesel",39,"M","Basic",2016,6
"vcfnrshe",30,"F","Premium",2016,6
"mmqkugpj",38,"F","Basic",2016,6
"bceghgsp",27,"M","Basic",2016,6
"lmynasem",29,"F","Basic",2016,6
"ftpertaw",25,"M","Basic",2016,6
"volkwons",10,"M","Basic",2016,6
"ucovxgcr",17,"M","Premium",2016,6
"rbcfitqs",39,"M","Basic",2016,6
"fvnrshyz",10,"M","Basic",2016,6
"pindnjez",21,"F","Basic",2016,6
"rusvnnbb",10,"M","Basic",2016,6
"crauajzy",13,"M","Basic",2016,6
"wgnlpqfp",35,"M","Basic",2016,6
"ltfzigtj",15,"F","Basic",2016,6
"dwrdbofn",30,"F","Basic",2016,6
"nbkbjtvf",26,"M","Basic",2016,6
"hjogdskd",27,"M","Basic",2016,6
"yddoelsb",17,NA,"Basic",2016,6
"olkerltz",39,"M","Basic",2016,6
"yigjurjr",29,"M","Basic",2016,6
"zuvdzkfc",25,"M","Basic",2016,6
"wlaogcim",27,"M","Basic",2016,6
"tfbfjgtl",13,"M","Basic",2016,6
"grcgrlck",16,"M","Premium",2016,6
"wbtsktfc",40,"F","Basic",2016,6
"gzevqumn",40,"M","Basic",2016,6
"zcewjxpl",11,"F","Basic",2016,6
"eutsjdzv",18,"M","Basic",2016,6
"rgonswjw",23,"M","Basic",2016,6
"qglhbkyj",24,"M","Basic",2016,6
"pmznxzen",10,"M","Basic",2016,6
"tyqgqqhb",35,"F","Basic",2016,6
"wadkaxof",25,"M","Basic",2016,6
"wqeyubfk",35,"M","Basic",2016,6
"okbqqovj",11,"F","Basic",2016,6
"inblvclp",15,"F","Basic",2016,6
"cxbzwszv",26,"F","Basic",2016,6
"pyyqeati",15,"M","Basic",2016,6
"zgnshvbx",13,"M","Basic",2016,6
"pxrfocwv",26,"M","Basic",2016,6
"ccuhuzak",37,"M","Premium",2016,6
"blpoicdt",37,"M","Basic",2016,6
"mckeotxo",38,"F","Basic",2016,6
"glkxajxr",17,"M","Basic",2016,6
"cotkskxo",14,"M","Basic",2016,6
"nfzgneyt",23,"M","Basic",2016,6
"ocqeexyu",40,"M","Basic",2016,6
"gigdtxkk",35,"F","Premium",2016,6
"pednjjwi",30,"M","Basic",2016,6
"cdqcrixc",39,"F","Basic",2016,6
"pwdekrxd",16,"M","Basic",2016,6
"rfhbjebi",24,"M","Basic",2016,6
"bgrtyvht",30,"M","Premium",2016,6
"cjhperkl",24,"M","Basic",2016,6
"dlyctotj",31,"M","Basic",2016,6
"ittufdde",18,"F","Premium",2016,6
"zrcsixsy",40,"M","Basic",2016,6
"qbvhjsht",26,"M","Basic",2016,6
"vjqprrqt",11,"F","Basic",2016,6
"jvzosgkv",38,"M","Basic",2016,6
"pluybpxe",17,"M","Basic",2016,6
"ljyhkfbg",14,"M","Basic",2016,6
"pkgxelkk",38,"M","Basic",2016,6
"gaeskyxq",24,"M","Basic",2016,6
"ffcaeqhh",14,"M","Basic",2016,6
"eqnppnvq",19,"F","Basic",2016,6
"bhcoiada",16,"F","Basic",2016,6
"vbvbpxpo",25,"M","Basic",2016,6
"ododuyah",26,"M","Basic",2016,6
"egftensa",36,"M","Basic",2016,6
"fpgkfqbi",20,"F","Basic",2016,6
"shbkucdp",40,"M","Basic",2016,6
"anbzydgk",39,"M","Premium",2016,6
"bwyteskh",27,"M","Basic",2016,6
"clzeskkj",32,"M","Basic",2016,6
"irzuijlg",16,"M","Basic",2016,6
"lqaunqou",35,"M","Basic",2016,6
"twlokzcd",14,"F","Premium",2016,6
"jjbucfsp",26,"M","Basic",2016,6
"khuhrxrj",16,"M","Basic",2016,6
"odeyzhzc",21,"M","Basic",2016,6
"gqvsmxpg",32,"M","Premium",2016,6
"igtfswrz",32,"M","Basic",2016,6
"mhecakvr",13,"M","Basic",2016,6
"zzaqcuoh",29,"M","Basic",2016,6
"unxjywzn",27,"F","Premium",2016,6
"oqnpfkyo",31,"F","Basic",2016,6
"sbipzfrd",38,"F","Basic",2016,6
"rnljydgs",29,"M","Basic",2016,6
"zpfihvzs",37,"M","Premium",2016,6
"xeexafzv",19,"M","Basic",2016,6
"rgtdpndo",36,"M","Basic",2016,6
"cmoxidkz",18,"M","Premium",2016,6
"bgbvogjr",30,"M","Basic",2016,6
"sezjwkxq",12,"F","Basic",2016,6
"tjkcegkg",32,"M","Basic",2016,6
"zcocgbpp",15,"F","Basic",2016,6
"kumatqhx",31,"F","Premium",2016,6
"ojqcjtvr",32,"F","Basic",2016,6
"gytgneiu",23,"F","Basic",2016,6
"qmhrkjna",25,"M","Basic",2016,6
"dkkvvvas",21,"M","Basic",2016,6
"xmlyktib",30,"F","Premium",2016,6
"oyrytjja",23,"M","Premium",2016,6
"nrmwwufg",19,"M","Basic",2016,6
"rrqimrry",32,"F","Basic",2016,6
"xjkpmxfp",38,"F","Basic",2016,6
"mofrddpj",10,"M","Premium",2016,6
"msmlphlb",36,"M","Basic",2016,6
"rzldysnv",11,"F","Basic",2016,6
"efrwdbxr",35,"M","Basic",2016,6
"ezrlwelt",17,"M","Basic",2016,6
"aatvkxrb",23,"M","Basic",2016,6
"wpqrpaal",24,"F","Basic",2016,6
"nmysnlei",15,"M","Basic",2016,6
"aqnlmoph",19,"M","Basic",2016,6
"zxrpjrhf",12,"M","Basic",2016,6
"eetrytpn",37,"M","Basic",2016,6
"gwqxzsgj",33,"M","Basic",2016,6
"igyfuhon",14,"M","Premium",2016,6
"ijialdke",38,"M","Basic",2016,6
"cbhawntx",10,"F","Premium",2016,6
"kumdmjtn",26,"M","Basic",2016,6
"vairpjek",19,"M","Basic",2016,6
"gjdldavf",38,"M","Premium",2016,6
"qotnnxpc",22,"F","Basic",2016,6
"gauqbjzv",35,"F","Basic",2016,6
"bcjsstwh",11,"F","Premium",2016,6
"jcwqbpzq",15,"F","Basic",2016,6
"shmzyykc",24,"M","Basic",2016,6
"xewjaias",23,"M","Basic",2016,6
"hvnemzic",37,"M","Basic",2016,6
"abuqjpjc",15,"F","Basic",2016,6
"oslfxxba",38,"M","Basic",2016,6
"taujgggr",19,"F","Basic",2016,6
"jrstbfmv",33,"F","Premium",2016,6
"iiqoauhy",15,"M","Basic",2016,6
"sozsfvsi",17,"F","Premium",2016,6
"jdnggatz",29,"F","Basic",2016,6
"lxrtnmix",37,"M","Basic",2016,6
"aaoqclmx",14,"F","Basic",2016,6
"yqhdhhzl",32,"M","Basic",2016,6
"ccalqeeh",19,"M","Premium",2016,6
"oaliugoh",17,"M","Premium",2016,6
"qkzvmuki",27,"M","Premium",2016,6
"ltsrsrws",15,"M","Premium",2016,6
"xnafjecu",35,"M","Basic",2016,6
"nuougkql",31,"F","Premium",2016,6
"uzvnxnte",31,"M","Premium",2016,6
"zkoajgxi",37,"M","Basic",2016,6
"htkhopso",13,"F","Basic",2016,6
"feecjgfp",25,"M","Premium",2016,6
"lzyjcjcr",15,"F","Basic",2016,6
"yoxwpovr",29,"M",NA,2016,6
"tvoilcvz",18,"M","Basic",2016,6
"feczkzqk",40,"F","Basic",2016,6
"yvlcpcox",34,"M","Basic",2016,6
"eefugthb",10,"F","Basic",2016,6
"wmzxxyai",15,"F","Basic",2016,6
"yjwoxdiy",13,"M","Basic",2016,6
"lvfxztub",12,"M","Premium",2016,6
"rsxcphqj",12,"M","Premium",2016,6
"aszmmttn",26,"M","Premium",2016,6
"pnlktfqu",40,"M","Basic",2016,6
"bdpknvgm",24,"M","Basic",2016,6
"fvpkppbx",39,"M","Premium",2016,6
"cjxuisum",10,"F","Basic",2016,6
"iofopivf",30,"F","Basic",2016,6
"aoqswqra",33,"M","Basic",2016,6
"atqdbemg",14,"M","Basic",2016,6
"kmdsjers",28,"M","Basic",2016,6
"ivhxiaas",22,"M","Premium",2016,6
"xxzvohqw",37,"M","Premium",2016,6
"dbtshkmp",20,"M","Premium",2016,6
"edyfbttz",27,"M","Basic",2016,6
"dqhnbqab",10,"F","Basic",2016,6
"tnbkgxog",21,"M","Basic",2016,6
"rljkxswb",33,"M","Basic",2016,6
"utqwpcty",11,"M","Basic",2016,6
"glqwxetb",32,"M","Basic",2016,6
"ohxspuro",39,"M","Basic",2016,6
"gmsmamxw",13,"F","Basic",2016,6
"nkcetqkj",22,"M","Basic",2016,6
"ovrkioku",27,"F","Basic",2016,6
"aqxmwbgk",28,"M","Basic",2016,6
"xxlamjyl",25,"M","Basic",2016,6
"temowplj",28,"F","Basic",2016,6
"bxwyzwzj",31,"M","Basic",2016,6
"aqqkjkoy",24,"M","Basic",2016,6
"bkeiqfbb",14,"M","Premium",2016,6
"zdepuukl",37,"M","Premium",2016,6
"bvkzuazd",27,"M","Basic",2016,6
"owadzace",35,"F","Basic",2016,6
"rhdaztqi",29,"M","Basic",2016,6
"vkpoteug",21,"M","Premium",2016,6
"uonzktig",37,"M",NA,2016,6
"lcttzzyk",24,"F","Basic",2016,6
"lghxpfje",22,"M","Basic",2016,6
"cczpdadi",40,"M","Premium",2016,6
"twclgraa",24,"M","Premium",2016,6
"cnceiwsu",37,"F","Premium",2016,6
"kffldggd",33,"M","Basic",2016,6
"srvdyotr",10,"M","Premium",2016,6
"qzskfugs",20,"M","Basic",2016,6
"wiydjmne",24,"M","Basic",2016,6
"ebfelikn",17,"M","Basic",2016,6
"xlqiglyt",10,"F","Basic",2016,6
"wyqsdzfr",11,"M","Premium",2016,6
"xtixitqo",26,"M","Basic",2016,6
"ybdkdefm",38,"F","Basic",2016,6
"wodqkqgq",15,"M","Basic",2016,6
"cqdvfmgs",20,"M","Basic",2016,6
"mhkxangy",21,"M","Basic",2016,6
"szmogvid",35,"M","Basic",2016,6
"pjyeuyfp",14,"M","Premium",2016,6
"rltnzuns",23,"F","Basic",2016,6
"rfvownvq",14,"M","Basic",2016,6
"krdxcrmq",31,"M","Basic",2016,6
"jlcasmwa",18,"M","Premium",2016,6
"gjckjsry",36,"M","Basic",2016,6
"lteycsfv",35,"M","Basic",2016,6
"axzlwiku",20,"M","Premium",2016,6
"jmjynbbx",40,"M","Basic",2016,6
"wjxjbjrw",28,"M","Basic",2016,6
"ruwvaxcg",13,"M","Basic",2016,6
"kbxnbyki",23,"M","Basic",2016,6
"pdarelcq",19,"F","Premium",2016,6
"uxqmqlkk",19,"F","Basic",2016,6
"riisvtvu",17,"M","Premium",2016,6
"dlshzkdt",36,"M","Basic",2016,6
"magiisum",10,"M","Basic",2016,6
"hzkgzjro",36,"M","Basic",2016,6
"nmuqovyg",40,"F","Premium",2016,6
"vjswdmtr",27,"F","Premium",2016,6
"tanlbqdx",19,"F","Basic",2016,6
"glnelhqc",30,"M","Basic",2016,6
"ymiieejj",26,"M","Basic",2016,6
"cyqyrgsv",11,"F","Basic",2016,6
"pxnriauy",26,"M","Basic",2016,6
"fvcibgfm",26,"M","Basic",2016,6
"kactsznb",39,"M","Premium",2016,6
"ucfrpikh",24,"F","Premium",2016,6
"abypabox",39,"M","Basic",2016,6
"jiklzpsz",10,"F","Basic",2016,6
"pogjfjuu",36,"F","Basic",2016,6
"vjzkheir",38,"F","Basic",2016,6
"xtrncral",31,"F","Basic",2016,6
"pzkflcat",37,"M","Premium",2016,6
"haffmagk",34,"M","Basic",2016,6
"aosplsog",29,"F","Basic",2016,6
"jrdkwfzq",16,"M","Basic",2016,6
"arakukue",12,"F","Basic",2016,6
"wclzzdax",36,"F","Basic",2016,6
"vkkdnmla",13,"F","Basic",2016,6
"dzlrycsf",14,"F","Premium",2016,6
"qmnzeeqm",39,"M","Basic",2016,6
"hpcgxfyo",28,"M","Basic",2016,6
"trjfoplj",22,"M","Basic",2016,6
"sbeoxygj",34,"M","Premium",2016,6
"hxshszee",32,"M","Basic",2016,6
"gysfvdod",10,"M","Basic",2016,6
"tlogfqqf",17,"M","Basic",2016,6
"yjkyykxn",40,"M","Basic",2016,6
"pinujnnu",12,"M","Basic",2016,6
"acxmehjd",10,"M","Basic",2016,6
"wjpvwfdq",17,"M","Premium",2016,6
"fvvbzdyg",14,"M","Basic",2016,6
"ksxgmocs",32,"F","Premium",2016,6
"pefvvzkj",32,"M","Premium",2016,6
"olwippft",28,"M","Basic",2016,6
"hebpudlb",20,"M","Basic",2016,6
"hhzuwtop",28,"M","Basic",2016,6
"kvtjeopt",36,"M","Basic",2016,6
"hgskempz",25,"M","Basic",2016,6
"frnvjeqq",36,"M","Basic",2016,6
"jyzwzfsg",28,"F","Basic",2016,6
"xffspbuv",16,"M","Basic",2016,6
"aflglmcc",29,"M","Premium",2016,6
"hbgnjayu",30,"M",NA,2016,6
"wkfxxkiw",18,"F","Basic",2016,6
"kickuors",38,"F","Basic",2016,6
"wrqvkgmg",19,"M","Basic",2016,6
"zrxtinuk",14,"F","Basic",2016,6
"fbrbtskn",15,"F","Basic",2016,6
"itusfigi",18,"F","Basic",2016,6
"igdsmfbq",18,"F","Basic",2016,6
"xzoopetl",10,"M","Basic",2016,6
"avmqcaae",25,"M","Basic",2016,6
"vctejvmg",11,"M","Basic",2016,6
"tqfsrcyk",29,"M","Basic",2016,6
"ldeoeowj",31,"F","Basic",2016,6
"ydjzphgj",16,"M","Basic",2016,6
"jhfmpluz",37,"F","Premium",2016,6
"txwscuxu",30,"M","Basic",2016,6
"npcqldku",34,"M","Premium",2016,6
"lijzajmr",29,"M","Basic",2016,6
"wxunozrg",24,"M","Premium",2016,6
"fkageeit",35,"M","Basic",2016,6
"ngrinlet",12,"M","Basic",2016,6
"dbsqvjfu",16,NA,"Basic",2016,6
"duvxbbam",32,"M","Basic",2016,6
"vrzyrgaf",11,"M","Basic",2016,6
"yqzegmce",40,"M","Basic",2016,6
"onroqvgz",10,"F","Basic",2016,6
"vzkdulnu",25,"F","Basic",2016,6
"secylhdt",12,"F","Basic",2016,6
"cnlsmjoq",30,"M","Premium",2016,6
"yxpahxen",31,"M","Premium",2016,6
"gdmjnemt",20,"M","Basic",2016,6
"hzehgytz",18,"M","Basic",2016,6
"cfhwngfz",34,"M","Basic",2016,6
"exvfpvgm",30,"M","Basic",2016,6
"cfdmwpsr",15,"F","Basic",2016,6
"psrwypun",36,"M","Basic",2016,6
"dpvzbxtn",38,"M","Basic",2016,6
"tbjcmyox",35,"M","Basic",2016,6
"rwkftsym",25,"F","Basic",2016,6
"jfextwxb",30,"F","Basic",2016,6
"frmckpwe",17,"M","Basic",2016,6
"arbasuax",24,"M","Basic",2016,6
"cemopbvb",29,"M","Basic",2016,6
"qgtwvggf",11,"M","Basic",2016,6
"brtrqxnc",22,"M","Basic",2016,6
"kgvzfsvu",19,"M","Basic",2016,6
"jtonnwof",28,"M","Basic",2016,6
"oqqptyba",22,"M","Basic",2016,6
"jkhtilmj",40,"F","Basic",2016,6
"sujqhhma",14,"F","Premium",2016,6
"rhjjgwcf",14,"M","Basic",2016,6
"afebezzd",17,"M","Basic",2016,6
"jzbzgmof",27,"F","Basic",2016,6
"fgcmppyk",40,"F","Basic",2016,6
"itmyzcfs",34,"F","Premium",2016,6
"zyyxgwnz",37,"M","Basic",2016,6
"utmphbzg",35,"M","Basic",2016,6
"girprdsc",24,"M","Basic",2016,6
"jzwvnwlc",25,"M","Basic",2016,6
"ghqvqsge",23,"M","Basic",2016,6
"fxfevwfw",34,"M","Basic",2016,6
"jicbnakn",33,"F","Basic",2016,6
"wmmwsjvg",10,"F","Basic",2016,6
"cittuybq",25,"M","Basic",2016,6
"xamqyzzv",37,"F","Basic",2016,6
"gxtyvhvl",32,"M","Basic",2016,6
"bkuewzcn",21,"M","Basic",2016,6
"gubgixvs",28,"M","Basic",2016,6
"lhddxzda",25,"M","Basic",2016,6
"ubdgkslk",21,"M","Basic",2016,6
"owkyvkyw",15,"F","Basic",2016,6
"kkoktgcl",30,"M","Premium",2016,6
"mbldtafk",30,"F","Basic",2016,6
"qkqyvdeh",28,"M","Basic",2016,6
"fbraatiz",33,"F","Basic",2016,6
"otuvdpvv",31,"M","Basic",2016,6
"nvyzsgbi",31,"M","Basic",2016,6
"tfujyitn",38,"M","Premium",2016,6
"lbeallhv",20,"F","Premium",2016,6
"aauvkgms",11,"M","Basic",2016,6
"qgbdbimz",37,"M","Basic",2016,6
"viiuieou",38,"M","Premium",2016,6
"mjifmvmj",27,"M","Basic",2016,6
"myypxekv",28,"M","Basic",2016,6
"byglxfyv",37,"M","Basic",2016,6
"klnioddl",10,"F","Premium",2016,6
"uaynanbd",14,"F","Basic",2016,6
"zfvbsngg",23,"M","Basic",2016,6
"zquxniui",11,NA,"Basic",2016,6
"nhuwlegj",40,"M","Basic",2016,6
"ztudnimr",18,"F","Basic",2016,6
"edjdmtly",30,"F","Basic",2016,6
"ixcaqaid",36,"F","Basic",2016,6
"mllghwfg",26,"F","Basic",2016,6
"fydwuhue",26,"F","Premium",2016,6
"iwegundr",17,"M","Basic",2016,6
"rtxsffeg",16,"M","Basic",2016,6
"vwczmxtg",21,"F","Basic",2016,6
"ggctaiqa",16,"M","Basic",2016,6
"cobowqgl",39,"M","Premium",2016,6
"aroyfcvi",25,NA,"Basic",2016,6
"sqvlcegx",11,"M","Basic",2016,6
"jctpjmkt",35,"M","Basic",2016,6
"bppguitq",28,"F","Basic",2016,6
"jfbtgigf",28,"F","Basic",2016,6
"xaheznpm",15,"F","Basic",2016,6
"elebmbxe",23,"F","Basic",2016,6
"houoynnj",19,"M","Basic",2016,6
"tldxygvq",12,"F","Basic",2016,6
"daetscza",29,"M","Basic",2016,6
"aayfixzu",11,"M","Basic",2016,6
"tcvsaelj",38,"M","Premium",2016,6
"ekpuyoca",15,"F","Basic",2016,6
"dzzzffig",14,"M","Basic",2016,6
"kqkwhcxi",39,"F","Basic",2016,6
"mnbnarpm",25,"M","Basic",2016,6
"pssubblr",16,"M","Basic",2016,6
"isccacbf",22,"M","Basic",2016,6
"jbfiicyb",17,"F","Basic",2016,6
"muolrnrc",40,"M","Basic",2016,6
"bhzxiovl",39,"F","Basic",2016,6
"xeepbvau",29,"M","Basic",2016,6
"ixrwqmip",21,"M","Basic",2016,6
"xxtiqcsc",30,"F","Basic",2016,6
"unlcwemg",27,"F","Basic",2016,6
"bolqmbgn",31,"M","Basic",2016,6
"zkthgkiz",36,"M","Premium",2016,6
"ywulylym",15,"M",NA,2016,6
"glbybowr",34,"F","Basic",2016,6
"xqbxkhuv",31,"F","Basic",2016,6
"aexdcjsk",12,"M","Basic",2016,6
"mtrbqivt",38,"M",NA,2016,6
"jtoqsjxt",27,"M","Basic",2016,6
"gkpzwgpu",26,"M","Basic",2016,6
"wlriljsd",18,"M","Basic",2016,6
"ccoxxoyt",24,"M","Premium",2016,6
"svzemcfq",19,"F","Basic",2016,6
"qjrevqrd",30,"M","Premium",2016,6
"aowthqvn",32,"F","Basic",2016,6
"athjbsxi",36,"M","Basic",2016,6
"czpxnufi",34,"F","Basic",2016,6
"yjirvdvs",15,"M","Premium",2016,6
"zgzudrna",21,"M","Basic",2016,6
"npfbqjzd",14,"M","Basic",2016,6
"jptkbjhn",21,"M","Basic",2016,6
"yzwnxxqb",25,"M","Basic",2016,6
"fprhylkf",16,"M","Basic",2016,6
"wjwilmcc",26,"M","Basic",2016,6
"mklwzbve",13,"M","Basic",2016,6
"xfvceqwx",35,"M","Basic",2016,6
"lxfjcgdx",40,"F","Basic",2016,6
"vmfjwmpw",17,"M","Basic",2016,6
"okvmiskw",34,"M","Basic",2016,6
"xgoeobdv",28,"F","Basic",2016,6
"nwuvgsqk",36,"F","Basic",2016,6
"emcvtqiy",21,"M","Premium",2016,6
"tlbpotly",19,"M","Basic",2016,6
"uiwpczfb",28,NA,"Basic",2016,6
"mssrlimt",29,"M","Basic",2016,6
"boydagpz",27,"M","Basic",2016,6
"xtbkiknq",24,"M","Basic",2016,6
"azspjano",33,"M","Basic",2016,6
"imxahogn",12,"M","Basic",2016,6
"vhiberkj",21,"F","Basic",2016,6
"lbfrltxf",34,"M","Basic",2016,6
"wzvupsax",40,"M","Basic",2016,6
"sxirbmvg",40,"M","Basic",2016,6
"tmojgjdt",29,"M","Basic",2016,6
"grammhyk",24,"F","Basic",2016,6
"psfvfmuz",15,"M","Basic",2016,6
"gopscdmw",40,"M","Basic",2016,6
"vjbhfyzp",32,"M","Basic",2016,6
"qjikilsy",14,"F","Basic",2016,6
"jbhfoylt",26,"F","Premium",2016,6
"drczdxsh",24,"F","Basic",2016,6
"zedbrjcd",40,"M","Basic",2016,6
"wkvkyfgc",14,"M","Premium",2016,6
"hyuzpaeb",21,"M","Basic",2016,6
"hmazjxeg",38,"M","Basic",2016,6
"chazobfq",12,"M","Basic",2016,6
"vyhtabeq",23,"M","Basic",2016,6
"idgjyxft",39,"M","Basic",2016,6
"bumqgwaw",15,"F","Basic",2016,6
"hcathzla",21,NA,"Basic",2016,6
"sfdsqmyq",38,"M","Basic",2016,6
"cpxaofby",21,"F","Basic",2016,6
"nqythetb",34,"M","Basic",2016,6
"tyjqfelk",20,"M","Basic",2016,6
"alhelmfm",28,"M","Basic",2016,6
"vyyamkqk",27,"M","Basic",2016,6
"mqxnbjyt",14,"M","Premium",2016,6
"fqrnvfqb",21,"M","Basic",2016,6
"vmwgcojr",23,"F","Premium",2016,6
"bdnpeagh",15,"M","Basic",2016,6
"dxlgadmu",32,"F","Basic",2016,6
"tgzbddrx",39,"M","Basic",2016,6
"ujspbqec",28,"F","Basic",2016,6
"rfnhjelo",10,"M","Basic",2016,6
"elmfxiyh",11,"M","Premium",2016,6
"kectapcj",31,"M","Basic",2016,6
"qfceewvu",16,"M","Basic",2016,6
"befjvhcu",24,"M","Premium",2016,6
"oqqnqagn",33,"M","Basic",2016,6
"sfaktgrl",18,"M","Premium",2016,6
"tcjeeclf",10,"F","Basic",2016,6
"qdpenqhq",40,"M","Premium",2016,6
"dokpkran",14,"M","Basic",2016,6
"mslhpjbu",37,"M","Basic",2016,6
"tlforldm",27,"M","Basic",2016,6
"txugeyup",28,"M","Premium",2016,6
"mfuohlyu",11,"F","Basic",2016,6
"ssrmyvyt",33,"M","Basic",2016,6
"bvzfmyzn",36,"M","Basic",2016,6
"xvxnhfky",26,"M","Basic",2016,6
"rhglexoq",13,"M","Basic",2016,6
"vytwfqxz",31,"M","Basic",2016,6
"bocgcwzw",34,"M","Basic",2016,6
"shgpddgq",25,"M","Basic",2016,6
"yntfeuvh",28,"M","Premium",2016,6
"uzskcbhf",26,"M","Basic",2016,6
"ztlezqnt",36,"M","Basic",2016,6
"aqetplwb",35,"M","Basic",2016,6
"gclphizv",38,"M","Basic",2016,6
"rwvssekx",21,"M","Basic",2016,6
"vukravfi",23,"M","Basic",2016,6
"noueuoub",40,"M","Basic",2016,6
"xxnhuodv",31,"M","Basic",2016,6
"chyjvnch",36,"M","Premium",2016,6
"amnkbbuo",14,"F","Premium",2016,6
"yhfyalwx",33,"M","Basic",2016,6
"beswrtzr",30,"M","Basic",2016,6
"sqdtiubb",13,"M","Basic",2016,6
"zopmnimk",17,"M","Basic",2016,6
"lcjwlvky",36,"M","Basic",2016,6
"rjaawlgc",25,"F","Basic",2016,6
"hyuhplgf",21,"M","Basic",2016,6
"rkhilndz",17,"F","Basic",2016,6
"eeardivn",15,"F","Basic",2016,6
"yrmhacyy",20,"M","Basic",2016,6
"lyjwhjjt",38,"M","Basic",2016,6
"pfqdwrui",29,"M","Basic",2016,6
"iadvrdsa",26,"F","Basic",2016,6
"vlualebt",35,"F","Basic",2016,6
"zbclfciu",31,"M","Basic",2016,6
"bjehskyc",11,"F","Basic",2016,6
"oolslevr",21,"M","Basic",2016,6
"dxcawttb",26,"M","Premium",2016,6
"yipsekso",33,"M","Basic",2016,6
"zzagfdyz",20,"M","Basic",2016,6
"kajgmiux",10,"F","Basic",2016,6
"kfckwhtr",12,"M","Basic",2016,6
"apwtpept",16,"F","Premium",2016,6
"lbhpvmpf",13,"M","Basic",2016,6
"ubvyduto",26,"M","Basic",2016,6
"jikmlwfx",40,"F","Premium",2016,6
"calwhtch",22,"M","Basic",2016,6
"egrfraur",35,"F","Basic",2016,6
"mmjkugog",36,"M","Basic",2016,6
"qunlufah",36,"F","Basic",2016,6
"ztnssljm",16,"F","Basic",2016,6
"vijsnjwx",22,"F","Basic",2016,6
"kqbuaqae",14,"M","Basic",2016,6
"pcdrqrim",24,"F","Basic",2016,6
"lbkpttos",35,"M","Premium",2016,6
"syomrdcr",29,"M","Basic",2016,6
"akmxltiu",14,"M","Premium",2016,6
"bojmafet",22,"M","Basic",2016,6
"yksbtbqw",31,"F","Basic",2016,6
"aczdsjag",16,"F","Basic",2016,6
"mxeusknz",25,"F","Basic",2016,6
"dpudbdbp",11,"M","Premium",2016,6
"eufoidtj",11,"M","Premium",2016,6
"tmlmjurq",34,"M","Basic",2016,6
"jgkksvsb",10,"M","Basic",2016,6
"ewcjzfap",11,"M","Premium",2016,6
"pdczaxpn",38,"M","Basic",2016,6
"kllypavl",13,"F","Basic",2016,6
"qjwmzivg",15,"F","Basic",2016,6
"cndpdxzz",15,"M","Basic",2016,6
"jiqwtwsc",15,"F","Premium",2016,6
"zjgckbkl",20,"F","Basic",2016,6
"ynxeasdc",21,"M","Basic",2016,6
"wqehcehq",35,"M","Premium",2016,6
"ejeqqdtd",22,"M","Basic",2016,6
"rnzgugny",40,"M","Basic",2016,6
"ormwtpcf",23,"M","Premium",2016,6
"ldygchbe",14,"F","Basic",2016,6
"gigcmzkf",37,"F","Basic",2016,6
"ekxdtkmx",21,"F","Premium",2016,6
"rpwfwldi",30,"M","Basic",2016,6
"bcfocqvk",21,"M","Basic",2016,6
"iabvcdfi",20,"M","Basic",2016,6
"pxxdhzjr",29,"M","Premium",2016,6
"xecslicg",10,"F","Basic",2016,6
"cpsbjsru",30,"M","Basic",2016,6
"xjtaskgd",33,"M","Basic",2016,6
"mbqervsa",16,"M","Basic",2016,6
"wxocdpwn",23,"F","Basic",2016,6
"epaqpakd",22,"F","Basic",2016,6
"xyinrqny",21,"M","Basic",2016,6
"lvkyqidj",33,"F","Basic",2016,6
"fdmumxms",38,"M","Premium",2016,6
"xotximyc",14,"F","Premium",2016,6
"lmogiyuq",24,"F","Basic",2016,6
"befymhej",26,"M","Basic",2016,6
"rzjnlzrh",10,"M","Basic",2016,6
"qxfhsotr",32,"M","Basic",2016,6
"skqbmdsu",31,"F","Basic",2016,6
"pofhydzd",38,"M","Premium",2016,6
"axzhdjlv",22,"M","Basic",2016,6
"qagvuerz",32,"F","Basic",2016,6
"qoxehamn",36,"M","Basic",2016,6
"osoejeet",24,"M","Basic",2016,6
"yebjrfxa",24,"M","Premium",2016,6
"ncliayoi",29,"F","Basic",2016,6
"cymshqne",11,"F","Basic",2016,6
"ypaffigo",30,"F","Basic",2016,6
"icyquznw",38,"M","Basic",2016,6
"mzpdieqe",25,"F","Basic",2016,6
"geofnmbu",33,"M","Basic",2016,6
"ssaebqnd",16,"M","Basic",2016,6
"eimsvyrb",12,"M","Basic",2016,6
"wansfqcq",15,"M","Premium",2016,6
"ygqsloip",32,"M",NA,2016,6
"zxtvwiyx",37,NA,"Basic",2016,6
"ywxdclbt",15,"M","Basic",2016,6
"dvqiekex",19,"M","Premium",2016,6
"wserixgx",13,"M","Basic",2016,6
"orltvnih",39,"F","Basic",2016,6
"blkxtivw",40,"M","Basic",2016,6
"mcmygsze",24,"M","Basic",2016,6
"ubslbwle",12,"M","Premium",2016,6
"qwvsdcyx",36,"F","Basic",2016,6
"kbdtmumh",23,"M","Basic",2016,6
"lzdngolf",26,"M","Basic",2016,6
"dlamkcvk",14,"F","Premium",2016,6
"cypvxcxc",21,NA,"Basic",2016,6
"whciltbq",11,"M","Basic",2016,6
"excvhicc",23,"M","Basic",2016,6
"qlipfbws",20,"F","Premium",2016,6
"mvxtijwa",27,"F","Premium",2016,6
"usvrnzyb",13,"F","Basic",2016,6
"qkaggpqu",36,"M","Basic",2016,6
"fkbwdxev",21,"M","Premium",2016,6
"mfvpyleg",37,"M","Basic",2016,6
"oexmimqh",23,"M","Basic",2016,6
"ofphabxi",32,"M","Premium",2016,6
"bdhklyfj",30,"F","Basic",2016,6
"ekgmbkmp",17,"F","Basic",2016,6
"covnhcra",30,"F","Basic",2016,6
"gsuaazad",30,"M","Basic",2016,6
"rknxrirx",30,"F","Basic",2016,6
"ifmbnole",33,"M","Basic",2016,6
"zsxmfgks",19,"M","Basic",2016,6
"kyxwwqqk",32,"F","Basic",2016,6
"fnrtcwag",36,"M","Basic",2016,6
"ssoyumbk",22,"M","Premium",2016,6
"abkjuyef",39,"M","Basic",2016,6
"uzhyqfri",39,"M","Basic",2016,6
"yibuqqnz",29,"M","Basic",2016,6
"bgtjfocw",32,"M","Basic",2016,6
"xiiejaks",23,"M","Premium",2016,6
"qpwohmhf",18,"F","Basic",2016,6
"vprshpua",21,"F","Premium",2016,6
"pbfvrjjw",21,"M","Basic",2016,6
"vzfffkki",40,"M","Premium",2016,6
"ozehkijp",15,"M","Basic",2016,6
"tgkaaqfz",15,"M","Premium",2016,6
"wtybtmfu",23,"M","Basic",2016,6
"nfgjpcbl",22,"M","Premium",2016,6
"pgnnlvqx",18,"M","Basic",2016,6
"dtzxnmwn",20,"M","Basic",2016,6
"ffudloff",25,"M","Premium",2016,6
"zfnnqjbq",37,"M","Basic",2016,6
"oigravdb",27,"M","Basic",2016,6
"portqmcq",17,"F","Basic",2016,6
"qtcscods",39,"F","Basic",2016,6
"wghbzqeq",10,"M","Basic",2016,6
"fvvqwdzl",17,"M","Premium",2016,6
"qegxqqgw",13,"F","Premium",2016,6
"jgpwkdys",28,"F","Basic",2016,6
"oqtajbrk",35,"M","Basic",2016,6
"tlmdqzfp",27,"M","Basic",2016,6
"uxpeevun",15,"F","Basic",2016,6
"dbkdvrhj",36,"M","Basic",2016,6
"dizlunni",18,"M","Premium",2016,6
"rjdsbnmm",25,"M","Basic",2016,6
"rrqzyapc",11,"M","Basic",2016,6
"pseznwzt",18,"F","Basic",2016,6
"bjtqfout",23,"F","Basic",2016,6
"drrvtwlm",15,"F","Basic",2016,6
"zkjoopzd",28,"M","Basic",2016,6
"ctzdyroj",37,"M","Basic",2016,6
"mgoyesun",29,"M","Basic",2016,6
"jggnrgzj",31,"F","Basic",2016,6
"blnttczo",10,"F","Basic",2016,6
"hsavbrpa",23,"M","Basic",2016,6
"pqwhcyjp",20,"M","Basic",2016,6
"uwupyjio",32,"M","Basic",2016,6
"kaqrzmhy",18,"M","Basic",2016,6
"bvcpzjha",23,"F","Premium",2016,6
"jhueeqql",17,"M","Basic",2016,6
"xzvodxtq",40,"M","Basic",2016,6
"uvfrferf",30,"F","Basic",2016,6
"taiynqey",34,"M","Basic",2016,6
"fukgahmg",28,"M","Basic",2016,6
"jggzsfev",11,"F","Basic",2016,6
"jespypch",22,"F","Basic",2016,6
"fwcfqxcb",25,"M","Premium",2016,6
"zjzqonkb",23,"M","Premium",2016,6
"uytcljen",24,"M","Premium",2016,6
"gwgrbiyq",25,"F","Basic",2016,6
"sratqcea",27,"F","Basic",2016,6
"lsiurivd",33,"M","Premium",2016,6
"cizdsvzr",15,"M","Basic",2016,6
"ridycmxx",27,"M","Basic",2016,6
"egauzzyt",26,"M","Basic",2016,6
"qvhblnzi",35,"M","Premium",2016,6
"cxflhazb",22,"M","Basic",2016,6
"ysdcxrbx",31,"M","Basic",2016,6
"lgjljfyh",17,"M","Basic",2016,6
"emmloxsh",38,"M","Basic",2016,6
"anuwcfjz",36,"M","Basic",2016,6
"sijtbaoa",19,"M","Basic",2016,6
"mdtrejma",24,"M","Premium",2016,6
"mflazdan",17,"M","Basic",2016,6
"klngueik",35,"F","Basic",2016,6
"ssgohvjm",18,"M","Basic",2016,6
"zszeltci",23,"M","Premium",2016,6
"yiefdtxt",10,"M","Basic",2016,6
"qgzcelyn",12,"M","Basic",2016,6
"gvfqdfkz",19,"M","Basic",2016,6
"dkxubckf",38,"M","Premium",2016,6
"pnosfkta",12,"F","Basic",2016,6
"azbemntn",14,"M","Basic",2016,6
"afaqsqdw",10,"M","Basic",2016,6
"mlhjlckh",22,"F","Basic",2016,6
"uhysruir",39,"M","Basic",2016,6
"ycefqcmc",29,"F","Premium",2016,6
"jdpofzzv",29,"M","Premium",2016,6
"dxjfdzhu",32,"M","Basic",2016,6
"cnerkalv",39,"M","Basic",2016,6
"dnnouoch",20,"F","Basic",2016,6
"eisaomea",33,"M","Premium",2016,6
"uxhekgme",23,"F","Basic",2016,6
"fbvtjacx",16,"M","Basic",2016,6
"cuqfbbsi",12,NA,"Basic",2016,6
"kclyumig",36,"M","Basic",2016,6
"lhsymtly",28,"M","Premium",2016,6
"pebzbbxg",38,"M","Basic",2016,6
"djemwnhg",29,"M","Basic",2016,6
"mxcfmmxv",20,"M","Basic",2016,6
"firmgqll",40,"M","Premium",2016,6
"jjjdaahe",20,"M","Basic",2016,6
"zyrlqzfl",20,"M","Basic",2016,6
"dqjitehx",21,"F","Basic",2016,6
"ehmxbjbh",27,"M","Premium",2016,6
"kiueqpqx",10,"F","Premium",2016,6
"leeffsdo",16,"F","Basic",2016,6
"vkpshsno",19,"M","Basic",2016,6
"gxzbyfpq",23,"M","Premium",2016,6
"bzkgawvy",27,"F","Basic",2016,6
"whesiylk",14,"F","Basic",2016,6
"dabdmdsv",27,"F","Basic",2016,6
"noscpltd",30,"M","Basic",2016,6
"gjakjvdz",21,"M","Premium",2016,6
"szdgaowj",31,"M","Basic",2016,6
"dchdjrye",11,"M","Basic",2016,6
"rwdfbmeb",24,"M","Basic",2016,6
"jrrgwbuf",38,"M","Basic",2016,6
"btvlsqps",23,"M","Basic",2016,6
"vsiuhckp",25,"F","Premium",2016,6
"wobcsrfm",15,"M","Basic",2016,6
"ananqynd",39,"M","Basic",2016,6
"iuzdqfzc",40,"F","Basic",2016,6
"qssuvjdi",26,"M","Basic",2016,6
"bajxwvff",19,"M","Basic",2016,6
"dhgholxt",11,"M","Premium",2016,6
"pijskicx",32,"M","Basic",2016,6
"vwajwmuj",23,"M","Basic",2016,6
"japdsinm",30,"M","Basic",2016,6
"dtefpiqn",21,"M","Basic",2016,6
"byufitam",10,"F","Basic",2016,6
"hypixxnh",40,"F","Basic",2016,6
"fzfwrdbl",32,"M","Premium",2016,6
"qyeplkty",28,"F","Basic",2016,6
"klumbkwj",11,"M","Basic",2016,6
"znewxnva",23,"F","Basic",2016,6
"dtwhnqnc",34,"F","Basic",2016,6
"wpsbunan",16,"M","Basic",2016,6
"hypvywqi",20,"F","Basic",2016,6
"ijdulyms",26,"M","Basic",2016,6
"kghdjqdy",29,"F","Basic",2016,6
"rfrwsjwl",30,"F","Premium",2016,6
"kkfhxzad",33,"F","Basic",2016,6
"qwonbzzk",14,"M","Basic",2016,6
"qprcvtpt",38,"M","Basic",2016,6
"iaxfzztl",31,"M","Basic",2016,6
"ceitlaua",10,"M","Basic",2016,6
"pgjjhbds",18,"F","Basic",2016,6
"xxdipceu",10,"M","Basic",2016,6
"gvzzwwzy",36,"F","Basic",2016,6
"vamvgrrp",18,"M","Basic",2016,6
"tonrmobo",28,"F","Basic",2016,6
"rjzgiakg",38,"M","Basic",2016,6
"xgnmwxix",18,"F","Premium",2016,6
"mjxdseat",30,"F","Premium",2016,6
"haylqurs",11,"M","Basic",2016,6
"svdwjrez",19,"M","Basic",2016,6
"tzadelrh",13,"M","Basic",2016,6
"dzswxyzr",16,"M","Basic",2016,6
"vvtxadtk",24,"M","Premium",2016,6
"lfhbpxyh",27,"M","Premium",2016,6
"qrdzjhcb",37,"M","Basic",2016,6
"bvszpusa",10,"M","Basic",2016,6
"raibkiub",19,"F","Basic",2016,6
"adjnxmhx",14,"F","Basic",2016,6
"whqpxpjg",19,"M","Premium",2016,6
"xzgmaecc",13,"M","Basic",2016,6
"hpgpxilo",27,"M","Premium",2016,6
"gtatzawb",13,"M","Basic",2016,6
"dzblomng",33,"F","Basic",2016,6
"sldljpsi",36,"M","Basic",2016,6
"oezmhooa",25,"M","Basic",2016,6
"hjhubcpz",38,"M","Basic",2016,6
"nkssvign",38,"M","Basic",2016,6
"itghyorr",36,"M","Basic",2016,6
"zwimemic",18,"M","Basic",2016,6
"xfwfryns",35,"M","Basic",2016,6
"crcnzyqi",20,"M","Basic",2016,6
"dkdxkgvz",23,"M","Basic",2016,6
"jromhbxh",38,"M","Basic",2016,6
"vkbslznj",18,"M","Premium",2016,6
"dyvaakll",21,"M","Basic",2016,6
"lmvdabod",18,"F",NA,2016,6
"tdatkqvz",33,"M","Basic",2016,6
"mrxjaqul",38,"F","Premium",2016,6
"wdglgtsk",11,"F","Basic",2016,6
"twioviuz",10,"M","Basic",2016,6
"essrbbli",35,"F","Basic",2016,6
"erimeolb",18,"F","Premium",2016,6
"rbixwnhb",40,"M","Premium",2016,6
"vmmtmjtt",12,"M","Basic",2016,6
"cjelnigd",20,"M","Basic",2016,6
"gjcrqrqu",14,"M","Basic",2016,6
"qyfdxwxs",14,"M","Basic",2016,6
"ezrjspas",37,"M","Basic",2016,6
"usomtyvj",10,"M","Basic",2016,6
"qfhkcwmo",36,"F","Basic",2016,6
"ylshehxn",27,"M","Basic",2016,6
"omcsbkbb",40,"F","Basic",2016,6
"omscdvfy",32,"M","Basic",2016,6
"bekxdyep",33,"M","Basic",2016,6
"kakqwgrq",38,"M","Basic",2016,6
"uzqayxrk",27,"M","Basic",2016,6
"tophfwkw",40,"M","Basic",2016,6
"ufjuqgkn",36,"M","Basic",2016,6
"ajblotvd",12,"M","Premium",2016,6
"gbghvvxe",21,"M","Basic",2016,6
"zuixegfe",35,"F","Premium",2016,6
"wopvnpyb",26,"F","Premium",2016,6
"hzuxkehp",24,"F","Basic",2016,6
"elctalxw",27,"F","Basic",2016,6
"erlammpl",34,"M","Basic",2016,6
"kkjlwmiw",31,"M","Basic",2016,6
"kuckldhs",14,"M","Basic",2016,6
"zzduxljq",25,"M","Basic",2016,6
"ukxyfiqw",13,"F","Basic",2016,6
"xgiefqoq",39,"M","Basic",2016,6
"djhqadey",34,"M","Basic",2016,6
"kowtvdjo",36,"M","Basic",2016,6
"ayrmlkmq",26,"M","Basic",2016,6
"qpvnqxws",10,"M","Basic",2016,6
"kpedfddt",38,"M","Basic",2016,6
"bycsmide",27,"M","Premium",2016,6
"sdjkofjv",39,"F","Basic",2016,6
"hlxkermr",37,"M","Basic",2016,6
"ibtdwhts",24,"M","Basic",2016,6
"yptpusdn",11,"M","Basic",2016,6
"jlxiivkt",10,"M","Basic",2016,6
"dcovjcrc",16,"F","Premium",2016,6
"sxquubpr",12,"F","Basic",2016,6
"racwzizu",32,"M","Basic",2016,6
"nrsjfqmi",20,"M","Basic",2016,6
"ckfcvftk",18,"F","Basic",2016,6
"deokavxm",18,"M","Basic",2016,6
"aqovdgjf",38,"M","Basic",2016,6
"qmgbikpw",13,"M","Basic",2016,6
"mevmkjpx",19,"F","Basic",2016,6
"wyztgfuk",26,"M","Basic",2016,6
"cwijayln",29,"M","Basic",2016,6
"eipaxlmk",24,"M","Basic",2016,6
"xqcxhbgg",22,"M","Premium",2016,6
"vzecjwnr",18,"F","Premium",2016,6
"qmzlzxxp",37,"M","Basic",2016,6
"dmwsdksx",35,"M","Premium",2016,6
"cmaopmte",10,"M","Premium",2016,6
"ozfsgpya",27,"M","Premium",2016,6
"kdueszuf",16,"M","Basic",2016,6
"qnxjcuqq",22,"M","Premium",2016,6
"mwydhhyz",18,"F","Basic",2016,6
"avmyllaq",13,"F","Basic",2016,6
"kthrztbb",14,"F","Basic",2016,6
"kdovtubw",10,"M","Basic",2016,6
"cfczgjcc",38,"M","Basic",2016,6
"hrrufkwr",38,"M","Basic",2016,6
"ngrbubzo",25,"F","Basic",2016,6
"nqfocrzt",23,"M","Premium",2016,6
"gijaures",19,"F","Basic",2016,6
"lcacgtwe",26,"F","Premium",2016,6
"kkmkdttj",29,"F","Premium",2016,6
"mlxuwvvo",11,"M","Basic",2016,6
"mtmejaoz",38,"F","Premium",2016,6
"xmbaiyjn",36,"F","Basic",2016,6
"cqqjlyqw",12,"M","Basic",2016,6
"vjcyfciy",20,"F","Basic",2016,6
"bpmixgqp",28,"M","Basic",2016,6
"qactcquc",30,"M","Basic",2016,6
"oldbjwpx",38,"F","Basic",2016,6
"cglxxoob",14,"F","Basic",2016,6
"oultnajz",12,"M","Basic",2016,6
"ujakqfvb",28,"M","Basic",2016,6
"cqumdzrd",34,"M","Basic",2016,6
"bcrsiszp",21,"M","Basic",2016,6
"psrssqzm",16,"F","Basic",2016,6
"akdadzvu",30,NA,"Basic",2016,6
"sftjcfhv",33,"M","Premium",2016,6
"hyetwnzt",30,"F","Basic",2016,6
"gfvjvcvb",32,"M","Basic",2016,6
"fwyriawi",14,"M","Basic",2016,6
"sttvxrkf",25,NA,"Premium",2016,6
"yxeltmbz",36,"M","Basic",2016,6
"pzmrknyk",31,"M","Basic",2016,6
"qoodbnws",35,"F","Basic",2016,6
"bnovlrgu",26,"F","Basic",2016,6
"tljophrp",18,"M","Basic",2016,6
"jqdzpgjf",20,"M","Basic",2016,6
"akqcorwf",24,"M","Basic",2016,6
"qdzdvaqi",10,"F","Basic",2016,6
"ifngvpea",31,"F","Basic",2016,6
"pylqywpy",31,"F","Basic",2016,6
"pfaecmty",21,"M","Basic",2016,6
"keicggct",36,"F","Basic",2016,6
"jawrjshj",26,"M","Basic",2016,6
"liqmglga",37,"M","Basic",2016,6
"xhmbooab",30,"M","Basic",2016,6
"ypkyzhai",21,"F","Basic",2016,6
"vhztcjwp",26,"M","Premium",2016,6
"onzzssfm",13,"M","Premium",2016,6
"myotxwvm",36,"M","Basic",2016,6
"oqgejohw",20,"M","Basic",2016,6
"sswnckdi",15,"F","Basic",2016,6
"rheabgqa",12,"M","Basic",2016,6
"qynvvjwj",30,"M","Basic",2016,6
"jtfldnfv",28,"M","Premium",2016,6
"osvebhgf",21,NA,"Basic",2016,6
"gdnlwutz",32,"M","Basic",2016,6
"rlrrwevp",32,"M","Premium",2016,6
"vgjcozyv",22,"M","Premium",2016,6
"udccoekh",29,"M","Basic",2016,6
"hqdfuiix",39,"M","Premium",2016,6
"dptnesit",28,"F","Basic",2016,6
"dxktaqxh",32,"M","Basic",2016,6
"ttouanan",25,"M","Basic",2016,6
"buxqlkrw",30,"F","Premium",2016,6
"dlcsjcsp",39,"F","Basic",2016,6
"wmwnghnt",20,"M","Basic",2016,6
"gegawabw",19,"M","Basic",2016,6
"ivelbjpg",12,"F","Basic",2016,6
"madtjawn",36,"M","Basic",2016,6
"ezhzusdu",14,"M","Basic",2016,6
"kyzoueks",33,"F","Premium",2016,6
"qjpjnmrx",15,"M","Premium",2016,6
"pgblagdt",11,"M","Basic",2016,6
"isdvbwgm",31,"M","Premium",2016,6
"pegjviqn",24,"M","Basic",2016,6
"bseprdel",24,"M","Basic",2016,6
"mkpgejwz",32,"M","Basic",2016,6
"nsgguvri",31,"M","Basic",2016,6
"ocxcdpjv",29,"F","Basic",2016,6
"owbnhtng",16,"M","Premium",2016,6
"ccwuqxoq",13,"M","Basic",2016,6
"lyjisgbz",17,"M","Basic",2016,6
"oafgqjcp",32,"F","Basic",2016,6
"tzlkkrkd",18,"F","Basic",2016,6
"pmgijqwf",14,"F","Basic",2016,6
"yhqgqwjx",13,NA,"Premium",2016,6
"zpxwsbeb",16,"M","Basic",2016,6
"hqxlosxs",23,"M","Basic",2016,6
"jzprspkq",40,"F","Premium",2016,6
"hpcymnap",19,"M","Basic",2016,6
"dqycqbzc",37,"M","Basic",2016,6
"agxdbykx",19,"M","Premium",2016,6
"qpalsztr",22,"M","Basic",2016,6
"baesbtbp",28,"M","Basic",2016,6
"rklpejwb",16,"M","Basic",2016,6
"gmhbjkhe",23,"F","Basic",2016,6
"fhnkfyrw",31,"M","Basic",2016,6
"gceilyfu",27,"M","Basic",2016,6
"xeqfqnci",22,"F","Basic",2016,6
"csilwcmo",32,"F","Basic",2016,6
"hzqibbwu",35,"F","Basic",2016,6
"jcrminbn",29,"M","Basic",2016,6
"poiiiplj",21,"M","Basic",2016,6
"jzurjgwb",32,"F","Basic",2016,6
"wtkzfbyu",34,"M","Basic",2016,6
"eolqptst",29,"F","Basic",2016,6
"zlmrmgaf",15,"F","Premium",2016,6
"pmyuwlmq",25,"M","Premium",2016,6
"qngfvgtv",39,"M","Premium",2016,6
"tlayuxcr",21,"F","Basic",2016,6
"nahydtua",34,"F","Basic",2016,6
"pmqbgcwa",23,"M","Basic",2016,6
"juepspjh",38,"M","Basic",2016,6
"wiiltkli",13,"F","Premium",2016,6
"tgwdtapy",34,"M","Basic",2016,6
"ftwhlagc",11,"M","Basic",2016,6
"lkdxfggt",25,"F","Premium",2016,6
"ixirwfab",12,"F","Basic",2016,6
"cfbsxqwe",16,"M","Basic",2016,6
"evtorqte",26,"M","Premium",2016,6
"rerwarrn",29,"M","Premium",2016,6
"girkcrlp",10,"M","Premium",2016,6
"eebzwzoo",38,"M","Basic",2016,6
"xfirsset",17,"F","Premium",2016,6
"geiwmzum",37,"M","Basic",2016,6
"fdujoeqa",29,"M","Basic",2016,6
"hkzlhjnd",34,"M","Premium",2016,6
"xnkkdzpa",16,"M","Basic",2016,6
"sufcizyr",39,"F","Basic",2016,6
"jgrsjdss",11,"M","Basic",2016,6
"maoextvg",30,"M","Basic",2016,6
"gbrebemn",34,"M","Basic",2016,6
"ubrmebrj",11,"M","Basic",2016,6
"ocwtfcqv",14,"M","Basic",2016,6
"egsvpwxf",23,"M","Basic",2016,6
"pgdshscy",15,"M","Basic",2016,6
"usezowol",29,"M","Basic",2016,6
"jyeofhlm",31,"M","Basic",2016,6
"ukgrzxsw",21,"M","Basic",2016,6
"mfgoltnn",34,"F","Basic",2016,6
"bxfzkyaa",27,"M","Basic",2016,6
"rvagyhow",12,"M","Basic",2016,6
"kraxrwqp",36,"F","Basic",2016,6
"szgkktoa",22,"M","Basic",2016,6
"jaroqclb",26,"F","Basic",2016,6
"lbpckoom",32,"M","Basic",2016,6
"kaotyrrq",32,"M","Basic",2016,6
"wvmkzahl",13,"M","Premium",2016,6
"vdrjgzky",30,"M","Basic",2016,6
"ntlgzikj",14,"F","Basic",2016,6
"eredkgmh",28,"M","Basic",2016,6
"jfaiwyzx",10,"M","Basic",2016,6
"ljwwepes",35,"M","Premium",2016,6
"peyqbdxp",26,"M","Premium",2016,6
"hlkhmvgb",25,"M","Premium",2016,6
"bytirwov",18,"M","Basic",2016,6
"gzkuixbu",16,"M","Basic",2016,6
"rnguznrp",30,"M","Basic",2016,6
"vctxubvn",15,"F","Basic",2016,6
"jmunouka",22,"M","Premium",2016,6
"aotlerzp",18,"M","Basic",2016,6
"feerzxhm",11,"F","Basic",2016,6
"xuiooaln",22,"F","Basic",2016,6
"ehjnxpdy",15,"M","Basic",2016,6
"ugvbmcpy",15,"M","Basic",2016,6
"szehmwir",23,"M","Basic",2016,6
"dhhhakjk",38,"M","Basic",2016,6
"ihwzirlv",21,"M","Basic",2016,6
"dzyqiplk",20,"F","Basic",2016,6
"qicsmyti",35,"M","Basic",2016,6
"xnimiqjw",25,"M","Basic",2016,6
"zmxepvfe",32,"M","Basic",2016,6
"quedngsj",22,"M","Basic",2016,6
"nwtbgxsj",21,"M","Basic",2016,6
"okggqhdv",15,"M","Basic",2016,6
"pkozsard",12,"M","Premium",2016,6
"jkfbqbxk",39,"M","Basic",2016,6
"tuivkcvo",31,"F","Basic",2016,6
"zoisnauc",30,"M","Basic",2016,6
"sbhkyprt",37,"F","Basic",2016,6
"kzfxqmbl",17,"F","Basic",2016,6
"nxbdirst",17,"M","Basic",2016,6
"lnqtkojw",23,"M",NA,2016,6
"bzwwimvr",35,"M","Basic",2016,6
"hjvnmqft",18,"M","Premium",2016,6
"ppxuepks",10,"M","Premium",2016,6
"vuczegax",11,"F","Premium",2016,6
"sokelomn",32,"F","Basic",2016,6
"jyqvxmuw",17,"F","Premium",2016,6
"afefbsgi",19,"F","Basic",2016,6
"xknfeclq",26,"M","Basic",2016,6
"ddqkkdfg",28,"F","Basic",2016,6
"vbjioaik",26,NA,"Basic",2016,6
"ocntfmux",23,"F","Basic",2016,6
"hkomjopo",33,"M","Basic",2016,6
"yvmdrvik",23,"F","Basic",2016,6
"itmemvkp",20,"M","Basic",2016,6
"coxbydbs",38,"F","Basic",2016,6
"oashldyr",29,"M","Basic",2016,6
"uwufudor",16,"M","Basic",2016,6
"bepnumim",21,"M","Basic",2016,6
"cofpysqx",10,"F","Basic",2016,6
"dblccxfn",20,"M","Basic",2016,6
"phjksvgs",11,"F","Basic",2016,6
"sivijrhz",26,"M","Premium",2016,6
"awmqbkdg",28,"M","Basic",2016,6
"ncvehukb",15,"F","Basic",2016,6
